queue_rank,song_id,canonical_artist,canonical_title,first_release_year,dad_favorite_source_count,dad_source_count,appears_on_dad_favorite_source,popularity_score,popularity_status,recognition_status
1,Sa4ee556ca7,The Beatles,Can't Buy Me Love,,3,4,1,,not_enriched,unreviewed
2,Sc0bc556bcf,The Beatles,Something,,3,3,1,,not_enriched,unreviewed
3,S24475ce876,The Beatles,Love Me Do,,2,4,1,,not_enriched,unreviewed
4,S162d6ccd34,The Beatles,Yesterday,,2,3,1,,not_enriched,unreviewed
5,S1b158718b3,Tom Petty and the Heartbreakers,American Girl,,2,3,1,,not_enriched,unreviewed
6,S3bc31fcfc3,The Beatles,She Loves You,,2,3,1,,not_enriched,unreviewed
7,S3f5840168e,Tom Petty and the Heartbreakers,Breakdown,,2,3,1,,not_enriched,unreviewed
8,S430026535d,Rod Stewart,Maggie May,,2,3,1,,not_enriched,unreviewed
9,S4a61764f1a,Tom Petty and the Heartbreakers,The Waiting,,2,3,1,,not_enriched,unreviewed
10,S6ab7030a0c,The Beatles,I Want To Hold Your Hand,,2,3,1,,not_enriched,unreviewed
11,S6dcd4f029e,The Beatles,Eleanor Rigby,,2,3,1,,not_enriched,unreviewed
12,S794187db0f,The Beatles,A Hard Day's Night,,2,3,1,,not_enriched,unreviewed
13,S7973400982,Elton John,Island Girl,,2,3,1,,not_enriched,unreviewed
14,S81453fab27,The Beatles,From Me To You,,2,3,1,,not_enriched,unreviewed
15,S84a442344c,Tom Petty and the Heartbreakers,Refugee,,2,3,1,,not_enriched,unreviewed
16,S891d92da5d,The Beatles,Help!,,2,3,1,,not_enriched,unreviewed
17,Sb44fcb93c1,Eric Clapton,After Midnight,,2,3,1,,not_enriched,unreviewed
18,Scf1826a1d2,Elton John,Someone Saved My Life Tonight,,2,3,1,,not_enriched,unreviewed
19,Sd7cc1966f0,The Beatles,Yellow Submarine,,2,3,1,,not_enriched,unreviewed
20,Sdce04f6ed2,Elton John,Grow Some Funk of Your Own,,2,3,1,,not_enriched,unreviewed
21,Sde887eb25a,Elton John,The Bitch Is Back,,2,3,1,,not_enriched,unreviewed
22,Se14309cc5c,The Beatles,Ticket to Ride,,2,3,1,,not_enriched,unreviewed
23,Sf4f0115233,The Beatles,Paperback Writer,,2,3,1,,not_enriched,unreviewed
24,S026986e35b,War,Why Can't We Be Friends,,2,2,1,,not_enriched,unreviewed
25,S03770f68d3,The Beatles,Lady Madonna,,2,2,1,,not_enriched,unreviewed
26,S0ced412afc,The Doobie Brothers,Long Train Runnin’,,2,2,1,,not_enriched,unreviewed
27,S0f9800bebb,Tom Petty and the Heartbreakers,Here Comes My Girl,,2,2,1,,not_enriched,unreviewed
28,S12ff76a74a,The Beatles,Get Back,,2,2,1,,not_enriched,unreviewed
29,S13f60f6977,Simon & Garfunkel,Kathy’s Song,,2,2,1,,not_enriched,unreviewed
30,S1baeb3586e,U2,I Still Haven’t Found What I’m Looking For,,2,2,1,,not_enriched,unreviewed
31,S1f6bb74114,Eric Clapton,Layla,,2,2,1,,not_enriched,unreviewed
32,S2415ebc8c5,Simon & Garfunkel,I Am a Rock,,2,2,1,,not_enriched,unreviewed
33,S274550132a,Simon & Garfunkel,The 59th Street Bridge Song (Feelin’ Groovy),,2,2,1,,not_enriched,unreviewed
34,S27656eccfd,The Beatles,Here Comes the Sun,,2,2,1,,not_enriched,unreviewed
35,S2ac7fbe92b,The Beatles,Think for Yourself,,2,2,1,,not_enriched,unreviewed
36,S37289651d4,The Doobie Brothers,China Grove,,2,2,1,,not_enriched,unreviewed
37,S50b2cb4659,War,Slippin' Into Darkness,,2,2,1,,not_enriched,unreviewed
38,S53555858ad,The Beatles,It’s Only Love,,2,2,1,,not_enriched,unreviewed
39,S54df7252e4,War,Me and Baby Brother,,2,2,1,,not_enriched,unreviewed
40,S54f7a89544,Heart,Dreamboat Annie,,2,2,1,,not_enriched,unreviewed
41,S60eccbde78,Robert Palmer,Every Kinda People,,2,2,1,,not_enriched,unreviewed
42,S65c55a4e83,Paul McCartney & Wings,Band on the Run,,2,2,1,,not_enriched,unreviewed
43,S70581b21d3,Simon & Garfunkel,Mrs. Robinson,,2,2,1,,not_enriched,unreviewed
44,S7563a2b79b,The Beatles,The Ballad of John and Yoko,,2,2,1,,not_enriched,unreviewed
45,S7650616396,Simon & Garfunkel,"For Emily, Whenever I May Find Her",,2,2,1,,not_enriched,unreviewed
46,S7917a72f5f,"Crosby, Stills, Nash & Young",Helpless,,2,2,1,,not_enriched,unreviewed
47,S7cd38a0c9c,Heart,Magic Man,,2,2,1,,not_enriched,unreviewed
48,S7dd63e4e8d,The Beatles,For You Blue,,2,2,1,,not_enriched,unreviewed
49,S7fdabdbabd,The Beatles,Come Together,,2,2,1,,not_enriched,unreviewed
50,S82e0b4a11e,Kansas,The Wall,,2,2,1,,not_enriched,unreviewed
51,S8514874b99,The Beatles,The Long And Winding Road,,2,2,1,,not_enriched,unreviewed
52,S888689fd61,The Doobie Brothers,Black Water,,2,2,1,,not_enriched,unreviewed
53,S8fbd64fcfd,Tom Petty and the Heartbreakers,Even the Losers,,2,2,1,,not_enriched,unreviewed
54,S983d70350b,Heart,Crazy on You,,2,2,1,,not_enriched,unreviewed
55,S9907133262,Elton John,Lucy in the Sky With Diamonds,,2,2,1,,not_enriched,unreviewed
56,S9f4dbaef6f,Elton John,Don’t Go Breaking My Heart,,2,2,1,,not_enriched,unreviewed
57,Sa5804899f8,War,All Day Music,,2,2,1,,not_enriched,unreviewed
58,Sa6a418789f,"Crosby, Stills, Nash & Young",Ohio,,2,2,1,,not_enriched,unreviewed
59,Saaea346ee7,Neil Young,Winterlong,,2,2,1,,not_enriched,unreviewed
60,Saf0f1fcc07,The Doobie Brothers,Without You,,2,2,1,,not_enriched,unreviewed
61,Saf741d8c93,The Beatles,Taxman,,2,2,1,,not_enriched,unreviewed
62,Sb294cff8ae,The Beatles,Let It Be,,2,2,1,,not_enriched,unreviewed
63,Sbda3a4d4a8,The Beatles,Hey Jude,,2,2,1,,not_enriched,unreviewed
64,Sbe21c17759,Paul McCartney & Wings,Jet,,2,2,1,,not_enriched,unreviewed
65,Sbe886b9647,The Beatles,I’ve Just Seen a Face,,2,2,1,,not_enriched,unreviewed
66,Sbf1cd1f8aa,Simon & Garfunkel,Homeward Bound,,2,2,1,,not_enriched,unreviewed
67,Sc20b1fff1e,Tom Petty and the Heartbreakers,Don’t Do Me Like That,,2,2,1,,not_enriched,unreviewed
68,Sc2e62c3fed,U2,Bullet the Blue Sky,,2,2,1,,not_enriched,unreviewed
69,Sc4313b50a8,Kansas,Carry On Wayward Son,,2,2,1,,not_enriched,unreviewed
70,Sc7bb608516,Simon & Garfunkel,Scarborough Fair / Canticle,,2,2,1,,not_enriched,unreviewed
71,Scd46fad222,Elton John,Pinball Wizard,,2,2,1,,not_enriched,unreviewed
72,Se052fb3d2a,Simon & Garfunkel,America,,2,2,1,,not_enriched,unreviewed
73,Se23b9920fa,War,Low Rider,,2,2,1,,not_enriched,unreviewed
74,Se47f964e9b,War,Summer,,2,2,1,,not_enriched,unreviewed
75,Sed8d33c7ae,Simon & Garfunkel,The Sound of Silence,,2,2,1,,not_enriched,unreviewed
76,Sf3d0561899,War,The Cisco Kid,,2,2,1,,not_enriched,unreviewed
77,Sf624f62cef,Elton John,Sorry Seems to Be the Hardest Word,,2,2,1,,not_enriched,unreviewed
78,Sfc5d03b694,Elton John,Philadelphia Freedom,,2,2,1,,not_enriched,unreviewed
79,S9e675b51b8,The Doors,Love Me Two Times,,1,4,1,,not_enriched,unreviewed
80,Sb25350611c,The Who,Pinball Wizard,,1,4,1,,not_enriched,unreviewed
81,Sb26cf037ef,The Doors,Light My Fire,,1,4,1,,not_enriched,unreviewed
82,Sd6733c310c,Bob Dylan,Tangled Up in Blue,,1,4,1,,not_enriched,unreviewed
83,S0dfcd9cf49,Creedence Clearwater Revival,Sweet Hitch‐Hiker,,1,3,1,,not_enriched,unreviewed
84,S1a78e01aa2,Bob Dylan,Knockin' on Heaven's Door,,1,3,1,,not_enriched,unreviewed
85,S1f5acab7b6,Creedence Clearwater Revival,Run Through the Jungle,,1,3,1,,not_enriched,unreviewed
86,S2751df1e79,Creedence Clearwater Revival,I Put a Spell on You,,1,3,1,,not_enriched,unreviewed
87,S2b3fc4925a,Bob Dylan,Gotta Serve Somebody,,1,3,1,,not_enriched,unreviewed
88,S300128e4c3,Bob Dylan,Silvio,,1,3,1,,not_enriched,unreviewed
89,S31efbfc0d3,The Beatles,And I Love Her,,1,3,1,,not_enriched,unreviewed
90,S3ab1e1a72a,Creedence Clearwater Revival,Hey Tonight,,1,3,1,,not_enriched,unreviewed
91,S49aee777f0,Fleetwood Mac,Don’t Stop,,1,3,1,,not_enriched,unreviewed
92,S54122a749f,Led Zeppelin,I Can't Quit You Baby,,1,3,1,,not_enriched,unreviewed
93,S6c22cae9ac,The Beatles,Please Please Me,,1,3,1,,not_enriched,unreviewed
94,S6d142d1b72,Fleetwood Mac,Say You Love Me,,1,3,1,,not_enriched,unreviewed
95,S808fd6d691,Bob Dylan,Forever Young,,1,3,1,,not_enriched,unreviewed
96,S8fa3dff6cd,The Doors,The End,,1,3,1,,not_enriched,unreviewed
97,S9a89372d37,Creedence Clearwater Revival,Up Around the Bend,,1,3,1,,not_enriched,unreviewed
98,Sa0d7b118a0,Elton John,Bennie and the Jets,,1,3,1,,not_enriched,unreviewed
99,Sa4891ce61d,Fleetwood Mac,Rhiannon,,1,3,1,,not_enriched,unreviewed
100,Saeb2744578,Creedence Clearwater Revival,Lodi,,1,3,1,,not_enriched,unreviewed
101,Sb0ca5ccd42,Led Zeppelin,Moby Dick,,1,3,1,,not_enriched,unreviewed
102,Sb3fe32edc7,Eric Clapton,Wonderful Tonight,,1,3,1,,not_enriched,unreviewed
103,Sb4a719002a,Fleetwood Mac,I'm So Afraid,,1,3,1,,not_enriched,unreviewed
104,Sc9876c0e30,The Doors,People Are Strange,,1,3,1,,not_enriched,unreviewed
105,Sccdb1a6990,Creedence Clearwater Revival,Lookin’ out My Back Door,,1,3,1,,not_enriched,unreviewed
106,Sd018693b14,Fleetwood Mac,Go Your Own Way,,1,3,1,,not_enriched,unreviewed
107,Sd56f183b3b,The Who,Baba O’Riley,,1,3,1,,not_enriched,unreviewed
108,Sdc897fa1c7,Fleetwood Mac,Dreams,,1,3,1,,not_enriched,unreviewed
109,Sdcbbc9e146,Creedence Clearwater Revival,Who’ll Stop the Rain,,1,3,1,,not_enriched,unreviewed
110,Se8fa286f12,Eric Clapton,Lay Down Sally,,1,3,1,,not_enriched,unreviewed
111,Sef39401a23,Eric Clapton,Cocaine,,1,3,1,,not_enriched,unreviewed
112,Sf263281f85,Fleetwood Mac,Landslide,,1,3,1,,not_enriched,unreviewed
113,Sfa1e4dc4af,Eric Clapton,Promises,,1,3,1,,not_enriched,unreviewed
114,S0069cf293b,Led Zeppelin,Over the Hills and Far Away,,1,2,1,,not_enriched,unreviewed
115,S00ed12cc8a,Neil Young,Southern Man,,1,2,1,,not_enriched,unreviewed
116,S018c37acc4,Creedence Clearwater Revival,Green River,,1,2,1,,not_enriched,unreviewed
117,S01cc694505,The Beatles,Tell Me Why,,1,2,1,,not_enriched,unreviewed
118,S02382887ad,Fleetwood Mac,Monday Morning,,1,2,1,,not_enriched,unreviewed
119,S038ceb10ae,Icehouse,Cross the Border,,1,2,1,,not_enriched,unreviewed
120,S0530f14a5e,Robert Palmer,Remember to Remember,,1,2,1,,not_enriched,unreviewed
121,S07003d63ec,Huey Lewis & the News,Stuck With You,,1,2,1,,not_enriched,unreviewed
122,S072fab7a4e,Garth Brooks,What She's Doing Now,,1,2,1,,not_enriched,unreviewed
123,S083c77d3bb,Led Zeppelin,Living Loving Maid (She’s Just a Woman),,1,2,1,,not_enriched,unreviewed
124,S09e9d7ec44,Led Zeppelin,The Song Remains the Same,,1,2,1,,not_enriched,unreviewed
125,S0c074942fd,Stevie Wonder,That Girl,,1,2,1,,not_enriched,unreviewed
126,S0f208c5603,Heart,What About Love,,1,2,1,,not_enriched,unreviewed
127,S0f95295431,Stevie Wonder,Master Blaster (Jammin’),,1,2,1,,not_enriched,unreviewed
128,S10a0f6b3e1,The Doobie Brothers,The Doctor,,1,2,1,,not_enriched,unreviewed
129,S125e04dea1,Neil Diamond,Forever in Blue Jeans,,1,2,1,,not_enriched,unreviewed
130,S1487470f3d,The Beatles,You’ve Got to Hide Your Love Away,,1,2,1,,not_enriched,unreviewed
131,S154a6b6a8c,Garth Brooks,The Dance,,1,2,1,,not_enriched,unreviewed
132,S15a627c520,The Babys,Sweet 17,,1,2,1,,not_enriched,unreviewed
133,S15e6c74cfc,Neil Diamond,You Don’t Bring Me Flowers,,1,2,1,,not_enriched,unreviewed
134,S16e502d050,Led Zeppelin,Black Dog,,1,2,1,,not_enriched,unreviewed
135,S1705cba067,Icehouse,"Hey, Little Girl",,1,2,1,,not_enriched,unreviewed
136,S177cf36210,Heart,These Dreams,,1,2,1,,not_enriched,unreviewed
137,S18a2de5fc1,Tom Petty and the Heartbreakers,Insider,,1,2,1,,not_enriched,unreviewed
138,S1a1ed52ae2,The Who,Behind Blue Eyes,,1,2,1,,not_enriched,unreviewed
139,S1a5eeac506,Carly Simon,Legend in Your Own Time,,1,2,1,,not_enriched,unreviewed
140,S1aa87bedf0,The Doors,Soul Kitchen,,1,2,1,,not_enriched,unreviewed
141,S1b620ef9ac,Led Zeppelin,You Shook Me,,1,2,1,,not_enriched,unreviewed
142,S1e93e12bcb,Tom Petty and the Heartbreakers,Rockin’ Around (With You),,1,2,1,,not_enriched,unreviewed
143,S222f2cfa0b,Stevie Wonder,I Wish,,1,2,1,,not_enriched,unreviewed
144,S236276ae25,ZZ Top,Francine,,1,2,1,,not_enriched,unreviewed
145,S2385ae1d84,Garth Brooks,Standing Outside the Fire,,1,2,1,,not_enriched,unreviewed
146,S23b8b30cf5,Bread,Baby I’m‐A Want You,,1,2,1,,not_enriched,unreviewed
147,S2443e899f8,Heart,If Looks Could Kill,,1,2,1,,not_enriched,unreviewed
148,S24dacde549,Fleetwood Mac,Over My Head,,1,2,1,,not_enriched,unreviewed
149,S2592f77cdf,Tom Petty and the Heartbreakers,You Got Lucky,,1,2,1,,not_enriched,unreviewed
150,S25ef88a5f8,Linda Ronstadt,I Can’t Let Go,,1,2,1,,not_enriched,unreviewed
151,S26653d0778,Paul McCartney,Ebony and Ivory,,1,2,1,,not_enriched,unreviewed
152,S27b40098c8,Garth Brooks,If Tomorrow Never Comes,,1,2,1,,not_enriched,unreviewed
153,S288b49c1d8,Neil Young,I Believe in You,,1,2,1,,not_enriched,unreviewed
154,S2b3f1d66ec,Icehouse,Can't Help Myself,,1,2,1,,not_enriched,unreviewed
155,S2bbe6960e2,Derek and the Dominos,Layla,,1,2,1,,not_enriched,unreviewed
156,S2c17446520,ZZ Top,Tush,,1,2,1,,not_enriched,unreviewed
157,S2ca89ac976,Scorpions,I Can’t Explain,,1,2,1,,not_enriched,unreviewed
158,S2d332831eb,Garth Brooks,Ain't Going Down ('til the Sun Comes Up),,1,2,1,,not_enriched,unreviewed
159,S2d77f57244,Icehouse,We Can Get Together,,1,2,1,,not_enriched,unreviewed
160,S2df38bb0f5,The Beatles,In My Life,,1,2,1,,not_enriched,unreviewed
161,S2e85549bbc,The Police,Wrapped Around Your Finger,,1,2,1,,not_enriched,unreviewed
162,S315bdfbd62,Led Zeppelin,Four Sticks,,1,2,1,,not_enriched,unreviewed
163,S33863abb09,Stevie Wonder,Boogie On Reggae Woman,,1,2,1,,not_enriched,unreviewed
164,S33b6d3b3d6,Fleetwood Mac,The Chain,,1,2,1,,not_enriched,unreviewed
165,S34bac8a1f7,Garth Brooks,American Honky-Tonk Bar Association,,1,2,1,,not_enriched,unreviewed
166,S3560f1ec08,Bread,If,,1,2,1,,not_enriched,unreviewed
167,S37e499da55,Creedence Clearwater Revival,Someday Never Comes,,1,2,1,,not_enriched,unreviewed
168,S3859e203b2,Neil Young,The Needle and the Damage Done,,1,2,1,,not_enriched,unreviewed
169,S388e3ac330,Rod Stewart,(I Know) I’m Losing You,,1,2,1,,not_enriched,unreviewed
170,S397e76c0c4,Huey Lewis & the News,The Power of Love,,1,2,1,,not_enriched,unreviewed
171,S3a1ab9a322,ZZ Top,Blue Jean Blues,,1,2,1,,not_enriched,unreviewed
172,S3a3c6a6297,The Doors,Love Her Madly,,1,2,1,,not_enriched,unreviewed
173,S4045c6f8eb,ZZ Top,Waitin’ for the Bus,,1,2,1,,not_enriched,unreviewed
174,S407fd71f9d,Neil Young,Old Man,,1,2,1,,not_enriched,unreviewed
175,S410081d329,Santana,Samba pa ti,,1,2,1,,not_enriched,unreviewed
176,S43b19b9a12,The Babys,Turn and Walk Away,,1,2,1,,not_enriched,unreviewed
177,S468529799d,Neil Diamond,America,,1,2,1,,not_enriched,unreviewed
178,S48904bf0f4,Eric Clapton,Tears in Heaven,,1,2,1,,not_enriched,unreviewed
179,S4a22b9d954,Heart,Barracuda,,1,2,1,,not_enriched,unreviewed
180,S4a5bf3b35b,Kenny Loggins,Heart to Heart,,1,2,1,,not_enriched,unreviewed
181,S4a68e7fa4e,Bread,Down on My Knees,,1,2,1,,not_enriched,unreviewed
182,S4b1f07ff6f,Bread,It Don’t Matter to Me,,1,2,1,,not_enriched,unreviewed
183,S4bb3f7323f,Icehouse,Love in Motion,,1,2,1,,not_enriched,unreviewed
184,S4d541cb249,The Police,Invisible Sun,,1,2,1,,not_enriched,unreviewed
185,S4ee514c108,The Beatles,Eight Days a Week,,1,2,1,,not_enriched,unreviewed
186,S505565d325,Led Zeppelin,The Crunge,,1,2,1,,not_enriched,unreviewed
187,S51152b5f82,The Doors,Riders on the Storm,,1,2,1,,not_enriched,unreviewed
188,S521681f672,The Police,Spirits in the Material World,,1,2,1,,not_enriched,unreviewed
189,S52a6aeeb64,Led Zeppelin,Stairway to Heaven,,1,2,1,,not_enriched,unreviewed
190,S54f55e60f5,Led Zeppelin,The Lemon Song,,1,2,1,,not_enriched,unreviewed
191,S5567c57909,Buffalo Springfield,Mr. Soul,,1,2,1,,not_enriched,unreviewed
192,S56a75a1975,Buffalo Springfield,Expecting to Fly,,1,2,1,,not_enriched,unreviewed
193,S56ff2288be,Tom Petty and the Heartbreakers,Listen to Her Heart,,1,2,1,,not_enriched,unreviewed
194,S573c3a22f2,Led Zeppelin,Dazed and Confused,,1,2,1,,not_enriched,unreviewed
195,S5771dac9fd,Electric Light Orchestra,Telephone Line,,1,2,1,,not_enriched,unreviewed
196,S57f7b06474,The Doors,L.A. Woman,,1,2,1,,not_enriched,unreviewed
197,S59440e04cf,Grand Funk Railroad,Bad Time,,1,2,1,,not_enriched,unreviewed
198,S59adad6563,The Beatles,Twist And Shout,,1,2,1,,not_enriched,unreviewed
199,S59dd1eae1a,The Doors,Break On Through,,1,2,1,,not_enriched,unreviewed
200,S5b8792b934,Bread,Make It With You,,1,2,1,,not_enriched,unreviewed
201,S5d0303b3b5,Eagles,Wasted Time,,1,2,1,,not_enriched,unreviewed
202,S5eee1e8eea,Garth Brooks,That Summer,,1,2,1,,not_enriched,unreviewed
203,S5f32b755e1,Creedence Clearwater Revival,Have You Ever Seen the Rain?,,1,2,1,,not_enriched,unreviewed
204,S6568720e7b,Creedence Clearwater Revival,Fortunate Son,,1,2,1,,not_enriched,unreviewed
205,S6798d74f23,Led Zeppelin,Good Times Bad Times,,1,2,1,,not_enriched,unreviewed
206,S680c4d6395,Icehouse,No Promises,,1,2,1,,not_enriched,unreviewed
207,S688b9474e7,The Who,I’m Free,,1,2,1,,not_enriched,unreviewed
208,S68b5c995ab,ZZ Top,Just Got Paid,,1,2,1,,not_enriched,unreviewed
209,S693946561e,Tom Petty and the Heartbreakers,I Need to Know,,1,2,1,,not_enriched,unreviewed
210,S69d87ad447,Linda Ronstadt,Heat Wave,,1,2,1,,not_enriched,unreviewed
211,S6b3219cb4c,Creedence Clearwater Revival,Travelin’ Band,,1,2,1,,not_enriched,unreviewed
212,S6bab98031e,The Beatles,We Can Work It Out,,1,2,1,,not_enriched,unreviewed
213,S6bdac9e0fe,Neil Young,Heart of Gold,,1,2,1,,not_enriched,unreviewed
214,S6d46b24d76,Bread,Truckin’,,1,2,1,,not_enriched,unreviewed
215,S6dab797392,Neil Diamond,September Morn,,1,2,1,,not_enriched,unreviewed
216,S6de200d157,Eagles,Hotel California,,1,2,1,,not_enriched,unreviewed
217,S6fdadb192f,Michael Jackson,Say Say Say,,1,2,1,,not_enriched,unreviewed
218,S70d145ed93,The Beatles,Michelle,,1,2,1,,not_enriched,unreviewed
219,S74e80195b7,Led Zeppelin,Out on the Tiles,,1,2,1,,not_enriched,unreviewed
220,S76dedeb0f4,Garth Brooks,Rodeo,,1,2,1,,not_enriched,unreviewed
221,S77449b0b11,Bread,Everything I Own,,1,2,1,,not_enriched,unreviewed
222,S7acafe2227,Garth Brooks,The Thunder Rolls,,1,2,1,,not_enriched,unreviewed
223,S7b52ebf924,Kenny Loggins,Don't Fight It,,1,2,1,,not_enriched,unreviewed
224,S7bbd51f218,Led Zeppelin,Hats Off to (Roy) Harper,,1,2,1,,not_enriched,unreviewed
225,S7c28bf39c8,Linda Ronstadt,Tracks of My Tears,,1,2,1,,not_enriched,unreviewed
226,S7c851a6105,The Doors,"Hello, I Love You",,1,2,1,,not_enriched,unreviewed
227,S7c95e9d3a6,Icehouse,Mr. Big,,1,2,1,,not_enriched,unreviewed
228,S7d7f78f8c9,Eric Clapton,Blues Power,,1,2,1,,not_enriched,unreviewed
229,S7db40631e5,The Beatles,All My Loving,,1,2,1,,not_enriched,unreviewed
230,S7f1d3e6d1b,Paul McCartney,Junk,,1,2,1,,not_enriched,unreviewed
231,S7f27b5bc40,The Who,The Song Is Over,,1,2,1,,not_enriched,unreviewed
232,S7f8bfc8e2d,ZZ Top,Heard It on the X,,1,2,1,,not_enriched,unreviewed
233,S8159607982,The Beatles,I Feel Fine,,1,2,1,,not_enriched,unreviewed
234,S859e849c92,Tom Petty and the Heartbreakers,Into the Great Wide Open,,1,2,1,,not_enriched,unreviewed
235,S8994b13071,Heart,Nothin’ at All,,1,2,1,,not_enriched,unreviewed
236,S8acb44ad50,Icehouse,Great Southern Land,,1,2,1,,not_enriched,unreviewed
237,S8ba908db29,Fleetwood Mac,Big Love,,1,2,1,,not_enriched,unreviewed
238,S8bd6aec04f,The Police,Every Little Thing She Does Is Magic,,1,2,1,,not_enriched,unreviewed
239,S8df74b6de9,Neil Young,Harvest,,1,2,1,,not_enriched,unreviewed
240,S8e8ad194cb,Led Zeppelin,Communication Breakdown,,1,2,1,,not_enriched,unreviewed
241,S8e9902e666,Garth Brooks,"Two of a Kind, Workin' on a Full House",,1,2,1,,not_enriched,unreviewed
242,S8e9c532f53,Garth Brooks,The River,,1,2,1,,not_enriched,unreviewed
243,S8eb0998007,Garth Brooks,We Shall Be Free,,1,2,1,,not_enriched,unreviewed
244,S8ed1d1a52b,Creedence Clearwater Revival,Long as I Can See the Light,,1,2,1,,not_enriched,unreviewed
245,S90106ec6c5,Heart,Who Will You Run To,,1,2,1,,not_enriched,unreviewed
246,S909b6c233c,Fleetwood Mac,Everywhere,,1,2,1,,not_enriched,unreviewed
247,S940df7c987,Neil Young,A Man Needs a Maid,,1,2,1,,not_enriched,unreviewed
248,S9470b01557,Stevie Wonder,Sir Duke,,1,2,1,,not_enriched,unreviewed
249,S94deb38603,The Police,King of Pain,,1,2,1,,not_enriched,unreviewed
250,S94e79a4093,Bread,Diary,,1,2,1,,not_enriched,unreviewed
251,S95c3e16464,Led Zeppelin,No Quarter,,1,2,1,,not_enriched,unreviewed
252,S962795daa4,Stevie Wonder,Higher Ground,,1,2,1,,not_enriched,unreviewed
253,S96c0b96e00,Rod Stewart,Reason to Believe,,1,2,1,,not_enriched,unreviewed
254,S9884d2dcc2,Led Zeppelin,Rock and Roll,,1,2,1,,not_enriched,unreviewed
255,S98f03c2f42,Santana,Oye como va,,1,2,1,,not_enriched,unreviewed
256,S9a999e1148,Kansas,Dust in the Wind,,1,2,1,,not_enriched,unreviewed
257,S9a9d985cfe,Bread,Let Your Love Go,,1,2,1,,not_enriched,unreviewed
258,S9b258d86b2,Creedence Clearwater Revival,Bad Moon Rising,,1,2,1,,not_enriched,unreviewed
259,S9c26ab6846,The Rolling Stones,Wild Horses,,1,2,1,,not_enriched,unreviewed
260,S9d84328478,The Police,Every Breath You Take,,1,2,1,,not_enriched,unreviewed
261,S9e199ccdc1,Fleetwood Mac,You Make Loving Fun,,1,2,1,,not_enriched,unreviewed
262,S9e6c3ae35e,The Who,Won’t Get Fooled Again,,1,2,1,,not_enriched,unreviewed
263,S9f3be833a3,ZZ Top,Jesus Just Left Chicago,,1,2,1,,not_enriched,unreviewed
264,S9ff8adf4c2,Heart,Heartless,,1,2,1,,not_enriched,unreviewed
265,Sa064604a6c,Icehouse,Walls,,1,2,1,,not_enriched,unreviewed
266,Sa06a15d68f,Led Zeppelin,Since I’ve Been Loving You,,1,2,1,,not_enriched,unreviewed
267,Sa266a03a86,Heart,Alone,,1,2,1,,not_enriched,unreviewed
268,Sa3fef3aa93,Buffalo Springfield,Broken Arrow,,1,2,1,,not_enriched,unreviewed
269,Sa49bdf6d08,The Who,Bargain,,1,2,1,,not_enriched,unreviewed
270,Sa4a6e12191,Led Zeppelin,Whole Lotta Love,,1,2,1,,not_enriched,unreviewed
271,Sa588d2e9e8,Garth Brooks,Callin' Baton Rouge,,1,2,1,,not_enriched,unreviewed
272,Sa5c0a674a3,Led Zeppelin,Heartbreaker,,1,2,1,,not_enriched,unreviewed
273,Sa60af0839b,Garth Brooks,Much Too Young (to Feel This Damn Old),,1,2,1,,not_enriched,unreviewed
274,Sa78e7cda15,Led Zeppelin,That’s the Way,,1,2,1,,not_enriched,unreviewed
275,Sa7bf57bd80,Tom Petty and the Heartbreakers,Learning to Fly,,1,2,1,,not_enriched,unreviewed
276,Sa8e65969a2,Eric Clapton,Before You Accuse Me,,1,2,1,,not_enriched,unreviewed
277,Sa96ccf839e,Electric Light Orchestra,Ma‐Ma‐Ma Belle,,1,2,1,,not_enriched,unreviewed
278,Sa9ed98422f,The Beatles,Girl,,1,2,1,,not_enriched,unreviewed
279,Saa4f095bec,The Doors,Waiting for the Sun,,1,2,1,,not_enriched,unreviewed
280,Saa72b5f4cc,Electric Light Orchestra,Evil Woman,,1,2,1,,not_enriched,unreviewed
281,Sabeb5bb02e,Kansas,Song for America,,1,2,1,,not_enriched,unreviewed
282,Sad0e0c16a2,Led Zeppelin,Black Mountain Side,,1,2,1,,not_enriched,unreviewed
283,Sae3ac10982,Creedence Clearwater Revival,Down on the Corner,,1,2,1,,not_enriched,unreviewed
284,Sae9dcf0d0a,Grand Funk Railroad,We’re an American Band,,1,2,1,,not_enriched,unreviewed
285,Sb02b3927c6,Creedence Clearwater Revival,Commotion,,1,2,1,,not_enriched,unreviewed
286,Sb0b39eb8bb,Garth Brooks,Burning Bridges,,1,2,1,,not_enriched,unreviewed
287,Sb0ebeb1d70,Carly Simon,Anticipation,,1,2,1,,not_enriched,unreviewed
288,Sb0fa880619,Icehouse,Paradise,,1,2,1,,not_enriched,unreviewed
289,Sb169b6235b,Electric Light Orchestra,Livin’ Thing,,1,2,1,,not_enriched,unreviewed
290,Sb270225dc7,Stevie Wonder,Isn’t She Lovely,,1,2,1,,not_enriched,unreviewed
291,Sb49e261d73,Rod Stewart,Hot Legs,,1,2,1,,not_enriched,unreviewed
292,Sb591672f4c,Eric Clapton,I Shot the Sheriff,,1,2,1,,not_enriched,unreviewed
293,Sb64e03a6fe,Santana,Hope You’re Feeling Better,,1,2,1,,not_enriched,unreviewed
294,Sb7fbd0290a,Scorpions,The Zoo,,1,2,1,,not_enriched,unreviewed
295,Sbc15329ef9,Grand Funk Railroad,Some Kind of Wonderful,,1,2,1,,not_enriched,unreviewed
296,Sbc5dd5808d,Three Dog Night,Black and White,,1,2,1,,not_enriched,unreviewed
297,Sbda5a033e2,Garth Brooks,Friends in Low Places,,1,2,1,,not_enriched,unreviewed
298,Sbf3be1f13d,Electric Light Orchestra,Strange Magic,,1,2,1,,not_enriched,unreviewed
299,Sbfd3253a8b,Garth Brooks,Shameless,,1,2,1,,not_enriched,unreviewed
300,Sc17912cda2,Kansas,Point of Know Return,,1,2,1,,not_enriched,unreviewed
301,Sc27c84e6b9,The Hollies,The Air That I Breathe,,1,2,1,,not_enriched,unreviewed
302,Sc350408d1b,Linda Ronstadt,Love Is a Rose,,1,2,1,,not_enriched,unreviewed
303,Sc37c672e37,Robert Palmer,She Makes My Day,,1,2,1,,not_enriched,unreviewed
304,Sc3eed27421,The Rolling Stones,Brown Sugar,,1,2,1,,not_enriched,unreviewed
305,Sc61ec30143,Eagles,Take It Easy,,1,2,1,,not_enriched,unreviewed
306,Sc64759e6a8,Paul McCartney,Pipes of Peace,,1,2,1,,not_enriched,unreviewed
307,Sc9e9ef74d7,Fleetwood Mac,Never Going Back Again,,1,2,1,,not_enriched,unreviewed
308,Scbf8baa41a,Tom Petty and the Heartbreakers,Don't Come Around Here No More,,1,2,1,,not_enriched,unreviewed
309,Scc75a3f14a,Robert Palmer,What's It Take?,,1,2,1,,not_enriched,unreviewed
310,Scc8ffd4754,Robert Palmer,Can We Still Be Friends,,1,2,1,,not_enriched,unreviewed
311,Sccaefa7601,Neil Diamond,Hello Again,,1,2,1,,not_enriched,unreviewed
312,Scfa39a4491,Eric Clapton,Knockin’ on Heaven’s Door,,1,2,1,,not_enriched,unreviewed
313,Sd2c489b3f9,Three Dog Night,One,,1,2,1,,not_enriched,unreviewed
314,Sd626092659,Led Zeppelin,How Many More Times,,1,2,1,,not_enriched,unreviewed
315,Sd634a40244,Robert Palmer,Simply Irresistible,,1,2,1,,not_enriched,unreviewed
316,Sd693b1d269,Eric Clapton,Let It Grow,,1,2,1,,not_enriched,unreviewed
317,Sd7025a7230,The Beatles,Day Tripper,,1,2,1,,not_enriched,unreviewed
318,Sd8f0a26b53,The Rolling Stones,Let’s Spend the Night Together,,1,2,1,,not_enriched,unreviewed
319,Sd9cf2eabdf,Icehouse,Baby You're So Strange,,1,2,1,,not_enriched,unreviewed
320,Sd9d723920b,Creedence Clearwater Revival,Proud Mary,,1,2,1,,not_enriched,unreviewed
321,Sdcf4d4bb72,Rod Stewart,Da Ya Think I’m Sexy?,,1,2,1,,not_enriched,unreviewed
322,Sdd60cb7ae8,Neil Young,After the Gold Rush,,1,2,1,,not_enriched,unreviewed
323,Sde1860be94,The Doors,Roadhouse Blues,,1,2,1,,not_enriched,unreviewed
324,Sdefc023053,Rod Stewart,Mandolin Wind,,1,2,1,,not_enriched,unreviewed
325,Sdf92fae41f,The Rolling Stones,Time Is on My Side,,1,2,1,,not_enriched,unreviewed
326,Se06a679784,Led Zeppelin,Bring It On Home,,1,2,1,,not_enriched,unreviewed
327,Se498c2db77,Stevie Wonder,Do I Do,,1,2,1,,not_enriched,unreviewed
328,Se4d772f4f3,Elton John,Levon,,1,2,1,,not_enriched,unreviewed
329,Se6dd15ede4,ZZ Top,La Grange,,1,2,1,,not_enriched,unreviewed
330,Se793c1cbba,ZZ Top,Backdoor Love Affair,,1,2,1,,not_enriched,unreviewed
331,Se83c453d75,Electric Light Orchestra,Rockaria!,,1,2,1,,not_enriched,unreviewed
332,Se900199d6f,Garth Brooks,Papa Loved Mama,,1,2,1,,not_enriched,unreviewed
333,Se97eb8f04d,Paul McCartney,Every Night,,1,2,1,,not_enriched,unreviewed
334,Sea1cd3c814,Eagles,Life in the Fast Lane,,1,2,1,,not_enriched,unreviewed
335,Sec57498727,The Police,"De Do Do Do, De Da Da Da",,1,2,1,,not_enriched,unreviewed
336,Secaab7a398,Icehouse,Sister,,1,2,1,,not_enriched,unreviewed
337,See5bbeede2,Eagles,The Last Resort,,1,2,1,,not_enriched,unreviewed
338,Seeca2fa6fb,Icehouse,Don't Believe Anymore,,1,2,1,,not_enriched,unreviewed
339,Seecb3214b1,Bread,Look What You’ve Done,,1,2,1,,not_enriched,unreviewed
340,Sf2b64a84ea,Eric Clapton,Old Love,,1,2,1,,not_enriched,unreviewed
341,Sf460479d2f,Heart,Never,,1,2,1,,not_enriched,unreviewed
342,Sf4baef2898,Eagles,Pretty Maids All in a Row,,1,2,1,,not_enriched,unreviewed
343,Sf69375dbef,Led Zeppelin,The Rain Song,,1,2,1,,not_enriched,unreviewed
344,Sf75a6fc911,The Beatles,Norwegian Wood (This Bird Has Flown),,1,2,1,,not_enriched,unreviewed
345,Sf79ffd70ae,Robert Palmer,Too Good to Be True,,1,2,1,,not_enriched,unreviewed
346,Sfa24692dd0,Garth Brooks,The Red Strokes,,1,2,1,,not_enriched,unreviewed
347,Sfaf3082d0f,Paul McCartney,That Would Be Something,,1,2,1,,not_enriched,unreviewed
348,Sfb4534e494,Creedence Clearwater Revival,I Heard It Through the Grapevine,,1,2,1,,not_enriched,unreviewed
349,Sfbe30cfa5f,Eric Clapton,Running on Faith,,1,2,1,,not_enriched,unreviewed
350,Sfc05330183,Linda Ronstadt,How Do I Make You,,1,2,1,,not_enriched,unreviewed
351,Sfd48fcc449,Icehouse,Street Cafe,,1,2,1,,not_enriched,unreviewed
352,Sfed984fd22,Garth Brooks,Unanswered Prayers,,1,2,1,,not_enriched,unreviewed
353,Sff96672bee,Linda Ronstadt,Hurt So Bad,,1,2,1,,not_enriched,unreviewed
354,S001efae739,Alice Cooper,No More Mr. Nice Guy,,1,1,1,,not_enriched,unreviewed
355,S0056df7469,Billy Idol,(Do Not) Stand in the Shadows,,1,1,1,,not_enriched,unreviewed
356,S0058cb60c5,The Beatles,Wait,,1,1,1,,not_enriched,unreviewed
357,S00662f40ec,Jackson Browne,Linda Paloma,,1,1,1,,not_enriched,unreviewed
358,S0075b9a690,Ace,The Real Feeling,,1,1,1,,not_enriched,unreviewed
359,S00bae6d33b,The Byrds,Mr. Tambourine Man,,1,1,1,,not_enriched,unreviewed
360,S00f5fc44bf,REO Speedwagon,In Your Letter,,1,1,1,,not_enriched,unreviewed
361,S00fd19e255,Pink Floyd,Pigs (Three Different Ones),,1,1,1,,not_enriched,unreviewed
362,S011d611910,Tom Petty and the Heartbreakers,A Woman in Love (It’s Not Me),,1,1,1,,not_enriched,unreviewed
363,S013902678f,Sheryl Crow,Oh Marie,,1,1,1,,not_enriched,unreviewed
364,S014b43ccd5,The Beatles,Being for the Benefit of Mr. Kite!,,1,1,1,,not_enriched,unreviewed
365,S0186ab8b65,Eric Clapton,San Francisco Bay Blues,,1,1,1,,not_enriched,unreviewed
366,S019f11dcfc,Eagles,New Kid in Town,,1,1,1,,not_enriched,unreviewed
367,S01b9e9c2f1,Billy Joel,Scenes From an Italian Restaurant,,1,1,1,,not_enriched,unreviewed
368,S01cc1890df,Al Stewart,Sand in Your Shoes,,1,1,1,,not_enriched,unreviewed
369,S01efd0a4ea,Peter Frampton,Something’s Happening,,1,1,1,,not_enriched,unreviewed
370,S01f7519b8d,Three Dog Night,Joy to the World,,1,1,1,,not_enriched,unreviewed
371,S0207aa536b,Rod Stewart,The First Cut Is the Deepest,,1,1,1,,not_enriched,unreviewed
372,S02242e49f2,Electric Light Orchestra,Mr. Blue Sky,,1,1,1,,not_enriched,unreviewed
373,S025d1384ba,Joan Osborne,Help Me,,1,1,1,,not_enriched,unreviewed
374,S02731409ec,The Association,Everything That Touches You,,1,1,1,,not_enriched,unreviewed
375,S0286f91611,Bruce Springsteen,Darlington County,,1,1,1,,not_enriched,unreviewed
376,S030a4b348a,The Cars,You Might Think,,1,1,1,,not_enriched,unreviewed
377,S0329953fff,Carly Simon,Give Me All Night,,1,1,1,,not_enriched,unreviewed
378,S035e61b299,The Guess Who,Bus Rider,,1,1,1,,not_enriched,unreviewed
379,S038c730548,Simon and Garfunkel,The Only Living Boy in New York,,1,1,1,,not_enriched,unreviewed
380,S03bbeb4d4b,Lynyrd Skynyrd,Whiskey Rock-a-Roller,,1,1,1,,not_enriched,unreviewed
381,S03f0515bad,Peter Gabriel,That Voice Again,,1,1,1,,not_enriched,unreviewed
382,S040c18bfe9,Gordon Lightfoot,Sundown,,1,1,1,,not_enriched,unreviewed
383,S0445fa5df7,Lindsey Buckingham,All My Sorrows,,1,1,1,,not_enriched,unreviewed
384,S046248ca62,Bruce Springsteen,I’m on Fire,,1,1,1,,not_enriched,unreviewed
385,S0471a7cfc0,Al Stewart,Flying Sorcery,,1,1,1,,not_enriched,unreviewed
386,S04c4e9435c,The Cars,It's Not the Night,,1,1,1,,not_enriched,unreviewed
387,S04c76a6f9a,Lindsey Buckingham,Say We'll Meet Again,,1,1,1,,not_enriched,unreviewed
388,S052f097f72,Lindsey Buckingham,Turn It On,,1,1,1,,not_enriched,unreviewed
389,S057f36e3ca,Neil Young,Goin' Back,,1,1,1,,not_enriched,unreviewed
390,S0590278353,Steppenwolf,"Sookie, Sookie",,1,1,1,,not_enriched,unreviewed
391,S05eec9d416,Traveling Wilburys,Rattled,,1,1,1,,not_enriched,unreviewed
392,S0658235f26,REO Speedwagon,Tough Guys,,1,1,1,,not_enriched,unreviewed
393,S06c3850cb6,Enigma,The Eyes of Truth,,1,1,1,,not_enriched,unreviewed
394,S06cd0ace2a,The Police,Roxanne,,1,1,1,,not_enriched,unreviewed
395,S072a0949e9,The Beatles,I’m Looking Through You,,1,1,1,,not_enriched,unreviewed
396,S07853131fe,The 5th Dimension,Save the Country,,1,1,1,,not_enriched,unreviewed
397,S0794684892,The Association,Cherish,,1,1,1,,not_enriched,unreviewed
398,S07c1ebae4a,Queen,It's Late,,1,1,1,,not_enriched,unreviewed
399,S07fdf17a19,Fleetwood Mac,Caroline,,1,1,1,,not_enriched,unreviewed
400,S080538cf66,James Taylor,Mexico,,1,1,1,,not_enriched,unreviewed
401,S0872f5d111,Pink Floyd,Don’t Leave Me Now,,1,1,1,,not_enriched,unreviewed
402,S0887f13757,The Beatles,With a Little Help From My Friends,,1,1,1,,not_enriched,unreviewed
403,S08de99b87e,Carole King,(You Make Me Feel Like) A Natural Woman,,1,1,1,,not_enriched,unreviewed
404,S090a3475de,Carole King,It's Too Late,,1,1,1,,not_enriched,unreviewed
405,S0925b40687,Ace,Know How It Feels,,1,1,1,,not_enriched,unreviewed
406,S0953ee3d40,Huey Lewis & the News,Workin’ for a Livin’,,1,1,1,,not_enriched,unreviewed
407,S0978673dc2,The Pointer Sisters,I’m So Excited,,1,1,1,,not_enriched,unreviewed
408,S09bb4d31b0,The Doobie Brothers,Eyes of Silver,,1,1,1,,not_enriched,unreviewed
409,S09f4f21d28,Pink Floyd,Dogs,,1,1,1,,not_enriched,unreviewed
410,S0a5696e500,Alice in Chains,Rotten Apple,,1,1,1,,not_enriched,unreviewed
411,S0a63c08f66,The Hollies,Soldier’s Song,,1,1,1,,not_enriched,unreviewed
412,S0a712d553d,Loggins & Messina,Be Free,,1,1,1,,not_enriched,unreviewed
413,S0a8fd19986,Huey Lewis & the News,100 Years From Now,,1,1,1,,not_enriched,unreviewed
414,S0ab38449d9,New Moon Jelly Roll Freedom Rockers,Blues For Yesterday,,1,1,1,,not_enriched,unreviewed
415,S0adc85ec49,Kenny Loggins,Meet Me Halfway,,1,1,1,,not_enriched,unreviewed
416,S0ae3b5e119,The Moody Blues,Dawning Is the Day,,1,1,1,,not_enriched,unreviewed
417,S0b08ac7ab6,Queen,"Get Down, Make Love",,1,1,1,,not_enriched,unreviewed
418,S0b5e6779ae,The Police,So Lonely,,1,1,1,,not_enriched,unreviewed
419,S0b660e20a3,Bob Dylan,Watching the River Flow,,1,1,1,,not_enriched,unreviewed
420,S0b9d229b09,Bad Company,Ballad of the Band,,1,1,1,,not_enriched,unreviewed
421,S0bacd87141,The Who,Amazing Journey,,1,1,1,,not_enriched,unreviewed
422,S0bca161b29,Jimi Hendrix,Third Stone From the Sun,,1,1,1,,not_enriched,unreviewed
423,S0bd6207e30,Eric Clapton,Tell the Truth,,1,1,1,,not_enriched,unreviewed
424,S0d36ef6259,Wings,Mull of Kintyre,,1,1,1,,not_enriched,unreviewed
425,S0d4c67664c,Sheryl Crow,Am I Getting Through (Part I & II),,1,1,1,,not_enriched,unreviewed
426,S0d6a4f6d0d,Collective Soul,All,,1,1,1,,not_enriched,unreviewed
427,S0da8eaa014,War,Whose Cadillac Is That?,,1,1,1,,not_enriched,unreviewed
428,S0dab50dcd5,Carly Simon,Haven't Got Time for the Pain,,1,1,1,,not_enriched,unreviewed
429,S0db07f56c5,Bad Company,Painted Face,,1,1,1,,not_enriched,unreviewed
430,S0de09a7f9d,Pink Floyd,Nobody Home,,1,1,1,,not_enriched,unreviewed
431,S0e39ebd58f,Lindsey Buckingham,You Do or You Don't,,1,1,1,,not_enriched,unreviewed
432,S0e45962b1b,Lynyrd Skynyrd,Gimme Three Steps,,1,1,1,,not_enriched,unreviewed
433,S0e4844f6ca,Gordon Lightfoot,Wherefore and Why,,1,1,1,,not_enriched,unreviewed
434,S0e92f7b0cd,The Guess Who,Share the Land,,1,1,1,,not_enriched,unreviewed
435,S0e95df4923,Ace,Rock & Roll Runaway,,1,1,1,,not_enriched,unreviewed
436,S0ec3442f7c,The Beatles,You Like Me Too Much,,1,1,1,,not_enriched,unreviewed
437,S0ecadc6ed7,Ace,Why?,,1,1,1,,not_enriched,unreviewed
438,S0f120a7b72,Queen,Spread Your Wings,,1,1,1,,not_enriched,unreviewed
439,S0f33053f09,Bob Seger & the Silver Bullet Band,Ship of Fools,,1,1,1,,not_enriched,unreviewed
440,S0f3477c609,Joe Walsh,Dreams,,1,1,1,,not_enriched,unreviewed
441,S0f475c348f,The Beatles,Flying,,1,1,1,,not_enriched,unreviewed
442,S0f5c7ef084,Joan Osborne,Let’s Just Get Naked,,1,1,1,,not_enriched,unreviewed
443,S0f933d78e9,Bruce Springsteen,Working on the Highway,,1,1,1,,not_enriched,unreviewed
444,S0fb6f13d6c,The Pointer Sisters,Jump (for My Love),,1,1,1,,not_enriched,unreviewed
445,S0fcd436d62,Traveling Wilburys,Congratulations,,1,1,1,,not_enriched,unreviewed
446,S10331ed159,The Alan Parsons Project,Breakdown,,1,1,1,,not_enriched,unreviewed
447,S10486a7ff6,Journey,Patiently,,1,1,1,,not_enriched,unreviewed
448,S105993d8c9,Led Zeppelin,Thank You,,1,1,1,,not_enriched,unreviewed
449,S105e8f2980,Heart,Straight On (acoustic),,1,1,1,,not_enriched,unreviewed
450,S10cbbb8e98,Journey,Feeling That Way,,1,1,1,,not_enriched,unreviewed
451,S10daebfa03,Alice in Chains,Swing on This,,1,1,1,,not_enriched,unreviewed
452,S10e13af3f5,Steppenwolf,Monster,,1,1,1,,not_enriched,unreviewed
453,S10e8ff737e,The Guess Who,American Woman,,1,1,1,,not_enriched,unreviewed
454,S116ce26265,Robert Palmer,Some Guys Have All the Luck,,1,1,1,,not_enriched,unreviewed
455,S1170b73184,Simon & Garfunkel,The Boxer,,1,1,1,,not_enriched,unreviewed
456,S117ff98193,Bob Dylan,Lay Lady Lay,,1,1,1,,not_enriched,unreviewed
457,S1286f54223,The Cars,Don't Cha Stop,,1,1,1,,not_enriched,unreviewed
458,S12e0e34371,REO Speedwagon,Keep On Loving You,,1,1,1,,not_enriched,unreviewed
459,S13582cc9f4,Joan Osborne,Spider Web,,1,1,1,,not_enriched,unreviewed
460,S137d1a8b87,Traveling Wilburys,Tweeter and the Monkey Man,,1,1,1,,not_enriched,unreviewed
461,S1383bd4cfb,The 5th Dimension,"Up, Up and Away",,1,1,1,,not_enriched,unreviewed
462,S13a55cca05,Scorpions,Big City Nights,,1,1,1,,not_enriched,unreviewed
463,S13ae898d0f,Bob Dylan,I Want You,,1,1,1,,not_enriched,unreviewed
464,S13bb0a1fc9,Neil Diamond,Teach Me Tonight,,1,1,1,,not_enriched,unreviewed
465,S13c6d8f9cc,Queen,Sleeping on the Sidewalk,,1,1,1,,not_enriched,unreviewed
466,S13d2f786bd,Paul McCartney & Wings,Bluebird,,1,1,1,,not_enriched,unreviewed
467,S13d6eaeb10,Alice Cooper,Under My Wheels,,1,1,1,,not_enriched,unreviewed
468,S13e05e945e,Neil Young,Cortez the Killer,,1,1,1,,not_enriched,unreviewed
469,S1401da7efe,The Alan Parsons Project,Day After Day (The Show Must Go On),,1,1,1,,not_enriched,unreviewed
470,S1410b97da2,War,Spill the Wine,,1,1,1,,not_enriched,unreviewed
471,S1431883602,Santana,Evil Ways,,1,1,1,,not_enriched,unreviewed
472,S1447044143,Tom Kimmel,Tryin' to Dance,,1,1,1,,not_enriched,unreviewed
473,S144f4b669c,Jimi Hendrix,Little Miss Lover,,1,1,1,,not_enriched,unreviewed
474,S1460ca8a5a,Tracy Chapman,Material World,,1,1,1,,not_enriched,unreviewed
475,S14cb927a12,Steppenwolf,Screaming Night Hog,,1,1,1,,not_enriched,unreviewed
476,S14e8e75ecd,Kenny Loggins,I'm Alright,,1,1,1,,not_enriched,unreviewed
477,S151ecc728a,The Alan Parsons Project,I Robot,,1,1,1,,not_enriched,unreviewed
478,S152206c59c,Heart,Dreamboat Annie (Fantasy Child),,1,1,1,,not_enriched,unreviewed
479,S1537bc1900,The Rolling Stones,Honky Tonk Women,,1,1,1,,not_enriched,unreviewed
480,S1564a90bbd,Tom Petty and the Heartbreakers,What Are You Doin’ in My Life?,,1,1,1,,not_enriched,unreviewed
481,S158cfb1404,Heart,Dreamboat Annie (reprise),,1,1,1,,not_enriched,unreviewed
482,S158cfbeff6,Supertramp,School,,1,1,1,,not_enriched,unreviewed
483,S15db4ac360,Kansas,Fight Fire With Fire,,1,1,1,,not_enriched,unreviewed
484,S15de9d72d4,The Who,Overture,,1,1,1,,not_enriched,unreviewed
485,S160277a0e0,Peter Frampton,Doobie Wah,,1,1,1,,not_enriched,unreviewed
486,S164006fe06,The Moody Blues,Question,,1,1,1,,not_enriched,unreviewed
487,S1671b85a8e,The Doobie Brothers,South City Midnight Lady,,1,1,1,,not_enriched,unreviewed
488,S173a8967f0,New Moon Jelly Roll Freedom Rockers,Blues is a Mighty Bad Feeling,,1,1,1,,not_enriched,unreviewed
489,S173b83d849,Dire Straits,Six Blade Knife,,1,1,1,,not_enriched,unreviewed
490,S173c7381ae,Foreigner,"Long, Long Way From Home",,1,1,1,,not_enriched,unreviewed
491,S173e7010cb,Queen,Fight From the Inside,,1,1,1,,not_enriched,unreviewed
492,S1741350bbe,Greg Kihn Band,The Girl Most Likely,,1,1,1,,not_enriched,unreviewed
493,S175514530b,Paul McCartney,Coming Up,,1,1,1,,not_enriched,unreviewed
494,S1755ec62ab,The Hollies,Look Through Any Window,,1,1,1,,not_enriched,unreviewed
495,S179b0f90ad,Collective Soul,Pretty Donna,,1,1,1,,not_enriched,unreviewed
496,S17ce5ed938,The Moody Blues,Evening: The Sun Set / Twilight Time,,1,1,1,,not_enriched,unreviewed
497,S17ea8f99bc,The Pointer Sisters,Goldmine,,1,1,1,,not_enriched,unreviewed
498,S1802a47679,Sheryl Crow,We Do What We Can,,1,1,1,,not_enriched,unreviewed
499,S1851bba566,Supertramp,Fool’s Overture,,1,1,1,,not_enriched,unreviewed
500,S18594da00d,The Doobie Brothers,You Just Can't Stop It,,1,1,1,,not_enriched,unreviewed
501,S18a79eccbf,Lynyrd Skynyrd,Free Bird,,1,1,1,,not_enriched,unreviewed
502,S19149c7d0b,Neil Young,Love Is a Rose,,1,1,1,,not_enriched,unreviewed
503,S19617150c0,Supertramp,Bloody Well Right,,1,1,1,,not_enriched,unreviewed
504,S196750f91d,Robert Palmer,Pride,,1,1,1,,not_enriched,unreviewed
505,S196816b480,Foreigner,Starrider,,1,1,1,,not_enriched,unreviewed
506,S19de353f14,Soundgarden,Fell on Black Days,,1,1,1,,not_enriched,unreviewed
507,S1a1d9bc037,Bob Seger & the Silver Bullet Band,You’ll Accomp’ny Me,,1,1,1,,not_enriched,unreviewed
508,S1a3cf7bdbd,The Beatles,"Here, There and Everywhere",,1,1,1,,not_enriched,unreviewed
509,S1a8bbe731d,Enigma,Return to Innocence,,1,1,1,,not_enriched,unreviewed
510,S1aaaed9c6f,Three Dog Night,I'd Be So Happy,,1,1,1,,not_enriched,unreviewed
511,S1ad3a31030,"Crosby, Stills, Nash & Young",Our House,,1,1,1,,not_enriched,unreviewed
512,S1b2f4d91b7,Sheryl Crow,Superstar,,1,1,1,,not_enriched,unreviewed
513,S1b37a3468f,The Alan Parsons Project,Total Eclipse,,1,1,1,,not_enriched,unreviewed
514,S1c01560da2,"Crosby, Stills & Nash",Suite: Judy Blue Eyes,,1,1,1,,not_enriched,unreviewed
515,S1c02b623f8,The Hollies,Someone Else’s Eyes,,1,1,1,,not_enriched,unreviewed
516,S1c41ed1119,Bon Jovi,Raise Your Hands,,1,1,1,,not_enriched,unreviewed
517,S1c53912f2d,Paul McCartney,Love In Song,,1,1,1,,not_enriched,unreviewed
518,S1c7b346e86,The Rolling Stones,(I Can’t Get No) Satisfaction,,1,1,1,,not_enriched,unreviewed
519,S1c9aa0c464,U2,Pride (In the Name of Love),,1,1,1,,not_enriched,unreviewed
520,S1ca594b684,Sheryl Crow,Sad Sad World,,1,1,1,,not_enriched,unreviewed
521,S1cbcd02c6f,Supertramp,From Now On,,1,1,1,,not_enriched,unreviewed
522,S1ce7cfd629,Greg Kihn Band,Sheila,,1,1,1,,not_enriched,unreviewed
523,S1cfdca5daf,The Babys,Head First,,1,1,1,,not_enriched,unreviewed
524,S1d13e3f8e5,Kenny Loggins,Return to Pooh Corner,,1,1,1,,not_enriched,unreviewed
525,S1d1b97d077,Tom Petty and the Heartbreakers,Luna,,1,1,1,,not_enriched,unreviewed
526,S1d6f953732,Dire Straits,Your Latest Trick,,1,1,1,,not_enriched,unreviewed
527,S1d71ef1b86,REO Speedwagon,Out of Season,,1,1,1,,not_enriched,unreviewed
528,S1d8efbe3bf,Simon & Garfunkel,April Come She Will,,1,1,1,,not_enriched,unreviewed
529,S1daeb2e913,U2,Red Hill Mining Town,,1,1,1,,not_enriched,unreviewed
530,S1dd7cae098,Gordon Lightfoot,Summer Side of Life,,1,1,1,,not_enriched,unreviewed
531,S1e13f1e741,Eric Clapton,Slunky,,1,1,1,,not_enriched,unreviewed
532,S1e39d61ad2,Eric Clapton,Walkin’ Blues,,1,1,1,,not_enriched,unreviewed
533,S1e4b01b471,Eagles,Take the Devil,,1,1,1,,not_enriched,unreviewed
534,S1ea7bc7c1a,Jimi Hendrix,All Along the Watch Tower,,1,1,1,,not_enriched,unreviewed
535,S1f2116cd46,Supertramp,Give a Little Bit,,1,1,1,,not_enriched,unreviewed
536,S1f4ac0b9e1,The Hollies,Just One Look,,1,1,1,,not_enriched,unreviewed
537,S1fbddb9b44,Neil Young,Human Highway,,1,1,1,,not_enriched,unreviewed
538,S1fe17e4e07,Kenny Loggins,Footloose,,1,1,1,,not_enriched,unreviewed
539,S1ffcc84f32,Tracy Chapman,Crossroads,,1,1,1,,not_enriched,unreviewed
540,S200ceb8b79,George Harrison,My Sweet Lord,,1,1,1,,not_enriched,unreviewed
541,S2029708da3,Kansas,Miracles Out of Nowhere,,1,1,1,,not_enriched,unreviewed
542,S203c737048,Bruce Springsteen,I’m Goin’ Down,,1,1,1,,not_enriched,unreviewed
543,S206e1f3fcb,Joan Osborne,One of Us,,1,1,1,,not_enriched,unreviewed
544,S20846e935a,Robert Palmer,Best of Both Worlds,,1,1,1,,not_enriched,unreviewed
545,S2086b2c548,Supertramp,The Logical Song,,1,1,1,,not_enriched,unreviewed
546,S209e94c1b5,The Doobie Brothers,Spirit,,1,1,1,,not_enriched,unreviewed
547,S20b2546204,Electric Light Orchestra,Showdown,,1,1,1,,not_enriched,unreviewed
548,S20e4450de0,The 5th Dimension,(Last Night) I Didn't Get to Sleep at All,,1,1,1,,not_enriched,unreviewed
549,S2126c2ba73,Billy Joel,Uptown Girl,,1,1,1,,not_enriched,unreviewed
550,S2156a93637,Steve Miller Band,Rock'n Me,,1,1,1,,not_enriched,unreviewed
551,S21aa7081c1,The Rolling Stones,Under My Thumb,,1,1,1,,not_enriched,unreviewed
552,S21bde33831,The Stills–Young Band,Campaigner,,1,1,1,,not_enriched,unreviewed
553,S21e42d0b0f,Carly Simon,Nobody Does It Better,,1,1,1,,not_enriched,unreviewed
554,S21f3ab8fea,The Beatles,Golden Slumbers,,1,1,1,,not_enriched,unreviewed
555,S222ac7bd0f,Sheryl Crow,Redemption Day,,1,1,1,,not_enriched,unreviewed
556,S224385838b,Tracy Chapman,A Hundred Years,,1,1,1,,not_enriched,unreviewed
557,S22588403a2,Alice in Chains,No Excuses,,1,1,1,,not_enriched,unreviewed
558,S22ccacfafb,Tom Kimmel,Violet Eyes,,1,1,1,,not_enriched,unreviewed
559,S23071e1384,Temple of the Dog,Say Hello 2 Heaven,,1,1,1,,not_enriched,unreviewed
560,S232460654a,Eagles,Tryin’,,1,1,1,,not_enriched,unreviewed
561,S2327e855d9,Peter Frampton,Wind of Change,,1,1,1,,not_enriched,unreviewed
562,S23ba19f11c,The Byrds,The Bells of Rhymney,,1,1,1,,not_enriched,unreviewed
563,S23bb183575,Eric Clapton,Hey Hey,,1,1,1,,not_enriched,unreviewed
564,S23cb742b1b,Robert Palmer,Give Me an Inch,,1,1,1,,not_enriched,unreviewed
565,S23ccc97b57,Wings,Listen to What the Man Said,,1,1,1,,not_enriched,unreviewed
566,S23d759ed8d,Soundgarden,Kickstand,,1,1,1,,not_enriched,unreviewed
567,S23e2da5300,Bob Seger & the Silver Bullet Band,The Fire Down Below,,1,1,1,,not_enriched,unreviewed
568,S2421670991,The Beatles,Polythene Pam,,1,1,1,,not_enriched,unreviewed
569,S2467623ee3,Pink Floyd,Sheep,,1,1,1,,not_enriched,unreviewed
570,S24a9382dc9,Neil Young,Comes a Time,,1,1,1,,not_enriched,unreviewed
571,S2504df0012,Pearl Jam,Garden,,1,1,1,,not_enriched,unreviewed
572,S252e2a7550,Pink Floyd,"Shine On You Crazy Diamond, Parts I–V",,1,1,1,,not_enriched,unreviewed
573,S254fc150e7,Paul McCartney,Once Upon a Long Ago,,1,1,1,,not_enriched,unreviewed
574,S2576ee1c59,Linda Ronstadt,Silver Threads and Golden Needles,,1,1,1,,not_enriched,unreviewed
575,S258b7f9c87,Supertramp,C’est le bon,,1,1,1,,not_enriched,unreviewed
576,S25bc81fe8c,Tom Petty and the Heartbreakers,Mary Jane’s Last Dance,,1,1,1,,not_enriched,unreviewed
577,S25ed745f7a,Pearl Jam,Master / Slave,,1,1,1,,not_enriched,unreviewed
578,S269554a206,Huey Lewis and the News,You Crack Me Up,,1,1,1,,not_enriched,unreviewed
579,S26c19fb518,The J. Geils Band,Givin’ It All Up,,1,1,1,,not_enriched,unreviewed
580,S26f9e6f463,Sheryl Crow,Home,,1,1,1,,not_enriched,unreviewed
581,S273a065cb7,The Rolling Stones,Ruby Tuesday,,1,1,1,,not_enriched,unreviewed
582,S27d0cef5b9,Tom Petty,A Face in the Crowd,,1,1,1,,not_enriched,unreviewed
583,S2829b0413f,The Pointer Sisters,Slow Hand,,1,1,1,,not_enriched,unreviewed
584,S282ca4bef5,Pink Floyd,Money,,1,1,1,,not_enriched,unreviewed
585,S28476b4733,Eagles,Nightingale,,1,1,1,,not_enriched,unreviewed
586,S284fce8498,Huey Lewis and the News,Finally Found a Home,,1,1,1,,not_enriched,unreviewed
587,S287f4fd1f7,Jackson Browne,The Pretender,,1,1,1,,not_enriched,unreviewed
588,S28b55d7021,The Mamas & the Papas,California Dreamin',,1,1,1,,not_enriched,unreviewed
589,S28cb8dd456,Dire Straits,Industrial Disease,,1,1,1,,not_enriched,unreviewed
590,S28d43a4ea8,Supertramp,Dreamer,,1,1,1,,not_enriched,unreviewed
591,S291d025b29,Enigma,The Dream of the Dolphin,,1,1,1,,not_enriched,unreviewed
592,S29579702ec,Linda Ronstadt,Just One Look,,1,1,1,,not_enriched,unreviewed
593,S296a1dadb3,The Beatles,Within You Without You,,1,1,1,,not_enriched,unreviewed
594,S296c55bf6c,The Who,Go to the Mirror!,,1,1,1,,not_enriched,unreviewed
595,S29fc34376f,Simon & Garfunkel,Punky’s Dilemma,,1,1,1,,not_enriched,unreviewed
596,S2a10d47659,The Steve Miller Band,Electro Lux Imbroglio,,1,1,1,,not_enriched,unreviewed
597,S2a16008f62,Bob Seger & the Silver Bullet Band,Come to Poppa,,1,1,1,,not_enriched,unreviewed
598,S2a67a135e8,Neil Young,The Old Laughing Lady,,1,1,1,,not_enriched,unreviewed
599,S2a6cd62c2e,James Taylor,Walking Man,,1,1,1,,not_enriched,unreviewed
600,S2b3e75cb30,Gordon Lightfoot,Bitter Green,,1,1,1,,not_enriched,unreviewed
601,S2b5035360c,Supertramp,Put On Your Old Brown Shoes,,1,1,1,,not_enriched,unreviewed
602,S2b76f59054,Billy Joel,Just the Way You Are,,1,1,1,,not_enriched,unreviewed
603,S2b9c058b7d,Eric Clapton,Malted Milk,,1,1,1,,not_enriched,unreviewed
604,S2bd6dba85f,Huey Lewis and the News,Bad Is Bad,,1,1,1,,not_enriched,unreviewed
605,S2c2bce52f5,The Mamas & the Papas,"Trip, Stumble and Fall",,1,1,1,,not_enriched,unreviewed
606,S2d35f2512d,Pearl Jam,Porch,,1,1,1,,not_enriched,unreviewed
607,S2d5bf7083f,R.E.M.,Shiny Happy People,,1,1,1,,not_enriched,unreviewed
608,S2d698f011c,Billy Joel,This Night,,1,1,1,,not_enriched,unreviewed
609,S2d6a292fc5,Rod Stewart,Tomorrow Is Such a Long Time,,1,1,1,,not_enriched,unreviewed
610,S2d8408508e,Paul McCartney,Man We Was Lonely,,1,1,1,,not_enriched,unreviewed
611,S2d8e8c502b,Eric Clapton,Willie and the Hand Jive,,1,1,1,,not_enriched,unreviewed
612,S2ddd3fcded,Led Zeppelin,Celebration Day,,1,1,1,,not_enriched,unreviewed
613,S2e0aa0ff82,The Beatles,I Need You,,1,1,1,,not_enriched,unreviewed
614,S2e23313132,Collective Soul,Scream,,1,1,1,,not_enriched,unreviewed
615,S2e5a1ade7b,Sheryl Crow,No One Said It Would Be Easy,,1,1,1,,not_enriched,unreviewed
616,S2e6a747972,Simon & Garfunkel,A Poem on the Underground Wall,,1,1,1,,not_enriched,unreviewed
617,S2ed2d4e408,The Beatles,Blue Jay Way,,1,1,1,,not_enriched,unreviewed
618,S2ee2631881,Bob Dylan,All Along the Watchtower,,1,1,1,,not_enriched,unreviewed
619,S2f235ff045,The Moody Blues,Minstrel’s Song,,1,1,1,,not_enriched,unreviewed
620,S2f4f1efd55,Dire Straits,It Never Rains,,1,1,1,,not_enriched,unreviewed
621,S2f51193d2b,Yes,It Can Happen,,1,1,1,,not_enriched,unreviewed
622,S2fa5b540f5,Icehouse,Jimmy Dean,,1,1,1,,not_enriched,unreviewed
623,S2fe618628b,Lindsey Buckingham,Spoken Introduction To:,,1,1,1,,not_enriched,unreviewed
624,S3009d6c606,Kansas,Play the Game Tonight,,1,1,1,,not_enriched,unreviewed
625,S3018462c20,The Steve Miller Band,Sacrifice,,1,1,1,,not_enriched,unreviewed
626,S301bf6ea4a,"Crosby, Stills, Nash & Young",4 + 20,,1,1,1,,not_enriched,unreviewed
627,S3075f3a335,Billy Joel,The Longest Time,,1,1,1,,not_enriched,unreviewed
628,S30d03a7b79,Scorpions,Holiday,,1,1,1,,not_enriched,unreviewed
629,S30d63b58d1,Stevie Wonder,Ribbon in the Sky,,1,1,1,,not_enriched,unreviewed
630,S31072dfb5c,Fleetwood Mac,Crystal,,1,1,1,,not_enriched,unreviewed
631,S3118c228b9,Gordon Lightfoot,Cotton Jenny,,1,1,1,,not_enriched,unreviewed
632,S315f163ca2,The Byrds,Chimes of Freedom,,1,1,1,,not_enriched,unreviewed
633,S3169f8bb88,Supertramp,Goodbye Stranger,,1,1,1,,not_enriched,unreviewed
634,S316a6eaefc,Bon Jovi,Livin’ on a Prayer,,1,1,1,,not_enriched,unreviewed
635,S3179b01dd3,Steve Miller Band,Take the Money and Run,,1,1,1,,not_enriched,unreviewed
636,S31af6c4cf1,Heart,Cook With Fire,,1,1,1,,not_enriched,unreviewed
637,S31cfc033ef,Paul McCartney & Wings,Let Me Roll It,,1,1,1,,not_enriched,unreviewed
638,S320b031b71,The Cars,Moving in Stereo,,1,1,1,,not_enriched,unreviewed
639,S320c062676,Steely Dan,Do It Again,,1,1,1,,not_enriched,unreviewed
640,S323c3d3339,Neil Diamond,This Time,,1,1,1,,not_enriched,unreviewed
641,S326f2d395f,Dire Straits,Down to the Waterline,,1,1,1,,not_enriched,unreviewed
642,S32741258ad,Robert Palmer,Addicted to Love,,1,1,1,,not_enriched,unreviewed
643,S3281829eb4,Pearl Jam,Oceans,,1,1,1,,not_enriched,unreviewed
644,S32de638b11,U2,When Love Comes to Town,,1,1,1,,not_enriched,unreviewed
645,S3300555a93,Simon and Garfunkel,Keep the Customer Satisfied,,1,1,1,,not_enriched,unreviewed
646,S332ac5866b,War,Galaxy,,1,1,1,,not_enriched,unreviewed
647,S337bbbdbce,The Hollies,I Can’t Let Go,,1,1,1,,not_enriched,unreviewed
648,S3380308a52,Temple of the Dog,Reach Down,,1,1,1,,not_enriched,unreviewed
649,S3396657ab2,Roger Hodgson,Lovers in the Wind,,1,1,1,,not_enriched,unreviewed
650,S33d633a906,Bad Company,Electricland,,1,1,1,,not_enriched,unreviewed
651,S33ff1b5929,The Doobie Brothers,Flying Cloud,,1,1,1,,not_enriched,unreviewed
652,S341212c01c,Jimi Hendrix,Drifting,,1,1,1,,not_enriched,unreviewed
653,S342667b6c5,U2,Love Comes Tumbling,,1,1,1,,not_enriched,unreviewed
654,S3456647cdb,Loggins & Messina,Danny's Song,,1,1,1,,not_enriched,unreviewed
655,S349186fc9e,The Beatles,Sun King,,1,1,1,,not_enriched,unreviewed
656,S34bb9e8e46,Bad Company,Untie the Knot,,1,1,1,,not_enriched,unreviewed
657,S34e4f4e981,Collective Soul,In a Moment,,1,1,1,,not_enriched,unreviewed
658,S3503176475,Bob Seger & the Silver Bullet Band,Rock and Roll Never Forgets,,1,1,1,,not_enriched,unreviewed
659,S3515a8bcf3,Neil Diamond,Headed for the Future,,1,1,1,,not_enriched,unreviewed
660,S3555674a20,Jackson Browne,Sleep's Dark and Silent Gate,,1,1,1,,not_enriched,unreviewed
661,S35585af5d5,Linda Ronstadt,It’s So Easy,,1,1,1,,not_enriched,unreviewed
662,S355f800ad4,Robert Palmer,Looking for Clues,,1,1,1,,not_enriched,unreviewed
663,S3570d36552,Fleetwood Mac,"You and I, Part II",,1,1,1,,not_enriched,unreviewed
664,S35dae29ffa,Simon & Garfunkel,Cloudy,,1,1,1,,not_enriched,unreviewed
665,S3621f294b0,Paul McCartney,No More Lonely Nights,,1,1,1,,not_enriched,unreviewed
666,S36373098d6,The Beatles,I Want You (She's So Heavy),,1,1,1,,not_enriched,unreviewed
667,S363ba2002e,Tom Petty and the Heartbreakers,Kings Road,,1,1,1,,not_enriched,unreviewed
668,S3675f7ef8e,Peter Frampton,Shine On,,1,1,1,,not_enriched,unreviewed
669,S368e3c3988,Tom Petty,Runnin' Down a Dream,,1,1,1,,not_enriched,unreviewed
670,S36a243fc25,The Alan Parsons Project,Genesis Ch. 1 V. 32,,1,1,1,,not_enriched,unreviewed
671,S36e001ab8f,Sheryl Crow,Anything but Down,,1,1,1,,not_enriched,unreviewed
672,S36f5eb2335,Supertramp,Take the Long Way Home,,1,1,1,,not_enriched,unreviewed
673,S3732e00a59,Carly Simon,All I Want Is You,,1,1,1,,not_enriched,unreviewed
674,S3737ad503b,Neil Young,"Tonight’s the Night, Part 1",,1,1,1,,not_enriched,unreviewed
675,S37553725b9,Tom Petty and the Heartbreakers,You Tell Me,,1,1,1,,not_enriched,unreviewed
676,S37644b767b,Peter Gabriel,Sledgehammer,,1,1,1,,not_enriched,unreviewed
677,S37692d5bad,Pink Floyd,Goodbye Blue Sky,,1,1,1,,not_enriched,unreviewed
678,S378dffa389,Robert Palmer,"Man Smart, Woman Smarter",,1,1,1,,not_enriched,unreviewed
679,S37948025c0,Peter Frampton,Jumping Jack Flash,,1,1,1,,not_enriched,unreviewed
680,S379bce9a4f,Tom Petty and the Heartbreakers,Free Fallin’,,1,1,1,,not_enriched,unreviewed
681,S37a8ad2263,Supertramp,Gone Hollywood,,1,1,1,,not_enriched,unreviewed
682,S37aaa290fe,Billy Joel,Leave a Tender Moment Alone,,1,1,1,,not_enriched,unreviewed
683,S37c48d391a,Styx,Castle Walls,,1,1,1,,not_enriched,unreviewed
684,S37d78ef91b,Steppenwolf,Jupiter’s Child,,1,1,1,,not_enriched,unreviewed
685,S382195f18a,Paul McCartney & Wings,Picasso’s Last Words (Drink to Me),,1,1,1,,not_enriched,unreviewed
686,S383702c014,"Crosby, Stills & Nash",Marrakesh Express,,1,1,1,,not_enriched,unreviewed
687,S383deb32a2,The Beatles,Her Majesty,,1,1,1,,not_enriched,unreviewed
688,S385e06e34c,The Who,Tommy’s Holiday Camp,,1,1,1,,not_enriched,unreviewed
689,S385fc3169c,Todd Snider,Trouble,,1,1,1,,not_enriched,unreviewed
690,S386ac870be,Rod Stewart,You’re in My Heart (The Final Acclaim),,1,1,1,,not_enriched,unreviewed
691,S386de194a8,Supertramp,Casual Conversations,,1,1,1,,not_enriched,unreviewed
692,S389d38b3de,The Guess Who,No Time,,1,1,1,,not_enriched,unreviewed
693,S38befe7658,Tom Petty,Depending on You,,1,1,1,,not_enriched,unreviewed
694,S38dc2b230b,Alice in Chains,Nutshell,,1,1,1,,not_enriched,unreviewed
695,S39090bb119,The Beatles,While My Guitar Gently Weeps,,1,1,1,,not_enriched,unreviewed
696,S3929698ee0,Led Zeppelin,When the Levee Breaks,,1,1,1,,not_enriched,unreviewed
697,S392df825ed,Scorpions,Hey You,,1,1,1,,not_enriched,unreviewed
698,S39552f5edf,Collective Soul,Wasting Time,,1,1,1,,not_enriched,unreviewed
699,S3978607218,Paul McCartney,Rock Show,,1,1,1,,not_enriched,unreviewed
700,S398e19b98b,Jackson Browne,Here Come Those Tears Again,,1,1,1,,not_enriched,unreviewed
701,S39bf89195e,Carole King,Will You Love Me Tomorrow,,1,1,1,,not_enriched,unreviewed
702,S39c2636cee,Steppenwolf,Magic Carpet Ride,,1,1,1,,not_enriched,unreviewed
703,S39ca26fc47,Three Dog Night,Play Something Sweet (Brickyard Blues),,1,1,1,,not_enriched,unreviewed
704,S39cc080651,Lindsey Buckingham,Don't Look Down,,1,1,1,,not_enriched,unreviewed
705,S3a24fc12d9,New Moon Jelly Roll Freedom Rockers,Can’t Stand To See You Go,,1,1,1,,not_enriched,unreviewed
706,S3a2ca28cc7,Led Zeppelin,The Battle of Evermore,,1,1,1,,not_enriched,unreviewed
707,S3a9633e4ed,Linda Ronstadt,Desperado,,1,1,1,,not_enriched,unreviewed
708,S3ac8b99c31,Billy Joel,Movin’ Out (Anthony’s Song),,1,1,1,,not_enriched,unreviewed
709,S3b04ab3f18,Pearl Jam,Why Go,,1,1,1,,not_enriched,unreviewed
710,S3b472d5685,Lynyrd Skynyrd,Gimme Back My Bullets,,1,1,1,,not_enriched,unreviewed
711,S3ba6449318,Bob Dylan,Positively 4th Street,,1,1,1,,not_enriched,unreviewed
712,S3ba90dd2a8,Robert Palmer,Sneakin’ Sally Through the Alley,,1,1,1,,not_enriched,unreviewed
713,S3bf548cfd0,The Who,Getting in Tune,,1,1,1,,not_enriched,unreviewed
714,S3c077d3a5f,Peter Frampton,Show Me the Way,,1,1,1,,not_enriched,unreviewed
715,S3c5427e336,The Who,My Wife,,1,1,1,,not_enriched,unreviewed
716,S3c68807f3a,The Babys,Midnight Rendezvous,,1,1,1,,not_enriched,unreviewed
717,S3c9b3abba5,Pink Floyd,Hey You,,1,1,1,,not_enriched,unreviewed
718,S3cc2752740,Queen,Sheer Heart Attack,,1,1,1,,not_enriched,unreviewed
719,S3d07e72124,U2,All I Want Is You,,1,1,1,,not_enriched,unreviewed
720,S3d0d9c5708,Steely Dan,Reelin’ In the Years,,1,1,1,,not_enriched,unreviewed
721,S3d1dde1e91,U2,Silver and Gold,,1,1,1,,not_enriched,unreviewed
722,S3d2cb77d76,The Cars,All Mixed Up,,1,1,1,,not_enriched,unreviewed
723,S3d39c26b59,The Rolling Stones,Street Fighting Man,,1,1,1,,not_enriched,unreviewed
724,S3d56a5c15b,Bob Seger & the Silver Bullet Band,Long Twin Silver Line,,1,1,1,,not_enriched,unreviewed
725,S3d57f526c8,Tom Petty,Zombie Zoo,,1,1,1,,not_enriched,unreviewed
726,S3d911874af,Tom Petty,The Apartment Song,,1,1,1,,not_enriched,unreviewed
727,S3de00f3b37,The Rolling Stones,Midnight Rambler,,1,1,1,,not_enriched,unreviewed
728,S3e36c7fa48,Pearl Jam,Once,,1,1,1,,not_enriched,unreviewed
729,S3e3b9d948f,Enigma,Silent Warrior,,1,1,1,,not_enriched,unreviewed
730,S3e7af3b0c5,Carole King,I Feel the Earth Move,,1,1,1,,not_enriched,unreviewed
731,S3ebe238eb5,Kansas,Questions of My Childhood,,1,1,1,,not_enriched,unreviewed
732,S3eceae78ae,Eric Clapton,Lonely Stranger,,1,1,1,,not_enriched,unreviewed
733,S3edafd36ad,Carly Simon,James,,1,1,1,,not_enriched,unreviewed
734,S3f41bdc001,Led Zeppelin,Friends,,1,1,1,,not_enriched,unreviewed
735,S3f4ea33440,Carole King,Way Over Yonder,,1,1,1,,not_enriched,unreviewed
736,S3f64c4de73,Roger Hodgson,Hooked on a Problem,,1,1,1,,not_enriched,unreviewed
737,S3fa75876c8,Fleetwood Mac,Warm Ways,,1,1,1,,not_enriched,unreviewed
738,S3fb9aa217d,The Alan Parsons Project,The Voice,,1,1,1,,not_enriched,unreviewed
739,S40191517ec,Paul McCartney,Valentine Day,,1,1,1,,not_enriched,unreviewed
740,S40504dd027,Ace,Sniffin’ About,,1,1,1,,not_enriched,unreviewed
741,S408b8bb6e9,Tom Petty,Alright for Now,,1,1,1,,not_enriched,unreviewed
742,S4115736796,Sheryl Crow,Crash and Burn / Subway Ride,,1,1,1,,not_enriched,unreviewed
743,S4151bc9e87,Pink Floyd,Any Colour You Like,,1,1,1,,not_enriched,unreviewed
744,S41796bfb02,Billy Idol,Rebel Yell,,1,1,1,,not_enriched,unreviewed
745,S4184af25f6,Simon and Garfunkel,Song for the Asking,,1,1,1,,not_enriched,unreviewed
746,S419c162cbd,Roxy Music,Do the Strand,,1,1,1,,not_enriched,unreviewed
747,S41e3fa5786,Journey,Winds of March,,1,1,1,,not_enriched,unreviewed
748,S4227af9092,Roxy Music,Editions of You,,1,1,1,,not_enriched,unreviewed
749,S42ab41c7f8,Dire Straits,Wild West End,,1,1,1,,not_enriched,unreviewed
750,S42d3646c7a,Soundgarden,The Day I Tried to Live,,1,1,1,,not_enriched,unreviewed
751,S42f2fab607,Pink Floyd,Time,,1,1,1,,not_enriched,unreviewed
752,S436bc7cd74,Simon & Garfunkel,Patterns,,1,1,1,,not_enriched,unreviewed
753,S43a9ae8749,The Mamas & the Papas,Dedicated to the One I Love,,1,1,1,,not_enriched,unreviewed
754,S43b00c9daf,Lynyrd Skynyrd,You Got That Right,,1,1,1,,not_enriched,unreviewed
755,S43bbd63554,Todd Snider,My Generation (part 2),,1,1,1,,not_enriched,unreviewed
756,S43c67ce509,The Who,Underture,,1,1,1,,not_enriched,unreviewed
757,S43e312ff42,Buffalo Springfield,Down to the Wire,,1,1,1,,not_enriched,unreviewed
758,S443622ecfe,The Beatles,All You Need Is Love,,1,1,1,,not_enriched,unreviewed
759,S44844acaea,Scorpions,Blackout,,1,1,1,,not_enriched,unreviewed
760,S44a2090e21,Tom Petty and the Heartbreakers,"The Wild One, Forever",,1,1,1,,not_enriched,unreviewed
761,S44b9e81878,Loggins & Messina,Your Mama Don't Dance,,1,1,1,,not_enriched,unreviewed
762,S454408c02c,Steppenwolf,The Pusher,,1,1,1,,not_enriched,unreviewed
763,S4549c1836a,Neil Diamond,Golden Slumbers / Carry That Weight / The End,,1,1,1,,not_enriched,unreviewed
764,S45b426573e,R.E.M.,Losing My Religion,,1,1,1,,not_enriched,unreviewed
765,S45be99c9cc,Steely Dan,Change of the Guard,,1,1,1,,not_enriched,unreviewed
766,S45d5f4056e,The Pointer Sisters,He’s So Shy,,1,1,1,,not_enriched,unreviewed
767,S45eb8d56cb,The Animals,It’s My Life,,1,1,1,,not_enriched,unreviewed
768,S45f2013c9d,Buffalo Springfield,Burned,,1,1,1,,not_enriched,unreviewed
769,S45fb7c90aa,Chicago,Make Me Smile,,1,1,1,,not_enriched,unreviewed
770,S4643293b28,"Crosby, Stills, Nash & Young",Déjà vu,,1,1,1,,not_enriched,unreviewed
771,S465956447d,Kenny Loggins,This Is It,,1,1,1,,not_enriched,unreviewed
772,S4683118fc6,The Beatles,A Day in the Life,,1,1,1,,not_enriched,unreviewed
773,S4691e4a5aa,The Animals,Bury My Body,,1,1,1,,not_enriched,unreviewed
774,S469beb9aef,The Association,Windy,,1,1,1,,not_enriched,unreviewed
775,S46ce5b1279,Joan Osborne,Dracula Moon,,1,1,1,,not_enriched,unreviewed
776,S46cebf24f8,Gordon Lightfoot,For Lovin' Me/Did She Mention My Name,,1,1,1,,not_enriched,unreviewed
777,S46ff125718,The Association,No Fair at All,,1,1,1,,not_enriched,unreviewed
778,S47a5566f8e,The Alan Parsons Project,Gemini,,1,1,1,,not_enriched,unreviewed
779,S47c426dd62,Jimi Hendrix,Bold as Love,,1,1,1,,not_enriched,unreviewed
780,S47ee8fc6fe,Huey Lewis and the News,The Heart of Rock & Roll,,1,1,1,,not_enriched,unreviewed
781,S47f41e431e,War,Livin’ in the Red,,1,1,1,,not_enriched,unreviewed
782,S4806457010,Neil Young,Like a Hurricane,,1,1,1,,not_enriched,unreviewed
783,S480931eebd,The 5th Dimension,Stoned Soul Picnic,,1,1,1,,not_enriched,unreviewed
784,S485e6150a5,The Association,Requiem for the Masses,,1,1,1,,not_enriched,unreviewed
785,S4861b98d7e,The J. Geils Band,Love‐Itis,,1,1,1,,not_enriched,unreviewed
786,S487159e0ea,Pink Floyd,Waiting for the Worms,,1,1,1,,not_enriched,unreviewed
787,S48812ac552,Dire Straits,In the Gallery,,1,1,1,,not_enriched,unreviewed
788,S4901e2b29e,Heart,Mistral Wind,,1,1,1,,not_enriched,unreviewed
789,S49119813be,Bob Seger & the Silver Bullet Band,Shinin’ Brightly,,1,1,1,,not_enriched,unreviewed
790,S4925d641fc,Styx,Superstars,,1,1,1,,not_enriched,unreviewed
791,S494b08c875,U2,Hawkmoon 269,,1,1,1,,not_enriched,unreviewed
792,S49877c685d,The Beatles,Tomorrow Never Knows,,1,1,1,,not_enriched,unreviewed
793,S49c9e061f8,REO Speedwagon,Don’t Let Him Go,,1,1,1,,not_enriched,unreviewed
794,S49f6631a5a,The Beatles,I Me Mine,,1,1,1,,not_enriched,unreviewed
795,S4a3409ec12,Eagles,Earlybird,,1,1,1,,not_enriched,unreviewed
796,S4a86b55ee2,Bob Dylan,The Times They Are A-Changin',,1,1,1,,not_enriched,unreviewed
797,S4a994f1e72,Tom Petty and the Heartbreakers,Something in the Air,,1,1,1,,not_enriched,unreviewed
798,S4aa49481a0,Foreigner,Cold as Ice,,1,1,1,,not_enriched,unreviewed
799,S4ab1622bef,Peter Gabriel,Don’t Give Up,,1,1,1,,not_enriched,unreviewed
800,S4abda174e0,The Beatles,Oh! Yeah...Alright...,,1,1,1,,not_enriched,unreviewed
801,S4af05707ba,Kenny Loggins,For the First Time,,1,1,1,,not_enriched,unreviewed
802,S4aff18908b,Simon & Garfunkel,Leaves That Are Green,,1,1,1,,not_enriched,unreviewed
803,S4b07cbdef6,Huey Lewis & the News,When the Time Has Come,,1,1,1,,not_enriched,unreviewed
804,S4b79557121,Steely Dan,Kings,,1,1,1,,not_enriched,unreviewed
805,S4bc0504889,The Beatles,The Word,,1,1,1,,not_enriched,unreviewed
806,S4bc2b67d15,Billy Joel,Everybody Has a Dream,,1,1,1,,not_enriched,unreviewed
807,S4bc7d26b01,New Moon Jelly Roll Freedom Rockers,Greens and Hams,,1,1,1,,not_enriched,unreviewed
808,S4be00b4642,Bob Seger & the Silver Bullet Band,Fire Lake,,1,1,1,,not_enriched,unreviewed
809,S4bf7a8eb7e,The Doors,The WASP (Texas Radio and the Big Beat),,1,1,1,,not_enriched,unreviewed
810,S4c1d50ae3f,Styx,Sing for the Day,,1,1,1,,not_enriched,unreviewed
811,S4c3a6e80b4,Sheryl Crow,Leaving Las Vegas,,1,1,1,,not_enriched,unreviewed
812,S4c40485bca,Lynyrd Skynyrd,That Smell,,1,1,1,,not_enriched,unreviewed
813,S4c5881e258,Tom Petty and the Heartbreakers,Century City,,1,1,1,,not_enriched,unreviewed
814,S4c6eee8016,Eric Clapton,Have You Ever Loved a Woman,,1,1,1,,not_enriched,unreviewed
815,S4ca99ea38c,Steppenwolf,It’s Never Too Late,,1,1,1,,not_enriched,unreviewed
816,S4cae01304e,Jimi Hendrix,Izabella,,1,1,1,,not_enriched,unreviewed
817,S4cf6b56029,The Moody Blues,Melancholy Man,,1,1,1,,not_enriched,unreviewed
818,S4d109bf3b0,Fleetwood Mac,Mystified,,1,1,1,,not_enriched,unreviewed
819,S4d1cca0f1a,Pink Floyd,Wish You Were Here,,1,1,1,,not_enriched,unreviewed
820,S4d289500de,The Beatles,Penny Lane,,1,1,1,,not_enriched,unreviewed
821,S4d386dc293,Led Zeppelin,Your Time Is Gonna Come,,1,1,1,,not_enriched,unreviewed
822,S4da16cdd4a,Peter Frampton,"Baby, I Love Your Way",,1,1,1,,not_enriched,unreviewed
823,S4da85880f7,Kansas,Hold On,,1,1,1,,not_enriched,unreviewed
824,S4db9eee6ca,U2,The Three Sunrises,,1,1,1,,not_enriched,unreviewed
825,S4dc5ae51ab,New Moon Jelly Roll Freedom Rockers,Searchlight,,1,1,1,,not_enriched,unreviewed
826,S4dcc664fb1,Paul McCartney,Teddy Boy,,1,1,1,,not_enriched,unreviewed
827,S4de8cfec5b,Neil Young,Star of Bethlehem,,1,1,1,,not_enriched,unreviewed
828,S4e20e9d500,Pearl Jam,Jeremy,,1,1,1,,not_enriched,unreviewed
829,S4e726e573e,Pink Floyd,"Another Brick in the Wall, Part 1",,1,1,1,,not_enriched,unreviewed
830,S4e8408d6ba,The Stone Poneys,Different Drum,,1,1,1,,not_enriched,unreviewed
831,S4e89f46ab8,Jimi Hendrix,Dolly Dagger,,1,1,1,,not_enriched,unreviewed
832,S4f44c1938f,Heart,All I Wanna Do Is Make Love to You,,1,1,1,,not_enriched,unreviewed
833,S4f63b05f33,Todd Snider,Easy Money,,1,1,1,,not_enriched,unreviewed
834,S4f771d2b85,Joe Walsh,Book Ends,,1,1,1,,not_enriched,unreviewed
835,S4f7f76c852,Three Dog Night,The Show Must Go On,,1,1,1,,not_enriched,unreviewed
836,S4fa4584164,Temple of the Dog,Pushin Forward Back,,1,1,1,,not_enriched,unreviewed
837,S4fa66561e1,James Taylor,Don't Let Me Be Lonely Tonight,,1,1,1,,not_enriched,unreviewed
838,S4fc8ba5fdf,Lynyrd Skynyrd,Comin’ Home,,1,1,1,,not_enriched,unreviewed
839,S4fd2a4eaaf,Pearl Jam,Deep,,1,1,1,,not_enriched,unreviewed
840,S500aecd34c,Peter Gabriel,Mercy Street,,1,1,1,,not_enriched,unreviewed
841,S501e1766dc,Paul McCartney & Wings,No Words,,1,1,1,,not_enriched,unreviewed
842,S509574db2d,Joan Osborne,Right Hand Man,,1,1,1,,not_enriched,unreviewed
843,S50a53de7cb,Santana,Se acabó,,1,1,1,,not_enriched,unreviewed
844,S50f666fe34,"Crosby, Stills & Nash",Long Time Gone,,1,1,1,,not_enriched,unreviewed
845,S512c1a9b5c,Jimi Hendrix,If Six Was Nine,,1,1,1,,not_enriched,unreviewed
846,S513495c3ca,Santana,Persuasion,,1,1,1,,not_enriched,unreviewed
847,S51654d2e23,Neil Diamond,"Cherry, Cherry",,1,1,1,,not_enriched,unreviewed
848,S517a33ff05,Steppenwolf,Born to Be Wild,,1,1,1,,not_enriched,unreviewed
849,S5180d44061,Supertramp,Lover Boy,,1,1,1,,not_enriched,unreviewed
850,S51b18b96e0,Sheryl Crow,What I Can Do for You,,1,1,1,,not_enriched,unreviewed
851,S51e99600a9,Scorpions,Still Loving You,,1,1,1,,not_enriched,unreviewed
852,S5233f8d05a,Simon & Garfunkel,Bookends,,1,1,1,,not_enriched,unreviewed
853,S5270642dd1,Carly Simon,Mockingbird,,1,1,1,,not_enriched,unreviewed
854,S5270a90348,Al Stewart,Lord Grenville,,1,1,1,,not_enriched,unreviewed
855,S53562d28f2,Heart,How Deep It Goes,,1,1,1,,not_enriched,unreviewed
856,S5360f57614,Huey Lewis & the News,’Til the Day After,,1,1,1,,not_enriched,unreviewed
857,S536d8717c2,The Association,We Love,,1,1,1,,not_enriched,unreviewed
858,S541ae10b8e,Steppenwolf,Tenderness,,1,1,1,,not_enriched,unreviewed
859,S54461ac81d,Jimi Hendrix,House Burning Down,,1,1,1,,not_enriched,unreviewed
860,S546fe6aa63,The 5th Dimension,Never My Love,,1,1,1,,not_enriched,unreviewed
861,S54817b9229,Paul McCartney,We All Stand Together,,1,1,1,,not_enriched,unreviewed
862,S550e9ca3c4,Al Stewart,Year of the Cat,,1,1,1,,not_enriched,unreviewed
863,S5578e60463,The Rolling Stones,Mother’s Little Helper,,1,1,1,,not_enriched,unreviewed
864,S55bafec012,The Hollies,"Stop, Stop, Stop",,1,1,1,,not_enriched,unreviewed
865,S55f6c333d7,Roxy Music,Street Life,,1,1,1,,not_enriched,unreviewed
866,S5611933b3f,Tom Petty,A Mind With a Heart of Its Own,,1,1,1,,not_enriched,unreviewed
867,S5617bf52e7,The Who,Miracle Cure,,1,1,1,,not_enriched,unreviewed
868,S563acb5cfd,Simon & Garfunkel,Save the Life of My Child,,1,1,1,,not_enriched,unreviewed
869,S565adfceaa,Paul McCartney,You Gave Me The Answer,,1,1,1,,not_enriched,unreviewed
870,S566e8aaf0d,Dire Straits,Setting Me Up,,1,1,1,,not_enriched,unreviewed
871,S56d48cc1e7,Supertramp,Hide in Your Shell,,1,1,1,,not_enriched,unreviewed
872,S56d6580538,Simon and Garfunkel,"So Long, Frank Lloyd Wright",,1,1,1,,not_enriched,unreviewed
873,S570ed67beb,The Animals,Bring It On Home to Me,,1,1,1,,not_enriched,unreviewed
874,S57b7546dde,Billy Idol,Eyes Without a Face,,1,1,1,,not_enriched,unreviewed
875,S5805753df5,Neil Young,The Loner,,1,1,1,,not_enriched,unreviewed
876,S5848a15ad7,Kenny Loggins,Playing With the Boys,,1,1,1,,not_enriched,unreviewed
877,S58610b9817,James Taylor,Something in the Way She Moves,,1,1,1,,not_enriched,unreviewed
878,S58abe3fc41,The Cars,My Best Friend's Girl,,1,1,1,,not_enriched,unreviewed
879,S58acf662b8,REO Speedwagon,I Wish You Were There,,1,1,1,,not_enriched,unreviewed
880,S58e1b21a78,Queen,"All Dead, All Dead",,1,1,1,,not_enriched,unreviewed
881,S593c77c285,The Doobie Brothers,Pursuit on 53rd St.,,1,1,1,,not_enriched,unreviewed
882,S5944a9dff4,Eric Clapton,Alberta,,1,1,1,,not_enriched,unreviewed
883,S59909dc6f3,Fleetwood Mac,Family Man,,1,1,1,,not_enriched,unreviewed
884,S5999e1e4bc,The Steve Miller Band,Wish Upon a Star,,1,1,1,,not_enriched,unreviewed
885,S59a2a14944,Kenny Loggins,Your Mama Don't Dance,,1,1,1,,not_enriched,unreviewed
886,S59ac51c43f,Roxy Music,A Song for Europe,,1,1,1,,not_enriched,unreviewed
887,S59f26534f4,The J. Geils Band,Monkey Island,,1,1,1,,not_enriched,unreviewed
888,S5a14fc652a,Tom Petty and the Heartbreakers,I Won’t Back Down,,1,1,1,,not_enriched,unreviewed
889,S5a30ab21b7,The Hollies,On a Carousel,,1,1,1,,not_enriched,unreviewed
890,S5a4465f267,The Beatles,One After 909,,1,1,1,,not_enriched,unreviewed
891,S5a49608ce4,Styx,The Grand Illusion,,1,1,1,,not_enriched,unreviewed
892,S5a57c5dad2,Heart,(Love Me Like Music) I’ll Be Your Song,,1,1,1,,not_enriched,unreviewed
893,S5a8f79a240,Peter Frampton,Do You Feel Like We Do,,1,1,1,,not_enriched,unreviewed
894,S5ab1895684,The Who,We’re Not Gonna Take It,,1,1,1,,not_enriched,unreviewed
895,S5ab2151cd7,Tom Kimmel,5 to 1,,1,1,1,,not_enriched,unreviewed
896,S5ac86d6186,Tom Petty and the Heartbreakers,Anything That’s Rock ’n’ Roll,,1,1,1,,not_enriched,unreviewed
897,S5b2fe2c871,Tracy Chapman,Subcity,,1,1,1,,not_enriched,unreviewed
898,S5bc5af0248,Yes,Hearts,,1,1,1,,not_enriched,unreviewed
899,S5bea1e5e49,Steve Miller Band,Space Intro,,1,1,1,,not_enriched,unreviewed
900,S5c02deb752,Journey,Wheel in the Sky,,1,1,1,,not_enriched,unreviewed
901,S5c07829f4a,Paul McCartney & Wings,Nineteen‐Hundred and Eighty‐Five,,1,1,1,,not_enriched,unreviewed
902,S5c431559ce,The Byrds,I’ll Feel a Whole Lot Better,,1,1,1,,not_enriched,unreviewed
903,S5c8c10b955,The Pointer Sisters,Dare Me,,1,1,1,,not_enriched,unreviewed
904,S5cc72d3d99,The Cars,Hello Again,,1,1,1,,not_enriched,unreviewed
905,S5cea5ff80c,Chicago,Just You ’n’ Me,,1,1,1,,not_enriched,unreviewed
906,S5cf9ea53d5,Roxy Music,Virginia Plain,,1,1,1,,not_enriched,unreviewed
907,S5d02fb2c10,Simon & Garfunkel,The Big Bright Green Pleasure Machine,,1,1,1,,not_enriched,unreviewed
908,S5d28b05c72,Led Zeppelin,Babe I'm Gonna Leave You,,1,1,1,,not_enriched,unreviewed
909,S5d29efd289,Billy Joel,Keeping the Faith,,1,1,1,,not_enriched,unreviewed
910,S5d3cc1ebd6,Electric Light Orchestra,Sweet Talkin’ Woman,,1,1,1,,not_enriched,unreviewed
911,S5d4ccb1ee0,The Beatles,Mean Mr. Mustard,,1,1,1,,not_enriched,unreviewed
912,S5d529cbfef,The Beatles,The Fool on the Hill,,1,1,1,,not_enriched,unreviewed
913,S5d536942dc,The Beatles,Across The Universe,,1,1,1,,not_enriched,unreviewed
914,S5d828d5c9f,Billy Joel,Get It Right the First Time,,1,1,1,,not_enriched,unreviewed
915,S5d8691f81f,The Hollies,Long Cool Woman in a Black Dress,,1,1,1,,not_enriched,unreviewed
916,S5ecce35902,Neil Young,Down by the River,,1,1,1,,not_enriched,unreviewed
917,S5ee1773ec4,Pink Floyd,"Another Brick in the Wall, Part 2",,1,1,1,,not_enriched,unreviewed
918,S5ef12cee86,Temple of the Dog,Times of Trouble,,1,1,1,,not_enriched,unreviewed
919,S5f35146465,The Beatles,Octopus’s Garden,,1,1,1,,not_enriched,unreviewed
920,S5f359a8c81,Pink Floyd,The Show Must Go On,,1,1,1,,not_enriched,unreviewed
921,S5f4e5741a2,Eagles,Most of Us Are Sad,,1,1,1,,not_enriched,unreviewed
922,S5f57f9e577,Tom Petty and the Heartbreakers,The Criminal Kind,,1,1,1,,not_enriched,unreviewed
923,S5fabeb4dfc,Billy Idol,Catch My Fall,,1,1,1,,not_enriched,unreviewed
924,S5fccfafc98,Gordon Lightfoot,I'm Not Sayin' / Ribbon of Darkness,,1,1,1,,not_enriched,unreviewed
925,S600ae25ba5,Tom Petty,Love Is a Long Road,,1,1,1,,not_enriched,unreviewed
926,S602f5a841c,Sheryl Crow,Members Only,,1,1,1,,not_enriched,unreviewed
927,S6055ca9683,Neil Diamond,Sweet Caroline,,1,1,1,,not_enriched,unreviewed
928,S60a8f2f599,The Cars,Drive,,1,1,1,,not_enriched,unreviewed
929,S61707c5b1c,Soundgarden,Like Suicide,,1,1,1,,not_enriched,unreviewed
930,S618ad609dd,Bon Jovi,Wild in the Streets,,1,1,1,,not_enriched,unreviewed
931,S61935260b6,Bob Seger & the Silver Bullet Band,No Man’s Land,,1,1,1,,not_enriched,unreviewed
932,S61f173e305,Kenny Loggins,I'm Free,,1,1,1,,not_enriched,unreviewed
933,S6204f3e2ea,Steppenwolf,Hey Lawdy Mama,,1,1,1,,not_enriched,unreviewed
934,S62148adcdc,Neil Young,Soldier,,1,1,1,,not_enriched,unreviewed
935,S622316b77f,The Doobie Brothers,What a Fool Believes,,1,1,1,,not_enriched,unreviewed
936,S6246eacb92,Yes,City of Love,,1,1,1,,not_enriched,unreviewed
937,S62508ee721,Temple of the Dog,All Night Thing,,1,1,1,,not_enriched,unreviewed
938,S6294e46f8f,Lindsey Buckingham,Surrender the Rain,,1,1,1,,not_enriched,unreviewed
939,S6298e3627e,The Steve Miller Band,The Stake,,1,1,1,,not_enriched,unreviewed
940,S629dc1f52e,The Doobie Brothers,Down in the Track,,1,1,1,,not_enriched,unreviewed
941,S62a98e5cc0,U2,Trip Through Your Wires,,1,1,1,,not_enriched,unreviewed
942,S6325a1f320,Gordon Lightfoot,Softly,,1,1,1,,not_enriched,unreviewed
943,S6385ae28ec,The Who,Sparks,,1,1,1,,not_enriched,unreviewed
944,S639b7769da,Linda Ronstadt,Blue Bayou,,1,1,1,,not_enriched,unreviewed
945,S63a5ebcdfc,The Beatles,Another Girl,,1,1,1,,not_enriched,unreviewed
946,S63adb6a60f,Jimi Hendrix,The Star Spangled Banner,,1,1,1,,not_enriched,unreviewed
947,S63b5bbe102,"Crosby, Stills, Nash & Young",Woodstock,,1,1,1,,not_enriched,unreviewed
948,S63b911d122,Simon & Garfunkel,Bookends Theme (instrumental),,1,1,1,,not_enriched,unreviewed
949,S63ba4b1798,Lynyrd Skynyrd,Down South Jukin’,,1,1,1,,not_enriched,unreviewed
950,S6404742cbe,Yes,Hold On,,1,1,1,,not_enriched,unreviewed
951,S649a5e7bac,The Beatles,Oh! Darling,,1,1,1,,not_enriched,unreviewed
952,S64b3ea45b3,Gary Lewis & the Playboys,Greatest Hits Medley,,1,1,1,,not_enriched,unreviewed
953,S64c6671cd7,The Animals,Story of Bo Diddley,,1,1,1,,not_enriched,unreviewed
954,S64ee604a0b,Steve Miller Band,"Dance, Dance, Dance",,1,1,1,,not_enriched,unreviewed
955,S6500b60429,Jimi Hendrix,Castles Made of Sand,,1,1,1,,not_enriched,unreviewed
956,S653d0d134d,Grand Funk Railroad,Shinin’ On,,1,1,1,,not_enriched,unreviewed
957,S6541326272,The Moody Blues,Tortoise and the Hare,,1,1,1,,not_enriched,unreviewed
958,S6543cf2b65,Soundgarden,Limo Wreck,,1,1,1,,not_enriched,unreviewed
959,S6546d381d6,Todd Snider,Turn It Up,,1,1,1,,not_enriched,unreviewed
960,S655d90a12d,Alice Cooper,Desperado,,1,1,1,,not_enriched,unreviewed
961,S65759ab60c,Paul McCartney,Venus And Mars,,1,1,1,,not_enriched,unreviewed
962,S65e764d4a9,Sheryl Crow,Ordinary Morning,,1,1,1,,not_enriched,unreviewed
963,S65f42ea366,Peter Frampton,Penny for Your Thoughts,,1,1,1,,not_enriched,unreviewed
964,S663b0a4c10,Sheryl Crow,Sweet Child o’ Mine,,1,1,1,,not_enriched,unreviewed
965,S66a4ca1c2b,Satan and Adam,Freedom for My People,,1,1,1,,not_enriched,unreviewed
966,S66b8efa1d5,Neil Young,Harvest Moon,,1,1,1,,not_enriched,unreviewed
967,S66d52a3028,Billy Joel,An Innocent Man,,1,1,1,,not_enriched,unreviewed
968,S66ee6a37fa,Soundgarden,Superunknown,,1,1,1,,not_enriched,unreviewed
969,S67207b4230,Tom Petty and the Heartbreakers,Something Big,,1,1,1,,not_enriched,unreviewed
970,S675e3cc60b,Loggins & Messina,Vahevala,,1,1,1,,not_enriched,unreviewed
971,S67617e5d9c,Tom Petty,Feel a Whole Lot Better,,1,1,1,,not_enriched,unreviewed
972,S67733892ca,Billy Joel,Vienna,,1,1,1,,not_enriched,unreviewed
973,S67dd20b6eb,Temple of the Dog,Call Me a Dog,,1,1,1,,not_enriched,unreviewed
974,S68269ae086,Heart,White Lightning & Wine,,1,1,1,,not_enriched,unreviewed
975,S6833e796d7,Yes,Owner of a Lonely Heart,,1,1,1,,not_enriched,unreviewed
976,S691432463a,The Rolling Stones,Sympathy for the Devil,,1,1,1,,not_enriched,unreviewed
977,S6953cc9032,Bad Company,Nuthin' on the TV,,1,1,1,,not_enriched,unreviewed
978,S697200caf9,Carly Simon,Them,,1,1,1,,not_enriched,unreviewed
979,S697614ad5c,Dire Straits,Water of Love,,1,1,1,,not_enriched,unreviewed
980,S697a3d2889,The Association,Enter the Young,,1,1,1,,not_enriched,unreviewed
981,S69865f8a9c,The Who,Eyesight to the Blind (The Hawker),,1,1,1,,not_enriched,unreviewed
982,S69ed3a4fa3,Dire Straits,Lions,,1,1,1,,not_enriched,unreviewed
983,S6aa5603209,Supertramp,My Kind of Lady,,1,1,1,,not_enriched,unreviewed
984,S6ab01dbee1,Eagles,Train Leaves Here This Morning,,1,1,1,,not_enriched,unreviewed
985,S6b275cc6d7,The Beatles,Run for Your Life,,1,1,1,,not_enriched,unreviewed
986,S6b2b6185ac,The Beatles,Dig It,,1,1,1,,not_enriched,unreviewed
987,S6b862a9464,Paul McCartney,Oo You,,1,1,1,,not_enriched,unreviewed
988,S6b93c33943,The Moody Blues,The Balance,,1,1,1,,not_enriched,unreviewed
989,S6bd6cba4d2,Neil Young,Look Out for My Love,,1,1,1,,not_enriched,unreviewed
990,S6bd8f185af,Fleetwood Mac,Sugar Daddy,,1,1,1,,not_enriched,unreviewed
991,S6c0ed94c01,The Byrds,Mr. Spaceman,,1,1,1,,not_enriched,unreviewed
992,S6c28570f86,Greg Kihn Band,Can't Stop Hurtin' Myself,,1,1,1,,not_enriched,unreviewed
993,S6c35f5ef5e,Paul McCartney,Call Me Back Again,,1,1,1,,not_enriched,unreviewed
994,S6c490e3b72,Eagles,Chug All Night,,1,1,1,,not_enriched,unreviewed
995,S6cc322badf,The Hollies,Casualty,,1,1,1,,not_enriched,unreviewed
996,S6d5e19b3b0,Bob Seger & the Silver Bullet Band,Sunburst,,1,1,1,,not_enriched,unreviewed
997,S6d6686224a,The Cars,Good Times Roll,,1,1,1,,not_enriched,unreviewed
998,S6d90b6bfac,The Beatles,Two Of Us,,1,1,1,,not_enriched,unreviewed
999,S6df31609b5,Steve Miller Band,Sweet Maree,,1,1,1,,not_enriched,unreviewed
1000,S6e26c35bf4,Steely Dan,Turn That Heartbeat Over Again,,1,1,1,,not_enriched,unreviewed
1001,S6e2f37e30e,Foreigner,Fool for You Anyway,,1,1,1,,not_enriched,unreviewed
1002,S6e4027bbd4,Enigma,I Love You… I’ll Kill You,,1,1,1,,not_enriched,unreviewed
1003,S6e5171f61d,Supertramp,Crime of the Century,,1,1,1,,not_enriched,unreviewed
1004,S6e9069411f,The Beatles,Your Mother Should Know,,1,1,1,,not_enriched,unreviewed
1005,S6e995abfd1,Chicago,Colour My World,,1,1,1,,not_enriched,unreviewed
1006,S6eca9d8e6f,Huey Lewis & the News,Do You Believe in Love,,1,1,1,,not_enriched,unreviewed
1007,S6ece18f88e,The Doors,"Yes, the River Knows",,1,1,1,,not_enriched,unreviewed
1008,S6f32bea7ed,Heart,Sing Child,,1,1,1,,not_enriched,unreviewed
1009,S6f32c44a96,The Doors,Cars Hiss by My Window,,1,1,1,,not_enriched,unreviewed
1010,S6f581f08db,Sheryl Crow,Strong Enough,,1,1,1,,not_enriched,unreviewed
1011,S6f77939a84,The Beatles,When I’m Sixty‐Four,,1,1,1,,not_enriched,unreviewed
1012,S6fb5f8cb6f,Tom Petty,Free Fallin',,1,1,1,,not_enriched,unreviewed
1013,S6fbf69c458,The Animals,Talkin’ ’bout You,,1,1,1,,not_enriched,unreviewed
1014,S6ff0b75adc,Electric Light Orchestra,Turn to Stone,,1,1,1,,not_enriched,unreviewed
1015,S6ff7265238,The Guess Who,No Sugar Tonight / New Mother Nature,,1,1,1,,not_enriched,unreviewed
1016,S7021e30d53,Rod Stewart,"The Killing of Georgie, Part I & II",,1,1,1,,not_enriched,unreviewed
1017,S704d603c3f,Stevie Wonder,Front Line,,1,1,1,,not_enriched,unreviewed
1018,S705f316c3f,The Animals,Don’t Let Me Be Misunderstood,,1,1,1,,not_enriched,unreviewed
1019,S70855dc34d,Stevie Wonder,Living for the City,,1,1,1,,not_enriched,unreviewed
1020,S70aa96a161,Pink Floyd,Breathe,,1,1,1,,not_enriched,unreviewed
1021,S70b49d6a0a,Bruce Springsteen,Born in the U.S.A.,,1,1,1,,not_enriched,unreviewed
1022,S710a897a12,Bob Dylan,Stuck Inside of Mobile With the Memphis Blues Again,,1,1,1,,not_enriched,unreviewed
1023,S712916fdc1,Lynyrd Skynyrd,On the Hunt,,1,1,1,,not_enriched,unreviewed
1024,S712bfdb3e5,Gordon Lightfoot,Minstrel of the Dawn,,1,1,1,,not_enriched,unreviewed
1025,S716bc01545,U2,One Tree Hill,,1,1,1,,not_enriched,unreviewed
1026,S71d718e4cf,Ace,Time Ain’t Long,,1,1,1,,not_enriched,unreviewed
1027,S71e0e0ec61,Paul McCartney,Momma Miss America,,1,1,1,,not_enriched,unreviewed
1028,S728fc9cfa6,The Beatles,The End,,1,1,1,,not_enriched,unreviewed
1029,S729505045c,Tom Kimmel,True Love,,1,1,1,,not_enriched,unreviewed
1030,S72f8c9af1e,Chicago,Wishing You Were Here,,1,1,1,,not_enriched,unreviewed
1031,S72f92d2272,Scorpions,Rock You Like a Hurricane,,1,1,1,,not_enriched,unreviewed
1032,S7315392b30,Carly Simon,Let the River Run,,1,1,1,,not_enriched,unreviewed
1033,S7328643e32,Joan Osborne,Lumina,,1,1,1,,not_enriched,unreviewed
1034,S73322322e8,The Pointer Sisters,Could I Be Dreamin’,,1,1,1,,not_enriched,unreviewed
1035,S73326473e4,The Mamas & the Papas,Dream a Little Dream of Me,,1,1,1,,not_enriched,unreviewed
1036,S7377bfdfa4,The Who,Love Ain’t for Keeping,,1,1,1,,not_enriched,unreviewed
1037,S739b6db7fe,U2,"God, Part II",,1,1,1,,not_enriched,unreviewed
1038,S73e75a0dbf,Loggins & Messina,Thinking of You,,1,1,1,,not_enriched,unreviewed
1039,S73e85cde58,Simon & Garfunkel,We’ve Got a Groovey Thing Goin’,,1,1,1,,not_enriched,unreviewed
1040,S74068f44af,Todd Snider,I Spoke as a Child,,1,1,1,,not_enriched,unreviewed
1041,S742a2e02c2,Chicago,Beginnings,,1,1,1,,not_enriched,unreviewed
1042,S74301c6009,The Beatles,Revolution,,1,1,1,,not_enriched,unreviewed
1043,S7430410e60,The Moody Blues,And the Tide Rushes In,,1,1,1,,not_enriched,unreviewed
1044,S7493f1c795,Pearl Jam,Alive,,1,1,1,,not_enriched,unreviewed
1045,S74d16816e3,Jimi Hendrix,Gloria,,1,1,1,,not_enriched,unreviewed
1046,S74e4196518,Simon & Garfunkel,El Cóndor Pasa (If I Could),,1,1,1,,not_enriched,unreviewed
1047,S74f6e6a647,Traveling Wilburys,Not Alone Any More,,1,1,1,,not_enriched,unreviewed
1048,S75038c788c,The Rolling Stones,"Paint It, Black",,1,1,1,,not_enriched,unreviewed
1049,S75571ac8e8,The Beatles,Rain,,1,1,1,,not_enriched,unreviewed
1050,S75dc7ad4b5,Led Zeppelin,Dancing Days,,1,1,1,,not_enriched,unreviewed
1051,S75ec3f835f,Eagles,Wasted Time (reprise),,1,1,1,,not_enriched,unreviewed
1052,S75faaa59fa,Collective Soul,Breathe,,1,1,1,,not_enriched,unreviewed
1053,S762007e3ee,The Beatles,I Am the Walrus,,1,1,1,,not_enriched,unreviewed
1054,S7642368f06,Carole King,Smackwater Jack,,1,1,1,,not_enriched,unreviewed
1055,S768c26de2e,Joan Osborne,Man in the Long Black Coat,,1,1,1,,not_enriched,unreviewed
1056,S76a64f6d30,Pink Floyd,"Pigs on the Wing, Part 1",,1,1,1,,not_enriched,unreviewed
1057,S76b3db97aa,Robert Palmer,You Are in My System,,1,1,1,,not_enriched,unreviewed
1058,S76b5844f5a,Supertramp,Don’t Leave Me Now,,1,1,1,,not_enriched,unreviewed
1059,S76e3d3171a,Enigma,Out From the Deep,,1,1,1,,not_enriched,unreviewed
1060,S7714053cf4,Dire Straits,Brothers in Arms,,1,1,1,,not_enriched,unreviewed
1061,S772ffca692,Rod Stewart,That’s All Right,,1,1,1,,not_enriched,unreviewed
1062,S774f118bca,The Mamas & the Papas,Creeque Alley,,1,1,1,,not_enriched,unreviewed
1063,S776c7fbc5d,Kenny Loggins,Vox Humana,,1,1,1,,not_enriched,unreviewed
1064,S7779ac3531,Peter Gabriel,Big Time,,1,1,1,,not_enriched,unreviewed
1065,S77cc6a54d6,The Hollies,King Midas in Reverse,,1,1,1,,not_enriched,unreviewed
1066,S77e00658d4,The Beatles,Carry That Weight (early take),,1,1,1,,not_enriched,unreviewed
1067,S77ea40a118,Chicago,25 or 6 to 4,,1,1,1,,not_enriched,unreviewed
1068,S77fa89ef7f,James Taylor,Carolina in My Mind,,1,1,1,,not_enriched,unreviewed
1069,S781e02942d,Eagles,Peaceful Easy Feeling,,1,1,1,,not_enriched,unreviewed
1070,S7821170232,Styx,Miss America,,1,1,1,,not_enriched,unreviewed
1071,S783ddc9b8f,Pink Floyd,Mother,,1,1,1,,not_enriched,unreviewed
1072,S78559b8bdd,Steely Dan,Dirty Work,,1,1,1,,not_enriched,unreviewed
1073,S788944a30b,The Moody Blues,Dawn: Dawn Is a Feeling,,1,1,1,,not_enriched,unreviewed
1074,S78b4d37d47,Scorpions,Lovedrive,,1,1,1,,not_enriched,unreviewed
1075,S78bf76b3cf,Bob Seger & the Silver Bullet Band,Mary Lou,,1,1,1,,not_enriched,unreviewed
1076,S78c214f84e,Bon Jovi,I’d Die for You,,1,1,1,,not_enriched,unreviewed
1077,S78e367e24d,Tom Petty and the Heartbreakers,Nightwatchman,,1,1,1,,not_enriched,unreviewed
1078,S79521d82c4,Led Zeppelin,The Ocean,,1,1,1,,not_enriched,unreviewed
1079,S7996e32d74,The Hollies,"He Ain’t Heavy, He’s My Brother",,1,1,1,,not_enriched,unreviewed
1080,S79f3d262d6,War,Southern Part of Texas,,1,1,1,,not_enriched,unreviewed
1081,S79f7cfdef6,Traveling Wilburys,Margarita,,1,1,1,,not_enriched,unreviewed
1082,S7a065c962a,Queen,We Are the Champions,,1,1,1,,not_enriched,unreviewed
1083,S7a4bc82278,Bob Seger & the Silver Bullet Band,Against the Wind,,1,1,1,,not_enriched,unreviewed
1084,S7a5e54095f,U2,Heartland,,1,1,1,,not_enriched,unreviewed
1085,S7a64aed880,The Steve Miller Band,Swingtown,,1,1,1,,not_enriched,unreviewed
1086,S7a791201e9,U2,Angel of Harlem,,1,1,1,,not_enriched,unreviewed
1087,S7a83e86e19,Kenny Loggins,Welcome to the Hard Life,,1,1,1,,not_enriched,unreviewed
1088,S7a88beebb9,Pink Floyd,Is There Anybody Out There?,,1,1,1,,not_enriched,unreviewed
1089,S7b1381c639,"Crosby, Stills & Nash",Pre‐Road Downs,,1,1,1,,not_enriched,unreviewed
1090,S7b3702b6dc,The Beatles,I Want You,,1,1,1,,not_enriched,unreviewed
1091,S7bfab38e73,The Moody Blues,Lunch Break: Peak Hour,,1,1,1,,not_enriched,unreviewed
1092,S7c0ad3d6c6,Collective Soul,"Goodnight, Good Guy",,1,1,1,,not_enriched,unreviewed
1093,S7c6357e145,Neil Diamond,Jungletime,,1,1,1,,not_enriched,unreviewed
1094,S7c6f31f6e0,Temple of the Dog,Wooden Jesus,,1,1,1,,not_enriched,unreviewed
1095,S7d053a793a,Jackson Browne,Daddy's Tune,,1,1,1,,not_enriched,unreviewed
1096,S7d19039bac,The Alan Parsons Project,Eye in the Sky,,1,1,1,,not_enriched,unreviewed
1097,S7d1fda83d4,The Mamas & the Papas,My Girl,,1,1,1,,not_enriched,unreviewed
1098,S7d289d7d30,The Who,The Acid Queen,,1,1,1,,not_enriched,unreviewed
1099,S7d3a74776a,Kansas,Perfect Lover,,1,1,1,,not_enriched,unreviewed
1100,S7d450f95d1,Bon Jovi,Social Disease,,1,1,1,,not_enriched,unreviewed
1101,S7d6300b241,Eagles,Witchy Woman,,1,1,1,,not_enriched,unreviewed
1102,S7d73c362a2,"Crosby, Stills, Nash & Young",Teach Your Children,,1,1,1,,not_enriched,unreviewed
1103,S7e0664e00d,The J. Geils Band,Stoop Down #39,,1,1,1,,not_enriched,unreviewed
1104,S7e5f7d70f9,The Mamas & the Papas,Dancing in the Street,,1,1,1,,not_enriched,unreviewed
1105,S7e7a012fa1,Roxy Music,Out of the Blue,,1,1,1,,not_enriched,unreviewed
1106,S7e8846a3ca,Neil Young,Deep Forbidden Lake,,1,1,1,,not_enriched,unreviewed
1107,S7e8ee7a669,Simon & Garfunkel,Overs,,1,1,1,,not_enriched,unreviewed
1108,S7e8eef2651,Bon Jovi,You Give Love a Bad Name,,1,1,1,,not_enriched,unreviewed
1109,S7ebcad2cc5,The Who,Welcome,,1,1,1,,not_enriched,unreviewed
1110,S7eed7c12f3,Traveling Wilburys,[silence],,1,1,1,,not_enriched,unreviewed
1111,S7efcf419bd,The Police,Message in a Bottle,,1,1,1,,not_enriched,unreviewed
1112,S7f030db32c,The Mamas & the Papas,Look Through My Window,,1,1,1,,not_enriched,unreviewed
1113,S7f39d5756e,The Guess Who,Undun,,1,1,1,,not_enriched,unreviewed
1114,S7f55ffcf7c,Greg Kihn Band,Trouble in Paradise,,1,1,1,,not_enriched,unreviewed
1115,S7f6f084a73,Rod Stewart,Every Picture Tells a Story,,1,1,1,,not_enriched,unreviewed
1116,S7fafeccd03,"Crosby, Stills & Nash",Wooden Ships,,1,1,1,,not_enriched,unreviewed
1117,S802cffe9aa,Simon & Garfunkel,Old Friends,,1,1,1,,not_enriched,unreviewed
1118,S803ca199d0,Wings,Silly Love Songs,,1,1,1,,not_enriched,unreviewed
1119,S8052de3768,Foreigner,At War With the World,,1,1,1,,not_enriched,unreviewed
1120,S806880795d,The Pointer Sisters,The Love Too Good to Last,,1,1,1,,not_enriched,unreviewed
1121,S8089c3088d,The Animals,We Gotta Get Out of This Place,,1,1,1,,not_enriched,unreviewed
1122,S8098af4d9f,The Beatles,Maxwell’s Silver Hammer,,1,1,1,,not_enriched,unreviewed
1123,S80bb5c1aaa,Steve Miller Band,Wild Mountain Honey,,1,1,1,,not_enriched,unreviewed
1124,S80bfab9cc0,U2,Mothers of the Disappeared,,1,1,1,,not_enriched,unreviewed
1125,S80e5cc5464,James Taylor,Fire and Rain,,1,1,1,,not_enriched,unreviewed
1126,S811adad412,Fleetwood Mac,Welcome to the Room… Sara,,1,1,1,,not_enriched,unreviewed
1127,S814269ec1f,Simon and Garfunkel,Bridge Over Troubled Water,,1,1,1,,not_enriched,unreviewed
1128,S815490a287,The Beatles,Dizzy Miss Lizzy,,1,1,1,,not_enriched,unreviewed
1129,S81719e443e,Carly Simon,Touched by the Sun,,1,1,1,,not_enriched,unreviewed
1130,S81806cd869,The Doobie Brothers,Tell Me What You Want (And I'll Give You What You Need),,1,1,1,,not_enriched,unreviewed
1131,S81b63a5149,Pink Floyd,One of My Turns,,1,1,1,,not_enriched,unreviewed
1132,S81d0d6b71a,Journey,Somethin’ to Hide,,1,1,1,,not_enriched,unreviewed
1133,S8231130627,The Who,Sally Simpson,,1,1,1,,not_enriched,unreviewed
1134,S8242888b11,Sheryl Crow,Can’t Cry Anymore,,1,1,1,,not_enriched,unreviewed
1135,S826a9f2584,New Moon Jelly Roll Freedom Rockers,Black Water,,1,1,1,,not_enriched,unreviewed
1136,S826c2d07c3,New Moon Jelly Roll Freedom Rockers,Blue Guitar,,1,1,1,,not_enriched,unreviewed
1137,S8278a3b46e,The Association,The Time It Is Today,,1,1,1,,not_enriched,unreviewed
1138,S82a629265b,Lynyrd Skynyrd,Tuesday’s Gone,,1,1,1,,not_enriched,unreviewed
1139,S830fece01e,Simon & Garfunkel,A Hazy Shade of Winter,,1,1,1,,not_enriched,unreviewed
1140,S834ff30a7c,Supertramp,Child of Vision,,1,1,1,,not_enriched,unreviewed
1141,S8366e2dd47,The Doobie Brothers,Dependin’ on You,,1,1,1,,not_enriched,unreviewed
1142,S836ecdef52,The Doobie Brothers,Slack Key Soquel Rag,,1,1,1,,not_enriched,unreviewed
1143,S83702302b0,Styx,The Grand Finale,,1,1,1,,not_enriched,unreviewed
1144,S8391356315,Peter Gabriel,Red Rain,,1,1,1,,not_enriched,unreviewed
1145,S839488daa1,Steely Dan,Only a Fool Would Say That,,1,1,1,,not_enriched,unreviewed
1146,S83d36a7730,Pink Floyd,Welcome to the Machine,,1,1,1,,not_enriched,unreviewed
1147,S83ed4a3dbd,REO Speedwagon,Follow My Heart,,1,1,1,,not_enriched,unreviewed
1148,S83f5a78f4e,Santana,Everything’s Coming Our Way,,1,1,1,,not_enriched,unreviewed
1149,S841c1f3697,Bruce Springsteen,Dancing in the Dark,,1,1,1,,not_enriched,unreviewed
1150,S844372016d,The Animals,Gonna Send You Back to Walker,,1,1,1,,not_enriched,unreviewed
1151,S8468da5c14,Robert Palmer,I Dream of Wires,,1,1,1,,not_enriched,unreviewed
1152,S84cb549a87,Jackson Browne,The Only Child,,1,1,1,,not_enriched,unreviewed
1153,S84de572dcf,Alice Cooper,Hello Hooray,,1,1,1,,not_enriched,unreviewed
1154,S85187a734f,The Doobie Brothers,Song to See You Through,,1,1,1,,not_enriched,unreviewed
1155,S855d6e61e8,The Steve Miller Band,Winter Time,,1,1,1,,not_enriched,unreviewed
1156,S85847d5f8c,The Moody Blues,Don’t You Feel Small,,1,1,1,,not_enriched,unreviewed
1157,S8592882f6a,Three Dog Night,Never Been to Spain,,1,1,1,,not_enriched,unreviewed
1158,S85a456b943,Bruce Springsteen,No Surrender,,1,1,1,,not_enriched,unreviewed
1159,S85d7b03dc2,Electric Light Orchestra,Can’t Get It Out of My Head,,1,1,1,,not_enriched,unreviewed
1160,S85e919a271,Stevie Wonder,Send One Your Love,,1,1,1,,not_enriched,unreviewed
1161,S85ebc4afd0,Bob Seger & the Silver Bullet Band,The Horizontal Bop,,1,1,1,,not_enriched,unreviewed
1162,S862c90e899,Loggins & Messina,House at Pooh Corner,,1,1,1,,not_enriched,unreviewed
1163,S8631792452,Styx,Man in the Wilderness,,1,1,1,,not_enriched,unreviewed
1164,S8632058e46,Roxy Music,Mother of Pearl,,1,1,1,,not_enriched,unreviewed
1165,S863e69035b,Lindsey Buckingham,Wrong,,1,1,1,,not_enriched,unreviewed
1166,S864d07c61e,Linda Ronstadt,Love Has No Pride,,1,1,1,,not_enriched,unreviewed
1167,S865cfb2d28,Lindsey Buckingham,Instrumental Introduction To:,,1,1,1,,not_enriched,unreviewed
1168,S86767de793,Supertramp,Downstream,,1,1,1,,not_enriched,unreviewed
1169,S86962edd2b,Bread,Too Much Love,,1,1,1,,not_enriched,unreviewed
1170,S8727db24c1,The Beatles,She’s Leaving Home,,1,1,1,,not_enriched,unreviewed
1171,S87453446a4,Simon and Garfunkel,Baby Driver,,1,1,1,,not_enriched,unreviewed
1172,S87a5c95de9,Heart,High Time,,1,1,1,,not_enriched,unreviewed
1173,S880bc18bc7,The Beatles,Fixing a Hole,,1,1,1,,not_enriched,unreviewed
1174,S88209792a6,Bob Dylan,Sweetheat Like You,,1,1,1,,not_enriched,unreviewed
1175,S884cd87851,Heart,Dog & Butterfly,,1,1,1,,not_enriched,unreviewed
1176,S8889e80e40,The Association,Like Always,,1,1,1,,not_enriched,unreviewed
1177,S88fe8ef92f,Journey,La Do Da,,1,1,1,,not_enriched,unreviewed
1178,S891630d77e,Huey Lewis & the News,It’s Alright,,1,1,1,,not_enriched,unreviewed
1179,S89345f3ad0,James Taylor,You've Got a Friend,,1,1,1,,not_enriched,unreviewed
1180,S897abbcb87,Styx,Blue Collar Man (Long Nights),,1,1,1,,not_enriched,unreviewed
1181,S89c9463dcc,The Babys,Every Time I Think of You,,1,1,1,,not_enriched,unreviewed
1182,S89ea18aae9,Fleetwood Mac,Seven Wonders,,1,1,1,,not_enriched,unreviewed
1183,S8a7cbcd9a7,Steppenwolf,Ride With Me,,1,1,1,,not_enriched,unreviewed
1184,S8a7cedfdb4,Steppenwolf,Who Needs Ya,,1,1,1,,not_enriched,unreviewed
1185,S8a8ffc5e61,War,The World Is a Ghetto,,1,1,1,,not_enriched,unreviewed
1186,S8a9a120286,Huey Lewis & the News,So Little Kindness,,1,1,1,,not_enriched,unreviewed
1187,S8b66bae243,The Beatles,She Came In Through the Bathroom Window,,1,1,1,,not_enriched,unreviewed
1188,S8b9dcba78e,Three Dog Night,Shambala,,1,1,1,,not_enriched,unreviewed
1189,S8be10b79f5,The Hollies,Carrie Anne,,1,1,1,,not_enriched,unreviewed
1190,S8c04ebc50f,Roxy Music,Love Is the Drug,,1,1,1,,not_enriched,unreviewed
1191,S8c38ef7856,R.E.M.,Endgame,,1,1,1,,not_enriched,unreviewed
1192,S8c42d4e8a2,Paul McCartney & Wings,Mrs. Vandebilt,,1,1,1,,not_enriched,unreviewed
1193,S8c651ab3d7,War,Gypsy Man,,1,1,1,,not_enriched,unreviewed
1194,S8c76db3644,Simon & Garfunkel,Fakin’ It,,1,1,1,,not_enriched,unreviewed
1195,S8cd2b4cdb9,Supertramp,Waiting So Long,,1,1,1,,not_enriched,unreviewed
1196,S8ce7b3b69d,Simon & Garfunkel,Cecilia,,1,1,1,,not_enriched,unreviewed
1197,S8d38441fbe,Supertramp,Rudy,,1,1,1,,not_enriched,unreviewed
1198,S8d42a2c32e,Supertramp,Bonnie,,1,1,1,,not_enriched,unreviewed
1199,S8d53a22b5a,Simon & Garfunkel,Bridge Over Troubled Water,,1,1,1,,not_enriched,unreviewed
1200,S8d64b1776e,Three Dog Night,Let Me Serenade You,,1,1,1,,not_enriched,unreviewed
1201,S8d8a49581f,Billy Joel,The Stranger (reprise),,1,1,1,,not_enriched,unreviewed
1202,S8d905c3a0c,Sheryl Crow,The Book,,1,1,1,,not_enriched,unreviewed
1203,S8dac6cc028,The Beatles,You Never Give Me Your Money,,1,1,1,,not_enriched,unreviewed
1204,S8de011c5ad,The Guess Who,Laughing,,1,1,1,,not_enriched,unreviewed
1205,S8def372c10,The Doobie Brothers,Road Angel,,1,1,1,,not_enriched,unreviewed
1206,S8e1fd783f0,Tracy Chapman,Born to Fight,,1,1,1,,not_enriched,unreviewed
1207,S8e2b90cadb,The J. Geils Band,The Lady Makes Demands,,1,1,1,,not_enriched,unreviewed
1208,S8ee1881fe7,Collective Soul,Love Lifted Me,,1,1,1,,not_enriched,unreviewed
1209,S8ef1b67d9f,The Cars,Just What I Needed,,1,1,1,,not_enriched,unreviewed
1210,S8f6a9533c3,Tom Petty and the Heartbreakers,Louisiana Rain,,1,1,1,,not_enriched,unreviewed
1211,S8fbd5fa824,Sheryl Crow,The Difficult Kind,,1,1,1,,not_enriched,unreviewed
1212,S90153330bf,Lindsey Buckingham,Soul Drifter,,1,1,1,,not_enriched,unreviewed
1213,S9047ce797d,The Rolling Stones,You Can’t Always Get What You Want,,1,1,1,,not_enriched,unreviewed
1214,S907146cda4,Sheryl Crow,Sweet Rosalyn,,1,1,1,,not_enriched,unreviewed
1215,S9075409e6d,Pink Floyd,Outside the Wall,,1,1,1,,not_enriched,unreviewed
1216,S90a836ddf4,Greg Kihn Band,When the Music Starts,,1,1,1,,not_enriched,unreviewed
1217,S90a9325b60,Grand Funk Railroad,Walk Like a Man (You Can Call Me Your Man),,1,1,1,,not_enriched,unreviewed
1218,S90eb3baf7a,Heart,Straight On,,1,1,1,,not_enriched,unreviewed
1219,S910aee1d3a,The Doobie Brothers,Neil's Fandango,,1,1,1,,not_enriched,unreviewed
1220,S91684bdeab,Carly Simon,The Right Thing to Do,,1,1,1,,not_enriched,unreviewed
1221,S91b4406828,Carly Simon,That's the Way I've Always Heard It Should Be,,1,1,1,,not_enriched,unreviewed
1222,S91da1e5402,Kenny Loggins,Forever,,1,1,1,,not_enriched,unreviewed
1223,S9211a29c7a,The Babys,Give Me Your Love,,1,1,1,,not_enriched,unreviewed
1224,S924d45e227,Foreigner,The Damage Is Done,,1,1,1,,not_enriched,unreviewed
1225,S92645df191,The Beatles,Because,,1,1,1,,not_enriched,unreviewed
1226,S92686b6a96,Simon & Garfunkel,The Dangling Conversation,,1,1,1,,not_enriched,unreviewed
1227,S92a8c48edb,The Doobie Brothers,Busted Down Around O’Connelly Corners,,1,1,1,,not_enriched,unreviewed
1228,S92b8e08710,Lynyrd Skynyrd,Saturday Night Special,,1,1,1,,not_enriched,unreviewed
1229,S92c78a9f58,Robert Palmer,Woke Up Laughing,,1,1,1,,not_enriched,unreviewed
1230,S92dd31e92e,Peter Frampton,All I Want to Be (Is by Your Side),,1,1,1,,not_enriched,unreviewed
1231,S92f6aa50db,Supertramp,Just Another Nervous Wreck,,1,1,1,,not_enriched,unreviewed
1232,S930eee3d8b,George Harrison,Dark Horse,,1,1,1,,not_enriched,unreviewed
1233,S9326d19131,Kenny Loggins,Conviction of the Heart,,1,1,1,,not_enriched,unreviewed
1234,S93355de687,Joan Osborne,Ladder,,1,1,1,,not_enriched,unreviewed
1235,S935f38aea2,The Byrds,5 D (Fifth Dimension),,1,1,1,,not_enriched,unreviewed
1236,S93934dfc25,Roger Hodgson,"Give Me Love, Give Me Life",,1,1,1,,not_enriched,unreviewed
1237,S93c0ccc8a9,Sheryl Crow,Solidify,,1,1,1,,not_enriched,unreviewed
1238,S93eebecc34,Gordon Lightfoot,Rainy Day People,,1,1,1,,not_enriched,unreviewed
1239,S94112820bc,Joe Walsh,Happy Ways,,1,1,1,,not_enriched,unreviewed
1240,S9413b7e93f,The Who,Christmas,,1,1,1,,not_enriched,unreviewed
1241,S94914bc598,Heart,Nada One,,1,1,1,,not_enriched,unreviewed
1242,S94cbd09047,Tom Petty and the Heartbreakers,Runnin’ Down a Dream,,1,1,1,,not_enriched,unreviewed
1243,S94e2da3947,Pearl Jam,Black,,1,1,1,,not_enriched,unreviewed
1244,S9514350b2d,The Mamas & the Papas,I Call Your Name,,1,1,1,,not_enriched,unreviewed
1245,S9516b415bc,The Babys,If You've Got the Time,,1,1,1,,not_enriched,unreviewed
1246,S958ff7dcbf,Wings,C Moon,,1,1,1,,not_enriched,unreviewed
1247,S959345cf6d,Huey Lewis and the News,Honky Tonk Blues,,1,1,1,,not_enriched,unreviewed
1248,S95cba4f7fd,Heart,Soul of the Sea,,1,1,1,,not_enriched,unreviewed
1249,S9611960d82,Sheryl Crow,Resuscitation,,1,1,1,,not_enriched,unreviewed
1250,S962538449e,Sheryl Crow,The Na‐Na Song,,1,1,1,,not_enriched,unreviewed
1251,S9656ab0ea6,Pink Floyd,Us and Them,,1,1,1,,not_enriched,unreviewed
1252,S966a664da1,Bad Company,Downhill Ryder,,1,1,1,,not_enriched,unreviewed
1253,S967b3ac589,Jimi Hendrix,Little Wing,,1,1,1,,not_enriched,unreviewed
1254,S96bd51f774,Bruce Springsteen,Bobby Jean,,1,1,1,,not_enriched,unreviewed
1255,S9716f185aa,The Moody Blues,How Is It (We Are Here),,1,1,1,,not_enriched,unreviewed
1256,S97254a2d67,R.E.M.,Near Wild Heaven,,1,1,1,,not_enriched,unreviewed
1257,S975cc80768,Supertramp,Crazy,,1,1,1,,not_enriched,unreviewed
1258,S97ab2044e0,Journey,Lights,,1,1,1,,not_enriched,unreviewed
1259,S97cb7c8f0c,The Cars,Looking for Love,,1,1,1,,not_enriched,unreviewed
1260,S98151573b5,Peter Frampton,I Wanna Go to the Sun,,1,1,1,,not_enriched,unreviewed
1261,S984d733727,Steppenwolf,Rock Me,,1,1,1,,not_enriched,unreviewed
1262,S986bf4d228,The Guess Who,Hand Me Down World,,1,1,1,,not_enriched,unreviewed
1263,S986ce147b5,Soundgarden,4th of July,,1,1,1,,not_enriched,unreviewed
1264,S987fb3f66a,Stevie Wonder,Superwoman (Where Were You When I Needed You),,1,1,1,,not_enriched,unreviewed
1265,S988588576b,Linda Ronstadt,"Long, Long Time",,1,1,1,,not_enriched,unreviewed
1266,S9898e78076,The Beatles,"Hello, Goodbye",,1,1,1,,not_enriched,unreviewed
1267,S98a3ea0c44,Steve Miller Band,The Window,,1,1,1,,not_enriched,unreviewed
1268,S98d230facc,Steely Dan,Fire in the Hole,,1,1,1,,not_enriched,unreviewed
1269,S9912caa8f5,Lindsey Buckingham,Countdown,,1,1,1,,not_enriched,unreviewed
1270,S991b36db39,Neil Diamond,I’m Alive,,1,1,1,,not_enriched,unreviewed
1271,S99566c80c6,Led Zeppelin,Immigrant Song,,1,1,1,,not_enriched,unreviewed
1272,S99a45aa40e,The Cars,Stranger Eyes,,1,1,1,,not_enriched,unreviewed
1273,S99d03a25ca,Billy Idol,Flesh for Fantasy,,1,1,1,,not_enriched,unreviewed
1274,S99db7223a7,The Who,Going Mobile,,1,1,1,,not_enriched,unreviewed
1275,S99e87ff963,The Rolling Stones,As Tears Go By,,1,1,1,,not_enriched,unreviewed
1276,S9a19de9da6,The Mamas & the Papas,"Monday, Monday",,1,1,1,,not_enriched,unreviewed
1277,S9a25186e37,The Who,It’s a Boy,,1,1,1,,not_enriched,unreviewed
1278,S9a5eba8743,The Hollies,Wasted on the Way,,1,1,1,,not_enriched,unreviewed
1279,S9ab3940724,The 5th Dimension,Together Let's Find Love,,1,1,1,,not_enriched,unreviewed
1280,S9abff869dd,Jimi Hendrix,Purple Haze,,1,1,1,,not_enriched,unreviewed
1281,S9b0597c2f3,Soundgarden,Mailman,,1,1,1,,not_enriched,unreviewed
1282,S9b400746ae,The Steve Miller Band,Babes in the Wood,,1,1,1,,not_enriched,unreviewed
1283,S9b471c7c3d,The Pointer Sisters,Should I Do It?,,1,1,1,,not_enriched,unreviewed
1284,S9b5b40835d,Traveling Wilburys,Last Night,,1,1,1,,not_enriched,unreviewed
1285,S9b6212d1eb,Pink Floyd,The Happiest Days of Our Lives,,1,1,1,,not_enriched,unreviewed
1286,S9ba46564da,Foreigner,Headknocker,,1,1,1,,not_enriched,unreviewed
1287,S9bcafddcbd,U2,All Along the Watchtower,,1,1,1,,not_enriched,unreviewed
1288,S9bce13a964,Chicago,Does Anybody Really Know What Time It Is?,,1,1,1,,not_enriched,unreviewed
1289,S9bd970d1a3,Sheryl Crow,It Don’t Hurt,,1,1,1,,not_enriched,unreviewed
1290,S9c2cb5490a,Carly Simon,Coming Around Again,,1,1,1,,not_enriched,unreviewed
1291,S9c7160fd46,Alice in Chains,Whale & Wasp,,1,1,1,,not_enriched,unreviewed
1292,S9c823bd868,Heart,Hijinx,,1,1,1,,not_enriched,unreviewed
1293,S9c8526ef58,The Alan Parsons Project,Don’t Let It Show,,1,1,1,,not_enriched,unreviewed
1294,S9c99e2f20e,Three Dog Night,Liar,,1,1,1,,not_enriched,unreviewed
1295,S9ca2aa30be,Journey,Can Do,,1,1,1,,not_enriched,unreviewed
1296,S9cde9e0619,Eric Clapton,Nobody Knows You When You’re Down & Out,,1,1,1,,not_enriched,unreviewed
1297,S9ce9db3c44,The Steve Miller Band,Jungle Love,,1,1,1,,not_enriched,unreviewed
1298,S9d24b628cd,Supertramp,Lord Is It Mine,,1,1,1,,not_enriched,unreviewed
1299,S9d6edf413d,The Who,There’s a Doctor,,1,1,1,,not_enriched,unreviewed
1300,S9d77dc5b5e,The Cars,Why Can't I Have You,,1,1,1,,not_enriched,unreviewed
1301,S9d861a8bc3,Pink Floyd,Stop,,1,1,1,,not_enriched,unreviewed
1302,S9da2f36221,The Beatles,Good Morning Good Morning,,1,1,1,,not_enriched,unreviewed
1303,S9da8f3928b,R.E.M.,Me in Honey,,1,1,1,,not_enriched,unreviewed
1304,S9daf7b3982,The Rolling Stones,Play With Fire,,1,1,1,,not_enriched,unreviewed
1305,S9dbd3c8ef0,U2,Love Rescue Me,,1,1,1,,not_enriched,unreviewed
1306,S9dc841d167,Dire Straits,Private Investigations,,1,1,1,,not_enriched,unreviewed
1307,S9dc86b32ba,Roxy Music,Pyjamarama,,1,1,1,,not_enriched,unreviewed
1308,S9dd196fe7c,The Hollies,Bus Stop,,1,1,1,,not_enriched,unreviewed
1309,S9de88012ae,Yes,Cinema,,1,1,1,,not_enriched,unreviewed
1310,S9e4ed5192f,Creedence Clearwater Revival,Susie Q,,1,1,1,,not_enriched,unreviewed
1311,S9e8662f075,The Animals,Boom Boom,,1,1,1,,not_enriched,unreviewed
1312,S9ea82c868c,Jimi Hendrix,Gypsy Eyes,,1,1,1,,not_enriched,unreviewed
1313,S9eb21005b6,Foreigner,I Need You,,1,1,1,,not_enriched,unreviewed
1314,S9ecff0eb55,Sheryl Crow,"Run, Baby, Run",,1,1,1,,not_enriched,unreviewed
1315,S9ed8cd0b42,Steely Dan,Midnite Cruiser,,1,1,1,,not_enriched,unreviewed
1316,S9edf628ae7,Jackson Browne,The Fuse,,1,1,1,,not_enriched,unreviewed
1317,S9f0600cdab,Loggins & Messina,Watching the River Run,,1,1,1,,not_enriched,unreviewed
1318,S9f1a2d2ae8,The Rolling Stones,Get Off of My Cloud,,1,1,1,,not_enriched,unreviewed
1319,S9f30f619d4,Sheryl Crow,A Change Would Do You Good,,1,1,1,,not_enriched,unreviewed
1320,S9f3ee92720,Linda Ronstadt,It Doesn't Matter Anymore,,1,1,1,,not_enriched,unreviewed
1321,S9f49be0b2d,Queen,We Will Rock You,,1,1,1,,not_enriched,unreviewed
1322,S9f4ef486ee,The Association,Six Man Band,,1,1,1,,not_enriched,unreviewed
1323,S9f799972b6,Neil Young,Motorcycle Mama,,1,1,1,,not_enriched,unreviewed
1324,Sa022e165f2,Supertramp,Know Who You Are,,1,1,1,,not_enriched,unreviewed
1325,Sa052aa4ca0,Steve Miller Band,Serenade,,1,1,1,,not_enriched,unreviewed
1326,Sa0a359842a,Bad Company,Racetrack,,1,1,1,,not_enriched,unreviewed
1327,Sa0ca334975,Temple of the Dog,Your Saviour,,1,1,1,,not_enriched,unreviewed
1328,Sa0f383167c,U2,Running to Stand Still,,1,1,1,,not_enriched,unreviewed
1329,Sa0f8a6a1ce,REO Speedwagon,Shakin’ It Loose,,1,1,1,,not_enriched,unreviewed
1330,Sa0fdfebb49,Tracy Chapman,All That You Have Is Your Soul,,1,1,1,,not_enriched,unreviewed
1331,Sa156226141,Linda Ronstadt,Someone to Lay Down Beside Me,,1,1,1,,not_enriched,unreviewed
1332,Sa19801786e,Jimi Hendrix,"Still Raining, Still Dreaming",,1,1,1,,not_enriched,unreviewed
1333,Sa1b2b36387,Steppenwolf,For Ladies Only,,1,1,1,,not_enriched,unreviewed
1334,Sa1ef3f2f89,The Byrds,My Back Pages,,1,1,1,,not_enriched,unreviewed
1335,Sa2558f4131,Tom Kimmel,On the Defensive,,1,1,1,,not_enriched,unreviewed
1336,Sa2bcfb794e,The 5th Dimension,Wedding Bell Blues,,1,1,1,,not_enriched,unreviewed
1337,Sa2bf0f0979,Bob Dylan,Like a Rolling Stone,,1,1,1,,not_enriched,unreviewed
1338,Sa2e23f6900,Greg Kihn Band,The Breakup Song (They Don't Write 'em),,1,1,1,,not_enriched,unreviewed
1339,Sa2ea7fc4c9,Supertramp,Oh Darling,,1,1,1,,not_enriched,unreviewed
1340,Sa2eb47cc18,Stevie Wonder,You Haven’t Done Nothin’,,1,1,1,,not_enriched,unreviewed
1341,Sa33c13939f,Sheryl Crow,My Favorite Mistake,,1,1,1,,not_enriched,unreviewed
1342,Sa355290d1d,Carly Simon,Like a River,,1,1,1,,not_enriched,unreviewed
1343,Sa3cdc6f8ae,The Beatles,I Should Have Known Better,,1,1,1,,not_enriched,unreviewed
1344,Sa3e91fa7ff,Rod Stewart,Tonight’s the Night (Gonna Be Alright),,1,1,1,,not_enriched,unreviewed
1345,Sa3ea1951d4,The Beatles,Please Mr. Postman,,1,1,1,,not_enriched,unreviewed
1346,Sa48c3de79a,Enigma,The Cross of Changes,,1,1,1,,not_enriched,unreviewed
1347,Sa4af2b3bf1,Gordon Lightfoot,Old Dan's Records,,1,1,1,,not_enriched,unreviewed
1348,Sa4b18ae993,Jimi Hendrix,Have You Ever Been (To Electric Ladyland),,1,1,1,,not_enriched,unreviewed
1349,Sa4b40d7b9c,Neil Young,Tired Eyes,,1,1,1,,not_enriched,unreviewed
1350,Sa4b9e05177,New Moon Jelly Roll Freedom Rockers,Messin’ With The Kid,,1,1,1,,not_enriched,unreviewed
1351,Sa4d120aacb,The Byrds,So You Want to Be a Rock ’n’ Roll Star,,1,1,1,,not_enriched,unreviewed
1352,Sa4d3c85b14,Linda Ronstadt,"Poor, Poor Pitiful Me",,1,1,1,,not_enriched,unreviewed
1353,Sa51053dd16,The Police,Walking on the Moon,,1,1,1,,not_enriched,unreviewed
1354,Sa5269995b9,The Animals,I’m in Love Again,,1,1,1,,not_enriched,unreviewed
1355,Sa543e5d16b,Carole King,Beautiful,,1,1,1,,not_enriched,unreviewed
1356,Sa582c01468,Alice in Chains,Don’t Follow,,1,1,1,,not_enriched,unreviewed
1357,Sa58afaef45,Carole King,You've Got a Friend,,1,1,1,,not_enriched,unreviewed
1358,Sa597198c40,Tom Petty and the Heartbreakers,Strangered in the Night,,1,1,1,,not_enriched,unreviewed
1359,Sa5b8ff4813,Paul McCartney,Maybe I’m Amazed,,1,1,1,,not_enriched,unreviewed
1360,Sa5bb9e272a,Bob Seger & the Silver Bullet Band,Mainstreet,,1,1,1,,not_enriched,unreviewed
1361,Sa5c5a8e81c,Ace,How Long,,1,1,1,,not_enriched,unreviewed
1362,Sa5cde79b5f,Styx,Aku‐Aku,,1,1,1,,not_enriched,unreviewed
1363,Sa5ddec76ae,Pearl Jam,Even Flow,,1,1,1,,not_enriched,unreviewed
1364,Sa62bb2cce1,Simon & Garfunkel,At the Zoo,,1,1,1,,not_enriched,unreviewed
1365,Sa645f682d0,Fleetwood Mac,Blue Letter,,1,1,1,,not_enriched,unreviewed
1366,Sa65073d995,The Beatles,Act Naturally,,1,1,1,,not_enriched,unreviewed
1367,Sa65db70d7c,Pink Floyd,Bring the Boys Back Home,,1,1,1,,not_enriched,unreviewed
1368,Sa67124ca33,Santana,Jingo,,1,1,1,,not_enriched,unreviewed
1369,Sa6caf08fce,The Alan Parsons Project,Nucleus,,1,1,1,,not_enriched,unreviewed
1370,Sa6f534012c,Pink Floyd,In the Flesh?,,1,1,1,,not_enriched,unreviewed
1371,Sa700572ac5,Robert Palmer,"Bad Case of Loving You (Doctor, Doctor)",,1,1,1,,not_enriched,unreviewed
1372,Sa7066f3daa,Paul McCartney,Venus And Mars-Reprise,,1,1,1,,not_enriched,unreviewed
1373,Sa730fbc441,Pink Floyd,Young Lust,,1,1,1,,not_enriched,unreviewed
1374,Sa73c930891,The Beatles,Maggie Mae,,1,1,1,,not_enriched,unreviewed
1375,Sa758471d0e,The Doobie Brothers,Listen to the Music,,1,1,1,,not_enriched,unreviewed
1376,Sa7588aa201,Neil Young,Already One,,1,1,1,,not_enriched,unreviewed
1377,Sa79e8af178,Eagles,Victim of Love,,1,1,1,,not_enriched,unreviewed
1378,Sa7a64f26c4,Gordon Lightfoot,Song for a Winter's Night,,1,1,1,,not_enriched,unreviewed
1379,Sa7ebdc168f,Paul McCartney,The Lovely Linda,,1,1,1,,not_enriched,unreviewed
1380,Sa7f98779e0,Tom Petty,I Won't Back Down,,1,1,1,,not_enriched,unreviewed
1381,Sa8073335b4,The Hollies,Teach Your Children,,1,1,1,,not_enriched,unreviewed
1382,Sa83ad81fe6,Kansas,Opus Insert,,1,1,1,,not_enriched,unreviewed
1383,Sa8aedb0ef1,Fleetwood Mac,Second Hand News,,1,1,1,,not_enriched,unreviewed
1384,Sa8be45baa9,The Steve Miller Band,Threshold,,1,1,1,,not_enriched,unreviewed
1385,Sa93d09211b,Scorpions,Rhythm of Love,,1,1,1,,not_enriched,unreviewed
1386,Sa9a5dadeea,Greg Kihn Band,Womankind,,1,1,1,,not_enriched,unreviewed
1387,Sa9c2b541b0,Peter Frampton,(I’ll Give You) Money,,1,1,1,,not_enriched,unreviewed
1388,Saa6777a2f7,Journey,Opened the Door,,1,1,1,,not_enriched,unreviewed
1389,Saa88314845,Billy Joel,Only the Good Die Young,,1,1,1,,not_enriched,unreviewed
1390,Sab11221832,Foreigner,Feels Like the First Time,,1,1,1,,not_enriched,unreviewed
1391,Sab1bf7cf61,Todd Snider,Alright Guy,,1,1,1,,not_enriched,unreviewed
1392,Sab34ef717e,Lynyrd Skynyrd,I Ain’t the One,,1,1,1,,not_enriched,unreviewed
1393,Sabb69ab1a1,The Byrds,All I Really Want to Do,,1,1,1,,not_enriched,unreviewed
1394,Sabdf5d0a56,Paul,Another Day,,1,1,1,,not_enriched,unreviewed
1395,Sac2b8e3064,Billy Idol,The Dead Next Door,,1,1,1,,not_enriched,unreviewed
1396,Sac95a3cd91,Dire Straits,Telegraph Road,,1,1,1,,not_enriched,unreviewed
1397,Sacac6681c9,U2,In God’s Country,,1,1,1,,not_enriched,unreviewed
1398,Sacc876be5b,Gordon Lightfoot,Beautiful,,1,1,1,,not_enriched,unreviewed
1399,Sace0a31696,Lindsey Buckingham,Doing What I Can,,1,1,1,,not_enriched,unreviewed
1400,Sad3885c620,Bon Jovi,Wanted Dead or Alive,,1,1,1,,not_enriched,unreviewed
1401,Sad4ad8f14f,Gordon Lightfoot,If You Could Read My Mind,,1,1,1,,not_enriched,unreviewed
1402,Sad4be8dad5,Roger Hodgson,In Jeopardy,,1,1,1,,not_enriched,unreviewed
1403,Sad5aca1222,Eric Clapton,Swing Low Sweet Chariot,,1,1,1,,not_enriched,unreviewed
1404,Sad5d00f678,Joan Osborne,Crazy Baby,,1,1,1,,not_enriched,unreviewed
1405,Sad6acfb3a5,The Guess Who,Hang on to Your Life,,1,1,1,,not_enriched,unreviewed
1406,Sadd2341ec5,Queen,My Melancholy Blues,,1,1,1,,not_enriched,unreviewed
1407,Sade3b2292e,The Beatles,Love You To,,1,1,1,,not_enriched,unreviewed
1408,Sae18f2d413,Fleetwood Mac,Oh Daddy,,1,1,1,,not_enriched,unreviewed
1409,Sae5d38c03d,The Mamas & the Papas,For the Love of Ivy,,1,1,1,,not_enriched,unreviewed
1410,Sae71369d96,Pink Floyd,"Pigs on the Wing, Part 2",,1,1,1,,not_enriched,unreviewed
1411,Sae880922d7,Supertramp,Even in the Quietest Moments,,1,1,1,,not_enriched,unreviewed
1412,Saedee5e2f3,The Beatles,Old Brown Shoe,,1,1,1,,not_enriched,unreviewed
1413,Saf990dd6d7,Bon Jovi,Pink Flamingos,,1,1,1,,not_enriched,unreviewed
1414,Safc01bb152,The Beatles,She Said She Said,,1,1,1,,not_enriched,unreviewed
1415,Safd99f74e4,Carole King,Where You Lead,,1,1,1,,not_enriched,unreviewed
1416,Safe755ab6a,Todd Snider,That Was Me,,1,1,1,,not_enriched,unreviewed
1417,Saff30dbf78,The 5th Dimension,"Love's Lines, Angles and Rhymes",,1,1,1,,not_enriched,unreviewed
1418,Saffcb61f09,Sheryl Crow,All I Wanna Do,,1,1,1,,not_enriched,unreviewed
1419,Sb00e6ad557,The Steve Miller Band,True Fine Love,,1,1,1,,not_enriched,unreviewed
1420,Sb021230e8a,Led Zeppelin,Tangerine,,1,1,1,,not_enriched,unreviewed
1421,Sb02f271df2,The Pointer Sisters,If You Wanna Get Back Your Lady,,1,1,1,,not_enriched,unreviewed
1422,Sb0559ca870,Pink Floyd,"Shine On You Crazy Diamond, Parts VI–IX",,1,1,1,,not_enriched,unreviewed
1423,Sb07ef71fcc,The Mamas & the Papas,Twist and Shout,,1,1,1,,not_enriched,unreviewed
1424,Sb0aa457d22,Grand Funk Railroad,The Loco-Motion,,1,1,1,,not_enriched,unreviewed
1425,Sb0e4c35117,The Mamas & the Papas,Words of Love,,1,1,1,,not_enriched,unreviewed
1426,Sb1164b8fa9,Enigma,Age of Loneliness (Carly’s Song),,1,1,1,,not_enriched,unreviewed
1427,Sb1174c6d07,James Taylor,Sweet Baby James,,1,1,1,,not_enriched,unreviewed
1428,Sb117d81233,Neil Diamond,Heartlight,,1,1,1,,not_enriched,unreviewed
1429,Sb132b092e4,Dire Straits,Southbound Again,,1,1,1,,not_enriched,unreviewed
1430,Sb149887ac4,Heart,Dog and Butterfly (acoustic),,1,1,1,,not_enriched,unreviewed
1431,Sb16000d57a,Paul McCartney,Letting Go,,1,1,1,,not_enriched,unreviewed
1432,Sb17c866718,Robert Palmer,You’re Gonna Get What’s Coming,,1,1,1,,not_enriched,unreviewed
1433,Sb1938168d4,Styx,I’m OK,,1,1,1,,not_enriched,unreviewed
1434,Sb1ca593928,Fleetwood Mac,Songbird,,1,1,1,,not_enriched,unreviewed
1435,Sb203ffe117,U2,Where the Streets Have No Name,,1,1,1,,not_enriched,unreviewed
1436,Sb233441a55,The Beatles,If I Needed Someone,,1,1,1,,not_enriched,unreviewed
1437,Sb25a37cbae,Lynyrd Skynyrd,I Know a Little,,1,1,1,,not_enriched,unreviewed
1438,Sb26f823617,Alice Cooper,Be My Lover,,1,1,1,,not_enriched,unreviewed
1439,Sb27e13e862,Steely Dan,Brooklyn (Owes the Charmer Under Me),,1,1,1,,not_enriched,unreviewed
1440,Sb28db94a00,Robert Palmer,Sweet Lies,,1,1,1,,not_enriched,unreviewed
1441,Sb2d415bf8d,The Beatles,Tell Me What You See,,1,1,1,,not_enriched,unreviewed
1442,Sb2d73419e9,Jimi Hendrix,Stepping Stone,,1,1,1,,not_enriched,unreviewed
1443,Sb2da2810d0,The Mamas & the Papas,I Saw Her Again Last Night,,1,1,1,,not_enriched,unreviewed
1444,Sb300f7c505,Neil Young,Cinnamon Girl,,1,1,1,,not_enriched,unreviewed
1445,Sb3a275e745,Neil Young,For the Turnstiles,,1,1,1,,not_enriched,unreviewed
1446,Sb3a4f80794,Carly Simon,Better Not Tell Her,,1,1,1,,not_enriched,unreviewed
1447,Sb3b7949d64,Sheryl Crow,Hard to Make a Stand,,1,1,1,,not_enriched,unreviewed
1448,Sb400690778,Bad Company,Old Mexico,,1,1,1,,not_enriched,unreviewed
1449,Sb4416d1ad8,Jimi Hendrix,Voodoo Chile (slight return),,1,1,1,,not_enriched,unreviewed
1450,Sb450ec0a32,Styx,Queen of Spades,,1,1,1,,not_enriched,unreviewed
1451,Sb4acc8ff82,The Beatles,You Won’t See Me,,1,1,1,,not_enriched,unreviewed
1452,Sb4b48976b9,Neil Young,Walk On,,1,1,1,,not_enriched,unreviewed
1453,Sb4c0377516,The Beatles,Lovely Rita,,1,1,1,,not_enriched,unreviewed
1454,Sb4f164c065,Kenny Loggins,Brighter Days,,1,1,1,,not_enriched,unreviewed
1455,Sb516fc7a97,The Beatles,I've Got A Feeling,,1,1,1,,not_enriched,unreviewed
1456,Sb52b12fb70,Todd Snider,Joe’s Blues / Talkin’ Seattle Grunge Rock Blues,,1,1,1,,not_enriched,unreviewed
1457,Sb564bed688,The Pointer Sisters,I Need You,,1,1,1,,not_enriched,unreviewed
1458,Sb574e8be23,The J. Geils Band,Mean Love,,1,1,1,,not_enriched,unreviewed
1459,Sb5956f700e,Rod Stewart,Sailing,,1,1,1,,not_enriched,unreviewed
1460,Sb5a5fdddd4,The J. Geils Band,Cry One More Time,,1,1,1,,not_enriched,unreviewed
1461,Sb5b7f39492,The Beatles,Getting Better,,1,1,1,,not_enriched,unreviewed
1462,Sb5d97cd0f6,Scorpions,You Give Me All I Need,,1,1,1,,not_enriched,unreviewed
1463,Sb61470721b,The Doors,The Spy,,1,1,1,,not_enriched,unreviewed
1464,Sb68ca3df1e,Tom Kimmel,Heroes,,1,1,1,,not_enriched,unreviewed
1465,Sb6e648606c,Sheryl Crow,Maybe Angels,,1,1,1,,not_enriched,unreviewed
1466,Sb6ee2f47ae,The Beatles,Magical Mystery Tour,,1,1,1,,not_enriched,unreviewed
1467,Sb6f9820a4e,Huey Lewis & the News,Bad Is Bad,,1,1,1,,not_enriched,unreviewed
1468,Sb7342ba758,Traveling Wilburys,Handle With Care,,1,1,1,,not_enriched,unreviewed
1469,Sb739b7e3b9,The Cars,I'm in Touch With Your World,,1,1,1,,not_enriched,unreviewed
1470,Sb761cd4769,Led Zeppelin,Bron‐Y‐Aur Stomp,,1,1,1,,not_enriched,unreviewed
1471,Sb76cfa6414,Steppenwolf,Move Over,,1,1,1,,not_enriched,unreviewed
1472,Sb76e1a88e2,Wings,Live and Let Die,,1,1,1,,not_enriched,unreviewed
1473,Sb79e94720c,Tracy Chapman,This Time,,1,1,1,,not_enriched,unreviewed
1474,Sb7a9d9e38c,Chicago,Call on Me,,1,1,1,,not_enriched,unreviewed
1475,Sb7af2df0ae,Neil Young,I Am a Child,,1,1,1,,not_enriched,unreviewed
1476,Sb7c9099384,Jimi Hendrix,Freedom,,1,1,1,,not_enriched,unreviewed
1477,Sb7d2824c64,Paul McCartney,Kreen‐Akrore,,1,1,1,,not_enriched,unreviewed
1478,Sb7e781fac7,Bob Seger & the Silver Bullet Band,Her Strut,,1,1,1,,not_enriched,unreviewed
1479,Sb832260617,Huey Lewis and the News,If This Is It,,1,1,1,,not_enriched,unreviewed
1480,Sb83bf55f9b,The Beatles,You’re Going to Lose That Girl,,1,1,1,,not_enriched,unreviewed
1481,Sb89bc25839,Pink Floyd,Comfortably Numb,,1,1,1,,not_enriched,unreviewed
1482,Sb8f9da5d1c,Linda Ronstadt,Back in the U.S.A.,,1,1,1,,not_enriched,unreviewed
1483,Sb95be5a0c9,Jimi Hendrix,Room Full of Mirrors,,1,1,1,,not_enriched,unreviewed
1484,Sb997747f4a,Joe Walsh,Midnight Moodies,,1,1,1,,not_enriched,unreviewed
1485,Sba277592a6,James Taylor,How Sweet It Is (to Be Loved by You),,1,1,1,,not_enriched,unreviewed
1486,Sba61dd12ce,Simon and Garfunkel,Cecilia,,1,1,1,,not_enriched,unreviewed
1487,Sba6683aa2a,Paul McCartney,Magneto And Titanium Man,,1,1,1,,not_enriched,unreviewed
1488,Sbb27dca52f,The Babys,Isn't It Time,,1,1,1,,not_enriched,unreviewed
1489,Sbbea4095cd,Alice Cooper,Muscle of Love,,1,1,1,,not_enriched,unreviewed
1490,Sbbec9dda0d,U2,Exit,,1,1,1,,not_enriched,unreviewed
1491,Sbc0db38c26,Roger Hodgson,Only Because of You,,1,1,1,,not_enriched,unreviewed
1492,Sbc1c01ac7a,Led Zeppelin,What Is and What Should Never Be,,1,1,1,,not_enriched,unreviewed
1493,Sbc686ac763,Simon & Garfunkel,Blessed,,1,1,1,,not_enriched,unreviewed
1494,Sbc91672e66,The Pointer Sisters,Baby Come and Get It,,1,1,1,,not_enriched,unreviewed
1495,Sbcc41e7460,The Animals,Around and Around,,1,1,1,,not_enriched,unreviewed
1496,Sbccb421f36,Todd Snider,You Think You Know Somebody,,1,1,1,,not_enriched,unreviewed
1497,Sbce9d1e1c8,The J. Geils Band,Trying to Live My Life Without You,,1,1,1,,not_enriched,unreviewed
1498,Sbd4bd448d8,James Taylor,Country Road,,1,1,1,,not_enriched,unreviewed
1499,Sbd65b157c2,Soundgarden,Spoonman,,1,1,1,,not_enriched,unreviewed
1500,Sbd8de1e9c0,The Who,Smash the Mirror,,1,1,1,,not_enriched,unreviewed
1501,Sbe169b3cc9,Pink Floyd,Speak to Me,,1,1,1,,not_enriched,unreviewed
1502,Sbe2acc7a40,Al Stewart,Broadway Hotel,,1,1,1,,not_enriched,unreviewed
1503,Sbe366741db,The Beatles,Sgt. Pepper’s Lonely Hearts Club Band,,1,1,1,,not_enriched,unreviewed
1504,Sbe3de85d71,The Alan Parsons Project,I Wouldn’t Want to Be Like You,,1,1,1,,not_enriched,unreviewed
1505,Sbe77777fd4,Sheryl Crow,Maybe That’s Something,,1,1,1,,not_enriched,unreviewed
1506,Sbf58e9d8c2,Linda Ronstadt,Tumbling Dice,,1,1,1,,not_enriched,unreviewed
1507,Sbf72464610,George Harrison,What Is Life,,1,1,1,,not_enriched,unreviewed
1508,Sbf8bd3d5f2,ZZ Top,Beer Drinkers and Hell Raisers,,1,1,1,,not_enriched,unreviewed
1509,Sbfecf8ad8d,Huey Lewis & the News,Trouble in Paradise,,1,1,1,,not_enriched,unreviewed
1510,Sbff8b08db5,Chicago,Saturday in the Park,,1,1,1,,not_enriched,unreviewed
1511,Sbff9893560,Santana,Everybody’s Everything,,1,1,1,,not_enriched,unreviewed
1512,Sbffd720a34,"Crosby, Stills & Nash",49 Bye‐Byes,,1,1,1,,not_enriched,unreviewed
1513,Sc031e43e9b,U2,Van Diemen’s Land,,1,1,1,,not_enriched,unreviewed
1514,Sc0878e0f9f,R.E.M.,Low,,1,1,1,,not_enriched,unreviewed
1515,Sc1213ec708,R.E.M.,Texarkana,,1,1,1,,not_enriched,unreviewed
1516,Sc1566175c0,Roger Hodgson,I’m Not Afraid,,1,1,1,,not_enriched,unreviewed
1517,Sc16f2155c6,Simon & Garfunkel,7 O’Clock News / Silent Night,,1,1,1,,not_enriched,unreviewed
1518,Sc195f0dab0,Lynyrd Skynyrd,Sweet Home Alabama,,1,1,1,,not_enriched,unreviewed
1519,Sc1ac72318d,Fleetwood Mac,When I See You Again,,1,1,1,,not_enriched,unreviewed
1520,Sc1ce913128,Linda Ronstadt,You're No Good,,1,1,1,,not_enriched,unreviewed
1521,Sc2507b19f0,Billy Joel,She’s Always a Woman,,1,1,1,,not_enriched,unreviewed
1522,Sc2604592e6,Alice Cooper,Teenage Lament ’74,,1,1,1,,not_enriched,unreviewed
1523,Sc2891b28e2,Supertramp,If Everyone Was Listening,,1,1,1,,not_enriched,unreviewed
1524,Sc294cc5583,Paul McCartney,Treat Her Gently-Lonely Old People,,1,1,1,,not_enriched,unreviewed
1525,Sc2bb1910eb,Jimi Hendrix,The Burning of the Midnight Lamp,,1,1,1,,not_enriched,unreviewed
1526,Sc2cbaea1ea,The Doors,Alabama Song (Whiskey Bar),,1,1,1,,not_enriched,unreviewed
1527,Sc2d9113290,Joe Walsh,Meadows,,1,1,1,,not_enriched,unreviewed
1528,Sc373da3a71,Neil Young,Lotta Love,,1,1,1,,not_enriched,unreviewed
1529,Sc39b7a0f19,Billy Idol,Blue Highway,,1,1,1,,not_enriched,unreviewed
1530,Sc4115e1532,Santana,Black Magic Woman,,1,1,1,,not_enriched,unreviewed
1531,Sc423cce133,Gordon Lightfoot,Early Morning Rain,,1,1,1,,not_enriched,unreviewed
1532,Sc4540f40e7,Alice in Chains,I Stay Away,,1,1,1,,not_enriched,unreviewed
1533,Sc4673fa50d,The Who,Do You Think It’s Alright?,,1,1,1,,not_enriched,unreviewed
1534,Sc4bb5b0703,Three Dog Night,Old Fashioned Love Song,,1,1,1,,not_enriched,unreviewed
1535,Sc4df33bfda,R.E.M.,Belong,,1,1,1,,not_enriched,unreviewed
1536,Sc4e7649d4a,R.E.M.,Radio Song,,1,1,1,,not_enriched,unreviewed
1537,Sc51724185f,Rod Stewart,Seems Like a Long Time,,1,1,1,,not_enriched,unreviewed
1538,Sc5177b3a34,Sheryl Crow,Riverwide,,1,1,1,,not_enriched,unreviewed
1539,Sc59ab4537d,The Police,Don’t Stand So Close to Me ’86,,1,1,1,,not_enriched,unreviewed
1540,Sc5afd8c968,Pink Floyd,The Great Gig in the Sky,,1,1,1,,not_enriched,unreviewed
1541,Sc63d118da4,The Rolling Stones,19th Nervous Breakdown,,1,1,1,,not_enriched,unreviewed
1542,Sc64d88b1e3,The Beatles,Sun King (early mix),,1,1,1,,not_enriched,unreviewed
1543,Sc6c5312724,The Steve Miller Band,Jet Airliner,,1,1,1,,not_enriched,unreviewed
1544,Sc6c7bf36b6,Bruce Springsteen,My Hometown,,1,1,1,,not_enriched,unreviewed
1545,Sc738ce8b9e,Tom Petty and the Heartbreakers,A Thing About You,,1,1,1,,not_enriched,unreviewed
1546,Sc74faa8970,Tom Petty and the Heartbreakers,You Can Still Change Your Mind,,1,1,1,,not_enriched,unreviewed
1547,Sc75f07dc12,Eagles,Try and Love Again,,1,1,1,,not_enriched,unreviewed
1548,Sc829dcdbf3,New Moon Jelly Roll Freedom Rockers,"Oh Lord, Don’t Let Them Drop That Atom Bomb On Me",,1,1,1,,not_enriched,unreviewed
1549,Sc841655ee1,The Beatles,Don’t Let Me Down,,1,1,1,,not_enriched,unreviewed
1550,Sc85525cfb9,The Who,Tommy Can You Hear Me?,,1,1,1,,not_enriched,unreviewed
1551,Sc8ac7254ad,Billy Idol,Daytime Drama,,1,1,1,,not_enriched,unreviewed
1552,Sc8d5225d97,Tom Kimmel,A to Z,,1,1,1,,not_enriched,unreviewed
1553,Sc8f65bdf9b,Jimi Hendrix,Are You Experienced,,1,1,1,,not_enriched,unreviewed
1554,Sc93b32eb9f,War,City Country City,,1,1,1,,not_enriched,unreviewed
1555,Sc95bc074fe,Carole King,So Far Away,,1,1,1,,not_enriched,unreviewed
1556,Sc9675ba822,Huey Lewis and the News,I Want a New Drug,,1,1,1,,not_enriched,unreviewed
1557,Sc96ebc49fb,U2,A Sort of Homecoming,,1,1,1,,not_enriched,unreviewed
1558,Sc9ce0ba26a,Linda Ronstadt,Ooh Baby Baby,,1,1,1,,not_enriched,unreviewed
1559,Sc9d90fd9b6,Bon Jovi,Let It Rock,,1,1,1,,not_enriched,unreviewed
1560,Sc9ff033c00,The Moody Blues,The Night: Nights in White Satin,,1,1,1,,not_enriched,unreviewed
1561,Sca14b74757,Pink Floyd,Have a Cigar,,1,1,1,,not_enriched,unreviewed
1562,Sca215229a7,Huey Lewis & the News,Doing It All for My Baby,,1,1,1,,not_enriched,unreviewed
1563,Sca2165c337,Simon & Garfunkel,Voices of Old People,,1,1,1,,not_enriched,unreviewed
1564,Sca2e5a1617,Traveling Wilburys,End of the Line,,1,1,1,,not_enriched,unreviewed
1565,Sca371087db,Loggins & Messina,My Music,,1,1,1,,not_enriched,unreviewed
1566,Sca40f4f970,The Moody Blues,The Morning: Another Morning,,1,1,1,,not_enriched,unreviewed
1567,Scb59ce60dc,The Doobie Brothers,Rockin’ Down the Highway,,1,1,1,,not_enriched,unreviewed
1568,Scb5ee71aa4,The Animals,House of the Rising Sun,,1,1,1,,not_enriched,unreviewed
1569,Scb6fa633f5,New Moon Jelly Roll Freedom Rockers,She’s About a Mover,,1,1,1,,not_enriched,unreviewed
1570,Scb9ae925b7,Peter Gabriel,This Is the Picture (Excellent Birds),,1,1,1,,not_enriched,unreviewed
1571,Scc243778c4,Huey Lewis & the News,Heart and Soul,,1,1,1,,not_enriched,unreviewed
1572,Scc24fb0fb3,Billy Joel,Christie Lee,,1,1,1,,not_enriched,unreviewed
1573,Scc5b37fd02,Greg Kihn Band,Nothing's Gonna Change,,1,1,1,,not_enriched,unreviewed
1574,Scce92bcfdd,Collective Soul,Reach,,1,1,1,,not_enriched,unreviewed
1575,Scd0555c00c,The Beatles,I Want to Tell You,,1,1,1,,not_enriched,unreviewed
1576,Scd1cfcafa9,Carly Simon,Jesse,,1,1,1,,not_enriched,unreviewed
1577,Scd8c9263f2,The Beatles,Good Day Sunshine,,1,1,1,,not_enriched,unreviewed
1578,Scd97eb98ff,Fleetwood Mac,Gold Dust Woman,,1,1,1,,not_enriched,unreviewed
1579,Scdb16e48be,Alice Cooper,Elected,,1,1,1,,not_enriched,unreviewed
1580,Scdc7d8e020,Bob Dylan,Rainy Day Women #12 & 35,,1,1,1,,not_enriched,unreviewed
1581,Scddb0e89d7,The Babys,Money,,1,1,1,,not_enriched,unreviewed
1582,Scddb326bec,Pink Floyd,The Trial,,1,1,1,,not_enriched,unreviewed
1583,Scdedc38f2d,Soundgarden,Fresh Tendrils,,1,1,1,,not_enriched,unreviewed
1584,Scdf5ca14df,Fleetwood Mac,World Turning,,1,1,1,,not_enriched,unreviewed
1585,Sce145060a1,Jimi Hendrix,Ezy Ryder,,1,1,1,,not_enriched,unreviewed
1586,Sce35b99aef,Supertramp,It’s Raining Again,,1,1,1,,not_enriched,unreviewed
1587,Sce984085cf,The Doobie Brothers,Jesus Is Just Alright,,1,1,1,,not_enriched,unreviewed
1588,Scea64bf97d,The Byrds,Eight Miles High,,1,1,1,,not_enriched,unreviewed
1589,Sceefdeb1ae,Dire Straits,Love Over Gold,,1,1,1,,not_enriched,unreviewed
1590,Scefed8bfa7,Carly Simon,Love of My Life,,1,1,1,,not_enriched,unreviewed
1591,Scf0d733d1f,Billy Joel,Tell Her About It,,1,1,1,,not_enriched,unreviewed
1592,Scf6d26c311,Pearl Jam,Release,,1,1,1,,not_enriched,unreviewed
1593,Scf7687e08a,Greg Kihn Band,True Confessions,,1,1,1,,not_enriched,unreviewed
1594,Scf9ab50cd0,Alice Cooper,School’s Out,,1,1,1,,not_enriched,unreviewed
1595,Scfc449aeff,Tom Petty and the Heartbreakers,Fooled Again (I Don’t Like It),,1,1,1,,not_enriched,unreviewed
1596,Sd034175fa8,Heart,Will You Be There (in the Morning),,1,1,1,,not_enriched,unreviewed
1597,Sd04c4fbca5,Pink Floyd,"Another Brick in the Wall, Part 3",,1,1,1,,not_enriched,unreviewed
1598,Sd086ade869,Styx,Pieces of Eight,,1,1,1,,not_enriched,unreviewed
1599,Sd0888cc330,Huey Lewis & the News,The Heart of Rock & Roll,,1,1,1,,not_enriched,unreviewed
1600,Sd0a31b7da3,Al Stewart,Midas Shadow,,1,1,1,,not_enriched,unreviewed
1601,Sd0c9d9ac41,Greg Kihn Band,Valerie,,1,1,1,,not_enriched,unreviewed
1602,Sd0da05999d,Paul McCartney & Wings,My Love,,1,1,1,,not_enriched,unreviewed
1603,Sd0dcdfb513,The Pointer Sisters,American Music,,1,1,1,,not_enriched,unreviewed
1604,Sd124953272,Bob Seger & the Silver Bullet Band,Betty Lou’s Gettin’ Out Tonight,,1,1,1,,not_enriched,unreviewed
1605,Sd12d0f195b,Joan Osborne,St. Teresa,,1,1,1,,not_enriched,unreviewed
1606,Sd140b65ed4,Peter Frampton,It’s a Plain Shame,,1,1,1,,not_enriched,unreviewed
1607,Sd1a275aa4a,Pink Floyd,Goodbye Cruel World,,1,1,1,,not_enriched,unreviewed
1608,Sd214dca7ae,The J. Geils Band,First I Look at the Purse,,1,1,1,,not_enriched,unreviewed
1609,Sd23d020167,Roxy Music,All I Want Is You,,1,1,1,,not_enriched,unreviewed
1610,Sd246532fc8,Bon Jovi,Without Love,,1,1,1,,not_enriched,unreviewed
1611,Sd26ded9283,The Association,Along Comes Mary,,1,1,1,,not_enriched,unreviewed
1612,Sd28c6b1b12,Neil Young,Field of Opportunity,,1,1,1,,not_enriched,unreviewed
1613,Sd29b855af9,U2,With or Without You,,1,1,1,,not_enriched,unreviewed
1614,Sd2a1f74452,The Police,Can’t Stand Losing You,,1,1,1,,not_enriched,unreviewed
1615,Sd2c56c5c0b,Kansas,What’s on My Mind,,1,1,1,,not_enriched,unreviewed
1616,Sd2cd0e2f0e,Lindsey Buckingham,This Nearly Was Mine,,1,1,1,,not_enriched,unreviewed
1617,Sd34a168a16,Tom Petty,Yer So Bad,,1,1,1,,not_enriched,unreviewed
1618,Sd3562437cb,Kenny Loggins,Danny's Song,,1,1,1,,not_enriched,unreviewed
1619,Sd3598c1a7c,Joe Walsh,(Daydream) Prayer,,1,1,1,,not_enriched,unreviewed
1620,Sd359b1ca1c,The Doobie Brothers,Natural Thing,,1,1,1,,not_enriched,unreviewed
1621,Sd3e5710d47,Simon and Garfunkel,Bye Bye Love,,1,1,1,,not_enriched,unreviewed
1622,Sd42f3da1ae,Steppenwolf,Snowblind Friend,,1,1,1,,not_enriched,unreviewed
1623,Sd468993084,New Moon Jelly Roll Freedom Rockers,If Blues Was Money,,1,1,1,,not_enriched,unreviewed
1624,Sd482f042ad,Three Dog Night,Sure as I'm Sitting Here,,1,1,1,,not_enriched,unreviewed
1625,Sd48db844f1,Heart,Stranded,,1,1,1,,not_enriched,unreviewed
1626,Sd4908652a6,Traveling Wilburys,Heading for the Light,,1,1,1,,not_enriched,unreviewed
1627,Sd4d0132b39,The Moody Blues,The Afternoon: Forever Afternoon (Tuesday?) / (Evening) Time to Get Away,,1,1,1,,not_enriched,unreviewed
1628,Sd4d0eac1b1,Lynyrd Skynyrd,What’s Your Name,,1,1,1,,not_enriched,unreviewed
1629,Sd51bc69f95,Pink Floyd,On the Run,,1,1,1,,not_enriched,unreviewed
1630,Sd53844ac0c,Neil Diamond,Brother Love’s Traveling Salvation Show,,1,1,1,,not_enriched,unreviewed
1631,Sd569afcdfe,The Animals,I’m Crying,,1,1,1,,not_enriched,unreviewed
1632,Sd58c101e8f,Soundgarden,Half,,1,1,1,,not_enriched,unreviewed
1633,Sd5a9d1b925,Led Zeppelin,D’yer Mak’er,,1,1,1,,not_enriched,unreviewed
1634,Sd5c2126976,Ace,24 Hours,,1,1,1,,not_enriched,unreviewed
1635,Sd5cd736c8f,Pink Floyd,The Thin Ice,,1,1,1,,not_enriched,unreviewed
1636,Sd62caa5648,Carly Simon,You're So Vain,,1,1,1,,not_enriched,unreviewed
1637,Sd66471c85a,The Moody Blues,The Day Begins,,1,1,1,,not_enriched,unreviewed
1638,Sd66900a99c,Collective Soul,Burning Bridges,,1,1,1,,not_enriched,unreviewed
1639,Sd675963515,The Hollies,Stop in the Name of Love,,1,1,1,,not_enriched,unreviewed
1640,Sd696a03183,Icehouse,Touch the Fire,,1,1,1,,not_enriched,unreviewed
1641,Sd6dc0710a6,The 5th Dimension,One Less Bell to Answer,,1,1,1,,not_enriched,unreviewed
1642,Sd6f0393bd0,Sheryl Crow,If It Makes You Happy,,1,1,1,,not_enriched,unreviewed
1643,Sd6f456aab3,Soundgarden,Black Hole Sun,,1,1,1,,not_enriched,unreviewed
1644,Sd726a2add4,The Babys,Back on My Feet Again,,1,1,1,,not_enriched,unreviewed
1645,Sd732ea453e,Bruce Springsteen,Downbound Train,,1,1,1,,not_enriched,unreviewed
1646,Sd769ee65b5,Pink Floyd,Empty Spaces,,1,1,1,,not_enriched,unreviewed
1647,Sd79dbdc296,Lindsey Buckingham,Street of Dreams,,1,1,1,,not_enriched,unreviewed
1648,Sd7eb3bdd33,Soundgarden,Head Down,,1,1,1,,not_enriched,unreviewed
1649,Sd817367b32,"Crosby, Stills & Nash",Lady of the Island,,1,1,1,,not_enriched,unreviewed
1650,Sd821e2e43b,Yes,Our Song,,1,1,1,,not_enriched,unreviewed
1651,Sd82ace197b,The Pointer Sisters,Happiness,,1,1,1,,not_enriched,unreviewed
1652,Sd84ce7cd61,James Taylor,Steamroller,,1,1,1,,not_enriched,unreviewed
1653,Sd8a9a6d352,Billy Joel,Easy Money,,1,1,1,,not_enriched,unreviewed
1654,Sd8cd0bbbb3,Journey,Anytime,,1,1,1,,not_enriched,unreviewed
1655,Sd8cf6ef372,Robert Palmer,I Didn’t Mean to Turn You On,,1,1,1,,not_enriched,unreviewed
1656,Sd914477c54,Al Stewart,On the Border,,1,1,1,,not_enriched,unreviewed
1657,Sd96b09100c,Dire Straits,Sultans of Swing,,1,1,1,,not_enriched,unreviewed
1658,Sd97e49cb1f,The Animals,Dimples,,1,1,1,,not_enriched,unreviewed
1659,Sd981253787,Supertramp,Asylum,,1,1,1,,not_enriched,unreviewed
1660,Sd995abd47c,The 5th Dimension,Puppet Man,,1,1,1,,not_enriched,unreviewed
1661,Sd9b0580f98,Collective Soul,Heaven's Already Here,,1,1,1,,not_enriched,unreviewed
1662,Sd9c0989816,Sheryl Crow,Everyday Is a Winding Road,,1,1,1,,not_enriched,unreviewed
1663,Sd9ee75002f,The Cars,You're All I've Got Tonight,,1,1,1,,not_enriched,unreviewed
1664,Sda53aec42a,The Pointer Sisters,Twist My Arm,,1,1,1,,not_enriched,unreviewed
1665,Sdaab5fcd28,Roxy Music,The Thrill of It All,,1,1,1,,not_enriched,unreviewed
1666,Sdab4d635d2,The Cars,Bye Bye Love,,1,1,1,,not_enriched,unreviewed
1667,Sdb481945e4,Fleetwood Mac,Little Lies,,1,1,1,,not_enriched,unreviewed
1668,Sdb4b29cf0c,Gordon Lightfoot,Steel Rail Blues,,1,1,1,,not_enriched,unreviewed
1669,Sdb75263bab,Kenny Loggins,Dangerzone,,1,1,1,,not_enriched,unreviewed
1670,Sdb80b5cd10,The Moody Blues,It’s Up to You,,1,1,1,,not_enriched,unreviewed
1671,Sdb84acdef3,Traveling Wilburys,Dirty World,,1,1,1,,not_enriched,unreviewed
1672,Sdbdf82e5f9,Simon & Garfunkel,Anji,,1,1,1,,not_enriched,unreviewed
1673,Sdbeec07762,"Crosby, Stills, Nash & Young",Almost Cut My Hair,,1,1,1,,not_enriched,unreviewed
1674,Sdc0d4d08b5,Collective Soul,Sister Don't Cry,,1,1,1,,not_enriched,unreviewed
1675,Sdc35263d65,Steve Miller Band,Mercury Blues,,1,1,1,,not_enriched,unreviewed
1676,Sdc410ac54a,The Beatles,Lucy in the Sky With Diamonds,,1,1,1,,not_enriched,unreviewed
1677,Sdcc64434e7,Robert Palmer,Maybe It’s You,,1,1,1,,not_enriched,unreviewed
1678,Sdcc942355f,Neil Young,Cowgirl in the Sand,,1,1,1,,not_enriched,unreviewed
1679,Sdcdb822a6d,Ace,So Sorry Baby,,1,1,1,,not_enriched,unreviewed
1680,Sdcf795651d,Gordon Lightfoot,Cold on the Shoulder,,1,1,1,,not_enriched,unreviewed
1681,Sdd213e6cf3,Kansas,Magnum Opus: Father Padilla Meets the Perfect Gnat / Howling at the Moon / Man Overboard / Industry on Parade / Release the Beavers / Gnat Attack,,1,1,1,,not_enriched,unreviewed
1682,Sdd32b5be61,Fleetwood Mac,Tango in the Night,,1,1,1,,not_enriched,unreviewed
1683,Sdd59ab48f9,Huey Lewis & the News,I Want a New Drug,,1,1,1,,not_enriched,unreviewed
1684,Sdd6d4cc837,"Crosby, Stills, Nash & Young",Carry On,,1,1,1,,not_enriched,unreviewed
1685,Sdd78e7195e,Bad Company,Kickdown,,1,1,1,,not_enriched,unreviewed
1686,Sddcec664f0,Lindsey Buckingham,This Is the Time,,1,1,1,,not_enriched,unreviewed
1687,Sddf0d99dd6,Bob Dylan,Blowin' in the Wind,,1,1,1,,not_enriched,unreviewed
1688,Sde57ee0976,Steve Miller Band,Blue Odyssey,,1,1,1,,not_enriched,unreviewed
1689,Sde8d0a0a3a,Tom Petty and the Heartbreakers,Mystery Man,,1,1,1,,not_enriched,unreviewed
1690,Sde9c159f16,Fleetwood Mac,I Don’t Want to Know,,1,1,1,,not_enriched,unreviewed
1691,Sdeb00100b4,Bob Dylan,Subterranean Homesick Blues,,1,1,1,,not_enriched,unreviewed
1692,Sdedd8cfb34,Heart,Lighter Touch,,1,1,1,,not_enriched,unreviewed
1693,Sdee5bf7c32,Eric Clapton,Rollin’ & Tumblin’,,1,1,1,,not_enriched,unreviewed
1694,Sdf1b6d8b47,Grand Funk Railroad,Rock & Roll Soul,,1,1,1,,not_enriched,unreviewed
1695,Sdf2f92fb9c,The Beatles,For No One,,1,1,1,,not_enriched,unreviewed
1696,Sdf6cb84522,Collective Soul,Shine,,1,1,1,,not_enriched,unreviewed
1697,Sdfef7a25c5,Simon & Garfunkel,Flowers Never Bend With the Rainfall,,1,1,1,,not_enriched,unreviewed
1698,Se01aa8dd3d,Simon and Garfunkel,The Boxer,,1,1,1,,not_enriched,unreviewed
1699,Se02440c4ef,Bruce Springsteen,Glory Days,,1,1,1,,not_enriched,unreviewed
1700,Se05e79b034,"Crosby, Stills & Nash",Guinnevere,,1,1,1,,not_enriched,unreviewed
1701,Se061cf11d0,Peter Gabriel,In Your Eyes,,1,1,1,,not_enriched,unreviewed
1702,Se08841f84c,Bob Seger & the Silver Bullet Band,Night Moves,,1,1,1,,not_enriched,unreviewed
1703,Se092fae393,Paul McCartney,Hot as Sun / Glasses,,1,1,1,,not_enriched,unreviewed
1704,Se09ad5542f,Tom Petty and the Heartbreakers,Letting You Go,,1,1,1,,not_enriched,unreviewed
1705,Se0ab4a7576,Styx,Great White Hope,,1,1,1,,not_enriched,unreviewed
1706,Se0c255cfd4,Neil Young,Four Strong Winds,,1,1,1,,not_enriched,unreviewed
1707,Se13f638bea,Paul McCartney,Spirits Of Ancient Egypt,,1,1,1,,not_enriched,unreviewed
1708,Se155fd1f57,Soundgarden,Let Me Drown,,1,1,1,,not_enriched,unreviewed
1709,Se16d7dee71,Fleetwood Mac,Isn't It Midnight,,1,1,1,,not_enriched,unreviewed
1710,Se19c0a44b0,Led Zeppelin,Gallows Pole,,1,1,1,,not_enriched,unreviewed
1711,Se19d6c5a17,The Beatles,Carry That Weight,,1,1,1,,not_enriched,unreviewed
1712,Se1bf7fe4d6,Loggins & Messina,Peace of Mind,,1,1,1,,not_enriched,unreviewed
1713,Se2122ec614,George Harrison,Give Me Love (Give Me Peace on Earth),,1,1,1,,not_enriched,unreviewed
1714,Se24a6c0f53,U2,The Unforgettable Fire,,1,1,1,,not_enriched,unreviewed
1715,Se2a24f5b35,Tracy Chapman,Freedom Now,,1,1,1,,not_enriched,unreviewed
1716,Se2b94506fd,Loggins & Messina,Angry Eyes,,1,1,1,,not_enriched,unreviewed
1717,Se313246f8c,Todd Snider,Alot More,,1,1,1,,not_enriched,unreviewed
1718,Se36c759e71,Grand Funk Railroad,To Get Back In,,1,1,1,,not_enriched,unreviewed
1719,Se37ecb88bb,The Rolling Stones,Heart of Stone,,1,1,1,,not_enriched,unreviewed
1720,Se381f0a0aa,Jackson Browne,Your Bright Baby Blues,,1,1,1,,not_enriched,unreviewed
1721,Se398260940,Tracy Chapman,Be Careful of My Heart,,1,1,1,,not_enriched,unreviewed
1722,Se4474b903d,Simon & Garfunkel,Somewhere They Can’t Find Me,,1,1,1,,not_enriched,unreviewed
1723,Se483c2ceea,"Crosby, Stills & Nash",Helplessly Hoping,,1,1,1,,not_enriched,unreviewed
1724,Se49dde8c3a,Tom Kimmel,That's Freedom,,1,1,1,,not_enriched,unreviewed
1725,Se4cafdc1f8,U2,Desire,,1,1,1,,not_enriched,unreviewed
1726,Se4e0f9232b,Eric Clapton,Signe,,1,1,1,,not_enriched,unreviewed
1727,Se4ff202230,Sheryl Crow,Mississippi,,1,1,1,,not_enriched,unreviewed
1728,Se55d12747f,Bob Seger & the Silver Bullet Band,Good for Me,,1,1,1,,not_enriched,unreviewed
1729,Se5d078ba98,Paul McCartney,Singalong Junk,,1,1,1,,not_enriched,unreviewed
1730,Se61214ef57,The Doobie Brothers,Daughters of the Sea,,1,1,1,,not_enriched,unreviewed
1731,Se61d5387e6,Bad Company,Cross Country Boy,,1,1,1,,not_enriched,unreviewed
1732,Se61e71ce19,The Who,1921,,1,1,1,,not_enriched,unreviewed
1733,Se668ee2959,The Cars,I Refuse,,1,1,1,,not_enriched,unreviewed
1734,Se6b4b82d27,Grand Funk Railroad,Sally,,1,1,1,,not_enriched,unreviewed
1735,Se6f41a0737,Neil Diamond,I Am I Said…,,1,1,1,,not_enriched,unreviewed
1736,Se7084534fa,Robert Palmer,Johnny & Mary,,1,1,1,,not_enriched,unreviewed
1737,Se72598a645,Chicago,(I’ve Been) Searchin’ So Long,,1,1,1,,not_enriched,unreviewed
1738,Se727202070,"Crosby, Stills, Nash & Young",Everybody I Love You,,1,1,1,,not_enriched,unreviewed
1739,Se75bccd6f7,Foreigner,Woman Oh Woman,,1,1,1,,not_enriched,unreviewed
1740,Se75cce3cf6,The Guess Who,These Eyes,,1,1,1,,not_enriched,unreviewed
1741,Se769c1c2b3,Kansas,No One Together,,1,1,1,,not_enriched,unreviewed
1742,Se77685331b,The Steve Miller Band,My Own Space,,1,1,1,,not_enriched,unreviewed
1743,Se7a8837026,Gordon Lightfoot,Carefree Highway,,1,1,1,,not_enriched,unreviewed
1744,Se7bb1e130b,Styx,Renegade,,1,1,1,,not_enriched,unreviewed
1745,Se7de495b79,Peter Frampton,Lines on My Face,,1,1,1,,not_enriched,unreviewed
1746,Se7f4e8ad1b,The Pointer Sisters,Automatic,,1,1,1,,not_enriched,unreviewed
1747,Se7f66ecdcc,The 5th Dimension,Aquarius / Let the Sunshine In (The Flesh Failures),,1,1,1,,not_enriched,unreviewed
1748,Se8234aee3c,Pink Floyd,Vera,,1,1,1,,not_enriched,unreviewed
1749,Se856317c11,Supertramp,Babaji,,1,1,1,,not_enriched,unreviewed
1750,Se8b862e3b4,The Pointer Sisters,Fire,,1,1,1,,not_enriched,unreviewed
1751,Se8cac084c0,Pink Floyd,Eclipse,,1,1,1,,not_enriched,unreviewed
1752,Se8f910106a,Paul McCartney,Listen To What The Man Said,,1,1,1,,not_enriched,unreviewed
1753,Se905cb4aea,REO Speedwagon,Take It on the Run,,1,1,1,,not_enriched,unreviewed
1754,Se9764830f6,Neil Young,Peace of Mind,,1,1,1,,not_enriched,unreviewed
1755,Se97cdc548a,The Cars,Heartbeat City,,1,1,1,,not_enriched,unreviewed
1756,Se98d03841a,Todd Snider,This Land Is Our Land,,1,1,1,,not_enriched,unreviewed
1757,Se9c999729a,Robert Palmer,Some Like It Hot,,1,1,1,,not_enriched,unreviewed
1758,Se9d07f4a57,Carly Simon,Amity,,1,1,1,,not_enriched,unreviewed
1759,Se9d1f983fc,Huey Lewis and the News,Walking on a Thin Line,,1,1,1,,not_enriched,unreviewed
1760,Sea82f4fa74,Led Zeppelin,Misty Mountain Hop,,1,1,1,,not_enriched,unreviewed
1761,Sea9a7fb9c6,The Beatles,Got to Get You Into My Life,,1,1,1,,not_enriched,unreviewed
1762,Sea9bee6b31,The Cars,Magic,,1,1,1,,not_enriched,unreviewed
1763,Seaaa9370f0,The Doors,Maggie M’Gill,,1,1,1,,not_enriched,unreviewed
1764,Seb81584bee,Robert Palmer,Style Kills,,1,1,1,,not_enriched,unreviewed
1765,Seb8629608d,Tom Kimmel,No Tech,,1,1,1,,not_enriched,unreviewed
1766,Seb94050f24,Eric Clapton,Bell Bottom Blues,,1,1,1,,not_enriched,unreviewed
1767,Sebbc44fd0a,Tom Petty and the Heartbreakers,Hometown Blues,,1,1,1,,not_enriched,unreviewed
1768,Sebc0fa5542,Sheryl Crow,There Goes the Neighborhood,,1,1,1,,not_enriched,unreviewed
1769,Sebc2449736,Huey Lewis and the News,Heart and Soul,,1,1,1,,not_enriched,unreviewed
1770,Sebe1d3920e,Gordon Lightfoot,Don Quixote,,1,1,1,,not_enriched,unreviewed
1771,Sed0ef763c2,Simon and Garfunkel,Why Don’t You Write Me,,1,1,1,,not_enriched,unreviewed
1772,Sed16ed5d05,Carly Simon,You Belong to Me,,1,1,1,,not_enriched,unreviewed
1773,Sed1a97f050,Bob Dylan,Just Like a Woman,,1,1,1,,not_enriched,unreviewed
1774,Sed1af6d976,Carly Simon,The Stuff That Dreams Are Made Of,,1,1,1,,not_enriched,unreviewed
1775,Sed2b13e9df,Styx,Fooling Yourself (The Angry Young Man),,1,1,1,,not_enriched,unreviewed
1776,Sed5167b099,The Animals,"Baby, Let Me Take You Home",,1,1,1,,not_enriched,unreviewed
1777,Sed8a5b4a62,Tracy Chapman,Bridges,,1,1,1,,not_enriched,unreviewed
1778,Sed91b413b0,Bruce Springsteen,Cover Me,,1,1,1,,not_enriched,unreviewed
1779,Sed963a3e8b,Styx,The Message,,1,1,1,,not_enriched,unreviewed
1780,Sedc467a81b,Alice Cooper,Billion Dollar Babies,,1,1,1,,not_enriched,unreviewed
1781,Sede2b48d50,Scorpions,No One Like You,,1,1,1,,not_enriched,unreviewed
1782,See108b92d4,Neil Young,Sugar Mountain,,1,1,1,,not_enriched,unreviewed
1783,See2d1c51fb,George Harrison,You,,1,1,1,,not_enriched,unreviewed
1784,See51ab3160,Al Stewart,One Stage Before,,1,1,1,,not_enriched,unreviewed
1785,See5a5bde6c,Led Zeppelin,Ramble On,,1,1,1,,not_enriched,unreviewed
1786,See86534565,Dire Straits,The Man’s Too Strong,,1,1,1,,not_enriched,unreviewed
1787,Seec7502f75,Joe Walsh,Days Gone By,,1,1,1,,not_enriched,unreviewed
1788,Seecee10a9f,Three Dog Night,Family of Man,,1,1,1,,not_enriched,unreviewed
1789,Sef45e96608,Rod Stewart,I Don’t Want to Talk About It,,1,1,1,,not_enriched,unreviewed
1790,Sef59dc7a43,Alice Cooper,I’m Eighteen,,1,1,1,,not_enriched,unreviewed
1791,Sef92617bdb,Kansas,Cheyenne Anthem,,1,1,1,,not_enriched,unreviewed
1792,Sefa06f598f,The Guess Who,Do You Miss Me Darlin’?,,1,1,1,,not_enriched,unreviewed
1793,Sefbbd27d99,Stevie Wonder,You Are the Sunshine of My Life,,1,1,1,,not_enriched,unreviewed
1794,Sefd4117479,Tom Petty and the Heartbreakers,Anything That’s Rock & Roll,,1,1,1,,not_enriched,unreviewed
1795,Sf0026bc27d,Rod Stewart,I Was Only Joking,,1,1,1,,not_enriched,unreviewed
1796,Sf02046dd77,Bread,Mother Freedom,,1,1,1,,not_enriched,unreviewed
1797,Sf02cecb93a,Supertramp,Breakfast in America,,1,1,1,,not_enriched,unreviewed
1798,Sf0471c7298,Alice Cooper,Is It My Body,,1,1,1,,not_enriched,unreviewed
1799,Sf0d30c06a2,Gordon Lightfoot,Circle of Steel,,1,1,1,,not_enriched,unreviewed
1800,Sf115c5aff7,The Pointer Sisters,Neutron Dance,,1,1,1,,not_enriched,unreviewed
1801,Sf1d42e0a63,The Doobie Brothers,Minute by Minute,,1,1,1,,not_enriched,unreviewed
1802,Sf22acdf4f5,Joe Walsh,Wolf,,1,1,1,,not_enriched,unreviewed
1803,Sf243f501c8,Linda Ronstadt,When Will I Be Loved,,1,1,1,,not_enriched,unreviewed
1804,Sf268d15beb,The Mamas & the Papas,Twelve Thirty (Young Girls Are Coming to the Canyon),,1,1,1,,not_enriched,unreviewed
1805,Sf289f57216,Bob Seger & the Silver Bullet Band,Sunspot Baby,,1,1,1,,not_enriched,unreviewed
1806,Sf2e0a179c6,Paul McCartney & Wings,Mamunia,,1,1,1,,not_enriched,unreviewed
1807,Sf303345310,Steve Miller Band,You Send Me,,1,1,1,,not_enriched,unreviewed
1808,Sf32ad84e8b,Soundgarden,My Wave,,1,1,1,,not_enriched,unreviewed
1809,Sf3312a53d2,Linda Ronstadt,That'll Be the Day,,1,1,1,,not_enriched,unreviewed
1810,Sf34ca496be,Kenny Loggins,Celebrate My Home,,1,1,1,,not_enriched,unreviewed
1811,Sf362f02e44,The Who,Sensation,,1,1,1,,not_enriched,unreviewed
1812,Sf3637912d4,Sheryl Crow,Love Is a Good Thing,,1,1,1,,not_enriched,unreviewed
1813,Sf3c3c9afe0,The Mamas & the Papas,Go Where You Wanna Go,,1,1,1,,not_enriched,unreviewed
1814,Sf3f15efece,Styx,Lords of the Ring,,1,1,1,,not_enriched,unreviewed
1815,Sf42a832ecf,Three Dog Night,One Man Band,,1,1,1,,not_enriched,unreviewed
1816,Sf4e3be7213,Styx,Come Sail Away,,1,1,1,,not_enriched,unreviewed
1817,Sf52e7cb5ca,Joe Walsh,Rocky Mountain Way,,1,1,1,,not_enriched,unreviewed
1818,Sf5315a9233,Pink Floyd,Run Like Hell,,1,1,1,,not_enriched,unreviewed
1819,Sf536dd7eae,Grand Funk Railroad,Take Me,,1,1,1,,not_enriched,unreviewed
1820,Sf543b64ec7,Lynyrd Skynyrd,Simple Man,,1,1,1,,not_enriched,unreviewed
1821,Sf5f19e9de5,Wings,Let ’Em In,,1,1,1,,not_enriched,unreviewed
1822,Sf605d3593b,The Rolling Stones,Gimme Shelter,,1,1,1,,not_enriched,unreviewed
1823,Sf612bf16b9,The Stills–Young Band,Long May You Run,,1,1,1,,not_enriched,unreviewed
1824,Sf65083a43e,R.E.M.,Country Feedback,,1,1,1,,not_enriched,unreviewed
1825,Sf6b1fe114c,The Association,Never My Love,,1,1,1,,not_enriched,unreviewed
1826,Sf700ffdbf9,Led Zeppelin,Going to California,,1,1,1,,not_enriched,unreviewed
1827,Sf708928bb5,Billy Joel,The Stranger,,1,1,1,,not_enriched,unreviewed
1828,Sf74348f3c6,Billy Idol,Crank Call,,1,1,1,,not_enriched,unreviewed
1829,Sf75672cf64,"Crosby, Stills & Nash",You Don’t Have to Cry,,1,1,1,,not_enriched,unreviewed
1830,Sf764d39757,Temple of the Dog,Four Walled World,,1,1,1,,not_enriched,unreviewed
1831,Sf78d970581,The Beatles,Sgt. Pepper’s Lonely Hearts Club Band (Reprise),,1,1,1,,not_enriched,unreviewed
1832,Sf816e91d88,Carole King,Tapestry,,1,1,1,,not_enriched,unreviewed
1833,Sf8427cb013,James Taylor,Shower the People,,1,1,1,,not_enriched,unreviewed
1834,Sf84833f014,Gordon Lightfoot,Canadian Railroad Trilogy,,1,1,1,,not_enriched,unreviewed
1835,Sf88392a886,The Alan Parsons Project,Some Other Time,,1,1,1,,not_enriched,unreviewed
1836,Sf89c60ef3a,The Who,Cousin Kevin,,1,1,1,,not_enriched,unreviewed
1837,Sf8c648b9a2,Joan Osborne,Pensacola,,1,1,1,,not_enriched,unreviewed
1838,Sf8f6d1cb11,Todd Snider,Somebody’s Coming,,1,1,1,,not_enriched,unreviewed
1839,Sf8fe0ca880,Robert Palmer,The Silver Gun,,1,1,1,,not_enriched,unreviewed
1840,Sf91f09fbd2,Simon & Garfunkel,Richard Cory,,1,1,1,,not_enriched,unreviewed
1841,Sf930c67241,The Who,Fiddle About,,1,1,1,,not_enriched,unreviewed
1842,Sf9427defa2,The Rolling Stones,Jumpin’ Jack Flash,,1,1,1,,not_enriched,unreviewed
1843,Sf9a6b985d9,The Byrds,Turn! Turn! Turn! (To Everything There Is a Season),,1,1,1,,not_enriched,unreviewed
1844,Sfa4fd00059,Paul McCartney,Medicine Jar,,1,1,1,,not_enriched,unreviewed
1845,Sfa77b4a7e3,Huey Lewis & the News,If This Is It,,1,1,1,,not_enriched,unreviewed
1846,Sfaa5e200a6,Simon & Garfunkel,A Simple Desultory Philippic (or How I Was Robert McNamara’d Into Submission),,1,1,1,,not_enriched,unreviewed
1847,Sfae500073d,U2,Helter Skelter,,1,1,1,,not_enriched,unreviewed
1848,Sfb56c7251c,Sheryl Crow,I Shall Believe,,1,1,1,,not_enriched,unreviewed
1849,Sfb73afd574,Al Stewart,"If It Doesn’t Come Naturally, Leave It",,1,1,1,,not_enriched,unreviewed
1850,Sfb8fac2bbc,George Harrison,Bangla Desh,,1,1,1,,not_enriched,unreviewed
1851,Sfbafa59bd1,The Beatles,The Night Before,,1,1,1,,not_enriched,unreviewed
1852,Sfbb85989a3,Gordon Lightfoot,Affair on 8th Avenue,,1,1,1,,not_enriched,unreviewed
1853,Sfc0b28dbef,Peter Gabriel,We Do What We’re Told (Milgram’s 37),,1,1,1,,not_enriched,unreviewed
1854,Sfc202eb783,Bon Jovi,Never Say Goodbye,,1,1,1,,not_enriched,unreviewed
1855,Sfc4bb5079a,The Doobie Brothers,"Another Park, Another Sunday",,1,1,1,,not_enriched,unreviewed
1856,Sfc4e2dcd15,Tom Kimmel,Shake,,1,1,1,,not_enriched,unreviewed
1857,Sfc6137ab89,Temple of the Dog,Hunger Strike,,1,1,1,,not_enriched,unreviewed
1858,Sfc90c2cd57,Yes,Leave It,,1,1,1,,not_enriched,unreviewed
1859,Sfc9df5edc7,Enigma,Second Chapter,,1,1,1,,not_enriched,unreviewed
1860,Sfca0fe57e1,Simon & Garfunkel,A Most Peculiar Man,,1,1,1,,not_enriched,unreviewed
1861,Sfcaf0235ba,Carole King,Home Again,,1,1,1,,not_enriched,unreviewed
1862,Sfcc98e9a3a,Billy Joel,Careless Talk,,1,1,1,,not_enriched,unreviewed
1863,Sfcee4de04f,Yes,Changes,,1,1,1,,not_enriched,unreviewed
1864,Sfcf2e2e755,Stevie Wonder,Superstition,,1,1,1,,not_enriched,unreviewed
1865,Sfcf42f701f,Simon & Garfunkel,Bookends Theme,,1,1,1,,not_enriched,unreviewed
1866,Sfd45e1b4ff,Chicago,Feelin’ Stronger Every Day,,1,1,1,,not_enriched,unreviewed
1867,Sfde13809c2,R.E.M.,Half a World Away,,1,1,1,,not_enriched,unreviewed
1868,Sfdf40d6951,Steve Miller Band,Fly Like an Eagle,,1,1,1,,not_enriched,unreviewed
1869,Sfe75bce146,The Association,Time for Livin',,1,1,1,,not_enriched,unreviewed
1870,Sfeab3fbca7,Simon and Garfunkel,El cóndor pasa,,1,1,1,,not_enriched,unreviewed
1871,Sfef979a3b6,"Crosby, Stills, Nash & Young","Country Girl: Whiskey Boot Hill – Down, Down, Down – “Country Girl” (I Think You’re Pretty)",,1,1,1,,not_enriched,unreviewed
1872,Sff34b62af0,Pink Floyd,Brain Damage,,1,1,1,,not_enriched,unreviewed
1873,Sff365f6fb6,Queen,Who Needs You,,1,1,1,,not_enriched,unreviewed
1874,Sff774b1ed4,REO Speedwagon,Someone Tonight,,1,1,1,,not_enriched,unreviewed
1875,Sff7c50d734,Roger Hodgson,Had a Dream (Sleeping with the Enemy),,1,1,1,,not_enriched,unreviewed
1876,Sff8cadbf2a,Ace,Satellite,,1,1,1,,not_enriched,unreviewed
1877,Sffabde3658,Tom Petty and the Heartbreakers,Shadow of a Doubt (A Complex Kid),,1,1,1,,not_enriched,unreviewed
1878,Sffb03ce7e6,The Beatles,Dig A Pony,,1,1,1,,not_enriched,unreviewed
1879,S54ea127d78,The Rolling Stones,Shattered,,0,3,0,,not_enriched,unreviewed
1880,S5aecd23ee5,The Who,I Can See for Miles,,0,3,0,,not_enriched,unreviewed
1881,S619caf9200,Bob Dylan,Jokerman,,0,3,0,,not_enriched,unreviewed
1882,Sbaee2c8bc8,Led Zeppelin,Sick Again,,0,3,0,,not_enriched,unreviewed
1883,Sfdf361101a,The Who,I Can’t Explain,,0,3,0,,not_enriched,unreviewed
1884,S003f515cf6,The Who,Magic Bus,,0,2,0,,not_enriched,unreviewed
1885,S01259c15a9,Electric Light Orchestra,Last Train to London,,0,2,0,,not_enriched,unreviewed
1886,S0304af6f11,Tesla,Love Song,,0,2,0,,not_enriched,unreviewed
1887,S0379b489fe,The Doors,Strange Days,,0,2,0,,not_enriched,unreviewed
1888,S0397aa64e3,Bread,Aubrey,,0,2,0,,not_enriched,unreviewed
1889,S04527902b3,George Thorogood & the Destroyers,"One Bourbon, One Scotch, One Beer",,0,2,0,,not_enriched,unreviewed
1890,S07518797b7,Genesis,Abacab,,0,2,0,,not_enriched,unreviewed
1891,S0882d0a827,The Who,Join Together,,0,2,0,,not_enriched,unreviewed
1892,S08aecef4a0,Dan Fogelberg,Same Old Lang Syne,,0,2,0,,not_enriched,unreviewed
1893,S091ba6283a,Genesis,Misunderstanding,,0,2,0,,not_enriched,unreviewed
1894,S09540249a0,Electric Light Orchestra,Midnight Blue,,0,2,0,,not_enriched,unreviewed
1895,S099f098eda,Nirvana,On a Plain,,0,2,0,,not_enriched,unreviewed
1896,S0d31be3656,Aerosmith,Sweet Emotion,,0,2,0,,not_enriched,unreviewed
1897,S0e53c889be,Fleetwood Mac,Tusk,,0,2,0,,not_enriched,unreviewed
1898,S0fc78fde28,George Harrison,When We Was Fab,,0,2,0,,not_enriched,unreviewed
1899,S11563c0496,Fleetwood Mac,Sara,,0,2,0,,not_enriched,unreviewed
1900,S150d73183a,Hall & Oates,Private Eyes,,0,2,0,,not_enriched,unreviewed
1901,S164a83acdd,Dan Fogelberg,The Power of Gold,,0,2,0,,not_enriched,unreviewed
1902,S16a1ba9703,Bad Company,Rock 'n' Roll Fantasy,,0,2,0,,not_enriched,unreviewed
1903,S16fcc5c245,Yes,The Fish (Schindleria Praematurus),,0,2,0,,not_enriched,unreviewed
1904,S18402199e6,Mike & The Mechanics,I Get the Feeling,,0,2,0,,not_enriched,unreviewed
1905,S1abe567540,Carpenters,"Sweet, Sweet Smile",,0,2,0,,not_enriched,unreviewed
1906,S1b24a902fb,Head East,Never Been Any Reason,,0,2,0,,not_enriched,unreviewed
1907,S1b2e990f2c,Elton John,Take Me to the Pilot,,0,2,0,,not_enriched,unreviewed
1908,S1b787f0ad3,Nirvana,Come as You Are,,0,2,0,,not_enriched,unreviewed
1909,S1bccdc2331,Bad Company,Ready for Love,,0,2,0,,not_enriched,unreviewed
1910,S1c620d99d5,The Who,My Generation,,0,2,0,,not_enriched,unreviewed
1911,S1cd3b1e209,Badfinger,Maybe Tomorrow,,0,2,0,,not_enriched,unreviewed
1912,S1d3e6c9901,The Who,Pictures of Lily,,0,2,0,,not_enriched,unreviewed
1913,S1f45714bda,Nirvana,Polly,,0,2,0,,not_enriched,unreviewed
1914,S2078759e6e,Tesla,Paradise,,0,2,0,,not_enriched,unreviewed
1915,S28cc240444,Asia,Heat of the Moment,,0,2,0,,not_enriched,unreviewed
1916,S2905b6f0e3,Led Zeppelin,Walter’s Walk,,0,2,0,,not_enriched,unreviewed
1917,S2968e07be9,The Romantics,Got Me Where You Want Me,,0,2,0,,not_enriched,unreviewed
1918,S29a7540e64,Bob Dylan,Series of Dreams,,0,2,0,,not_enriched,unreviewed
1919,S2a5f3b7e78,Badfinger,Rock of All Ages,,0,2,0,,not_enriched,unreviewed
1920,S2a996016c1,Billy Joel,You’re My Home,,0,2,0,,not_enriched,unreviewed
1921,S2d21be714e,Electric Light Orchestra,On the Run,,0,2,0,,not_enriched,unreviewed
1922,S2e5596bbfb,Billy Joel,The Ballad of Billy the Kid,,0,2,0,,not_enriched,unreviewed
1923,S31555745ec,The Rolling Stones,Start Me Up,,0,2,0,,not_enriched,unreviewed
1924,S31745ecfbf,Yes,Roundabout,,0,2,0,,not_enriched,unreviewed
1925,S355ee3f20e,Nirvana,Dumb,,0,2,0,,not_enriched,unreviewed
1926,S35c5240deb,Night Ranger,Let Him Run,,0,2,0,,not_enriched,unreviewed
1927,S3676f22b23,Elton John,Border Song,,0,2,0,,not_enriched,unreviewed
1928,S39d3c86851,Yes,Heart of the Sunrise,,0,2,0,,not_enriched,unreviewed
1929,S3bd5125272,Led Zeppelin,The Rover,,0,2,0,,not_enriched,unreviewed
1930,S3c0c4c2dc9,Fleetwood Mac,Over & Over,,0,2,0,,not_enriched,unreviewed
1931,S3da05231b8,The Who,Who Are You,,0,2,0,,not_enriched,unreviewed
1932,S3ef5ee1884,The Who,The Kids Are Alright,,0,2,0,,not_enriched,unreviewed
1933,S40827114ab,The Who,Happy Jack,,0,2,0,,not_enriched,unreviewed
1934,S432782b20b,Genesis,Turn It On Again,,0,2,0,,not_enriched,unreviewed
1935,S432915ff2f,George Thorogood & the Destroyers,Gear Jammer,,0,2,0,,not_enriched,unreviewed
1936,S49255ed8d5,Led Zeppelin,Bonzo’s Montreux,,0,2,0,,not_enriched,unreviewed
1937,S4e6a958fc3,Nirvana,Pennyroyal Tea,,0,2,0,,not_enriched,unreviewed
1938,S524ef342be,Eric Clapton,Miss You,,0,2,0,,not_enriched,unreviewed
1939,S52711333e1,Badfinger,Come and Get It,,0,2,0,,not_enriched,unreviewed
1940,S53b42803ea,Yes,Long Distance Runaround,,0,2,0,,not_enriched,unreviewed
1941,S55319c31e7,The Romantics,Love Me to the Max,,0,2,0,,not_enriched,unreviewed
1942,S5a12b3ff4e,The Beach Boys,Do It Again,,0,2,0,,not_enriched,unreviewed
1943,S5abe1c9219,The Who,I’m a Boy,,0,2,0,,not_enriched,unreviewed
1944,S5c2c268eec,The Beach Boys,California Girls,,0,2,0,,not_enriched,unreviewed
1945,S5c47d9922a,Eagles,Desperado,,0,2,0,,not_enriched,unreviewed
1946,S5e4aeb6906,Led Zeppelin,Trampled Under Foot,,0,2,0,,not_enriched,unreviewed
1947,S5e8448c9bf,George Harrison,Cloud 9,,0,2,0,,not_enriched,unreviewed
1948,S5ed21789e0,The Doors,The Crystal Ship,,0,2,0,,not_enriched,unreviewed
1949,S60ef5bbfac,The Beach Boys,Don't Worry Baby,,0,2,0,,not_enriched,unreviewed
1950,S63baf37df8,George Thorogood & the Destroyers,You Talk Too Much,,0,2,0,,not_enriched,unreviewed
1951,S641d0d51ef,Fleetwood Mac,Oh Well,,0,2,0,,not_enriched,unreviewed
1952,S648e213a33,Bob Dylan,Changing of the Guards,,0,2,0,,not_enriched,unreviewed
1953,S6708738384,Bread,Sweet Surrender,,0,2,0,,not_enriched,unreviewed
1954,S6712cdd517,Dan Fogelberg,Hard to Say,,0,2,0,,not_enriched,unreviewed
1955,S67f98563f2,Bad Company,Feel Like Makin' Love,,0,2,0,,not_enriched,unreviewed
1956,S6865b0626b,Electric Light Orchestra,Shine a Little Love,,0,2,0,,not_enriched,unreviewed
1957,S69ae4e460b,Tesla,The Way It Is,,0,2,0,,not_enriched,unreviewed
1958,S69e0f07257,Seals & Crofts,We May Never Pass This Way (Again),,0,2,0,,not_enriched,unreviewed
1959,S6a1ea58a19,Bob Dylan,Ring Them Bells,,0,2,0,,not_enriched,unreviewed
1960,S6abe452fdb,George Thorogood & the Destroyers,Move It On Over,,0,2,0,,not_enriched,unreviewed
1961,S6c05b9da3e,Asia,Only Time Will Tell,,0,2,0,,not_enriched,unreviewed
1962,S6cedd14c40,The Beach Boys,Surfin' U.S.A.,,0,2,0,,not_enriched,unreviewed
1963,S6da58d1acd,Bob Dylan,Brownsville Girl,,0,2,0,,not_enriched,unreviewed
1964,S6ff04ec535,The Romantics,Talking in Your Sleep,,0,2,0,,not_enriched,unreviewed
1965,S78a63ec8f0,Elton John,Crocodile Rock,,0,2,0,,not_enriched,unreviewed
1966,S79c5005f78,Aerosmith,Dream On,,0,2,0,,not_enriched,unreviewed
1967,S79f447debe,Head East,Jefftown Creek,,0,2,0,,not_enriched,unreviewed
1968,S7a30501d50,Led Zeppelin,We’re Gonna Groove,,0,2,0,,not_enriched,unreviewed
1969,S7c161ab95a,The Who,"You Better, You Bet",,0,2,0,,not_enriched,unreviewed
1970,S7c71a79ee1,The Romantics,Rock You Up,,0,2,0,,not_enriched,unreviewed
1971,S7cfa3aa1c6,Led Zeppelin,Hot Dog,,0,2,0,,not_enriched,unreviewed
1972,S7da92073ed,Billy Joel,Say Goodbye to Hollywood,,0,2,0,,not_enriched,unreviewed
1973,S7e98554fee,George Thorogood & the Destroyers,I Drink Alone,,0,2,0,,not_enriched,unreviewed
1974,S7f8ecad026,Jethro Tull,Aqualung,,0,2,0,,not_enriched,unreviewed
1975,S80dedb04f4,Dan Fogelberg,Run for the Roses,,0,2,0,,not_enriched,unreviewed
1976,S81a9797686,The Who,Squeeze Box,,0,2,0,,not_enriched,unreviewed
1977,S81f2b25f02,Helix,Heavy Metal Love,,0,2,0,,not_enriched,unreviewed
1978,S82e1478a13,Blue Öyster Cult,E.T.I. (Extra Terrestrial Intelligence),,0,2,0,,not_enriched,unreviewed
1979,S84b27f3edc,The Beach Boys,"Help Me, Rhonda",,0,2,0,,not_enriched,unreviewed
1980,S85f72110f5,Tom Petty and the Heartbreakers,Southern Accents,,0,2,0,,not_enriched,unreviewed
1981,S877ced22e5,The Rolling Stones,When the Whip Comes Down,,0,2,0,,not_enriched,unreviewed
1982,S87cbf2984b,Eagles,In the City,,0,2,0,,not_enriched,unreviewed
1983,S8878648fdd,Asia,Wildest Dreams,,0,2,0,,not_enriched,unreviewed
1984,S89c44805d4,Led Zeppelin,Down by the Seaside,,0,2,0,,not_enriched,unreviewed
1985,S8a07c8cbc4,Eagles,Tequila Sunrise,,0,2,0,,not_enriched,unreviewed
1986,S8a7676972c,Bad Company,Can't Get Enough,,0,2,0,,not_enriched,unreviewed
1987,S8aa6ad993f,Elton John,Skyline Pigeon,,0,2,0,,not_enriched,unreviewed
1988,S8be73ee1db,Bob Dylan,The Groom’s Still Waiting at the Altar,,0,2,0,,not_enriched,unreviewed
1989,S8ca5d5ab98,Led Zeppelin,Night Flight,,0,2,0,,not_enriched,unreviewed
1990,S8d5af91282,George Thorogood & the Destroyers,Who Do You Love?,,0,2,0,,not_enriched,unreviewed
1991,S8e291bd793,Led Zeppelin,Carouselambra,,0,2,0,,not_enriched,unreviewed
1992,S909edfb6b1,The Rolling Stones,Just My Imagination (Running Away With Me),,0,2,0,,not_enriched,unreviewed
1993,S92c9e3a268,Electric Light Orchestra,The Diary of Horace Wimp,,0,2,0,,not_enriched,unreviewed
1994,S938148d9d6,The Rolling Stones,Beast of Burden,,0,2,0,,not_enriched,unreviewed
1995,S949034de7b,Badfinger,Carry on Till Tomorrow,,0,2,0,,not_enriched,unreviewed
1996,S959e632cf8,Tom Petty and the Heartbreakers,It Ain’t Nothin’ to Me,,0,2,0,,not_enriched,unreviewed
1997,S96643c648d,Dan Fogelberg,Part of the Plan,,0,2,0,,not_enriched,unreviewed
1998,S97405c3080,The Beach Boys,I Get Around,,0,2,0,,not_enriched,unreviewed
1999,S990628c564,The Outfield,All the Love,,0,2,0,,not_enriched,unreviewed
2000,S9a2f33f8cd,The Rolling Stones,Time Waits for No One,,0,2,0,,not_enriched,unreviewed
2001,S9da3d9d44a,The Who,"Anyway, Anyhow, Anywhere",,0,2,0,,not_enriched,unreviewed
2002,S9e5862b27e,Tom Petty and the Heartbreakers,Rebels,,0,2,0,,not_enriched,unreviewed
2003,S9f17b8216b,Seals & Crofts,Ruby Jean and Billie Lee,,0,2,0,,not_enriched,unreviewed
2004,S9fa8382588,George Harrison,Got My Mind Set on You,,0,2,0,,not_enriched,unreviewed
2005,S9fb8ffe9f6,Bread,Fancy Dancer,,0,2,0,,not_enriched,unreviewed
2006,Sa482983a2c,Electric Light Orchestra,Confusion,,0,2,0,,not_enriched,unreviewed
2007,Sa7b1e4877b,Led Zeppelin,Bron‐Yr‐Aur,,0,2,0,,not_enriched,unreviewed
2008,Sa816b612fa,Bad Company,Movin' On,,0,2,0,,not_enriched,unreviewed
2009,Saabab69f1b,Billy Joel,Captain Jack,,0,2,0,,not_enriched,unreviewed
2010,Sab2291f02f,Fleetwood Mac,Not That Funny,,0,2,0,,not_enriched,unreviewed
2011,Sac15ca91a4,Led Zeppelin,Kashmir,,0,2,0,,not_enriched,unreviewed
2012,Sacdd5c284d,Aerosmith,Walk This Way,,0,2,0,,not_enriched,unreviewed
2013,Sad8be9c92a,Led Zeppelin,Royal Orleans,,0,2,0,,not_enriched,unreviewed
2014,Sb03be4eb2f,Led Zeppelin,Boogie With Stu,,0,2,0,,not_enriched,unreviewed
2015,Sb10db878b6,Electric Light Orchestra,Don’t Bring Me Down,,0,2,0,,not_enriched,unreviewed
2016,Sb19b690e59,Carpenters,Calling Occupants of Interplanetary Craft,,0,2,0,,not_enriched,unreviewed
2017,Sb1f2da1aec,Led Zeppelin,Tea for One,,0,2,0,,not_enriched,unreviewed
2018,Sb3481536ec,Nirvana,Something in the Way,,0,2,0,,not_enriched,unreviewed
2019,Sb5f8c88e61,Eric Clapton,If I Don’t Be There by Morning,,0,2,0,,not_enriched,unreviewed
2020,Sb79b8b98da,Dan Fogelberg,Heart Hotels,,0,2,0,,not_enriched,unreviewed
2021,Sb7b14a4c56,The Beach Boys,Rock and Roll Music,,0,2,0,,not_enriched,unreviewed
2022,Sb898a0e588,Dan Fogelberg,Longer,,0,2,0,,not_enriched,unreviewed
2023,Sbac615fe35,George Thorogood & the Destroyers,Bad to the Bone,,0,2,0,,not_enriched,unreviewed
2024,Sbc20b5b80e,Bob Dylan,Dignity,,0,2,0,,not_enriched,unreviewed
2025,Sbcc16c08d7,Electric Light Orchestra,Need Her Love,,0,2,0,,not_enriched,unreviewed
2026,Sbd18abc291,Pat Benatar,Shadows of the Night,,0,2,0,,not_enriched,unreviewed
2027,Sbf8b35ba73,Bad Company,Shooting Star,,0,2,0,,not_enriched,unreviewed
2028,Sbf9140f154,Head East,City of Gold,,0,2,0,,not_enriched,unreviewed
2029,Sbfc7d0da7d,The Who,Substitute,,0,2,0,,not_enriched,unreviewed
2030,Sc1711ceb9f,Electric Light Orchestra,Wishing,,0,2,0,,not_enriched,unreviewed
2031,Sc47003c405,Billy Joel,I've Loved These Days,,0,2,0,,not_enriched,unreviewed
2032,Sc584c9b8c7,Bob Dylan,Under the Red Sky,,0,2,0,,not_enriched,unreviewed
2033,Sc886b57a55,The Beach Boys,Surfin' Safari,,0,2,0,,not_enriched,unreviewed
2034,Sc933d4bdc0,Genesis,Duchess,,0,2,0,,not_enriched,unreviewed
2035,Sca9cdb18d1,The Beach Boys,Be True to Your School,,0,2,0,,not_enriched,unreviewed
2036,Scd32b138de,Led Zeppelin,Hots on for Nowhere,,0,2,0,,not_enriched,unreviewed
2037,Sce35127a18,Led Zeppelin,Darlene,,0,2,0,,not_enriched,unreviewed
2038,Sce390310e9,Three Dog Night,Eli's Coming,,0,2,0,,not_enriched,unreviewed
2039,Sd1643b29b4,Genesis,Behind the Lines,,0,2,0,,not_enriched,unreviewed
2040,Sd1ff23c12a,Carpenters,All You Get From Love Is a Love Song,,0,2,0,,not_enriched,unreviewed
2041,Sd1ffa9d4db,Three Dog Night,Easy to Be Hard,,0,2,0,,not_enriched,unreviewed
2042,Sd4e9aab8fd,Head East,Fly by Night Lady,,0,2,0,,not_enriched,unreviewed
2043,Sd8501da494,David Bowie,Young Americans,,0,2,0,,not_enriched,unreviewed
2044,Sd8c51bcb0f,Tesla,Heaven’s Trail (No Way Out),,0,2,0,,not_enriched,unreviewed
2045,Sda6257d3b1,Led Zeppelin,South Bound Saurez,,0,2,0,,not_enriched,unreviewed
2046,Sdaf2975c83,The Rolling Stones,Let Me Go,,0,2,0,,not_enriched,unreviewed
2047,Sdd78213aa9,Bread,The Guitar Man,,0,2,0,,not_enriched,unreviewed
2048,Sde69eeefb2,The Doors,When the Music’s Over,,0,2,0,,not_enriched,unreviewed
2049,Sdf6c89402d,Billy Joel,"Summer, Highland Falls",,0,2,0,,not_enriched,unreviewed
2050,Se08e97fcb2,Billy Joel,Miami 2017 (Seen the Lights Go Out on Broadway),,0,2,0,,not_enriched,unreviewed
2051,Se13ce922c2,The Romantics,I’m Hip,,0,2,0,,not_enriched,unreviewed
2052,Se38feb0058,Bread,London Bridge,,0,2,0,,not_enriched,unreviewed
2053,Se47ac752de,Blue Öyster Cult,(Don’t Fear) The Reaper,,0,2,0,,not_enriched,unreviewed
2054,Se83874dd89,Creedence Clearwater Revival,Molina,,0,2,0,,not_enriched,unreviewed
2055,Se9871af692,Head East,Love Me Tonight,,0,2,0,,not_enriched,unreviewed
2056,Sea9223868b,George Thorogood & the Destroyers,Long Gone,,0,2,0,,not_enriched,unreviewed
2057,Seaa459ae3a,Bad Company,Bad Company,,0,2,0,,not_enriched,unreviewed
2058,Seac8ffd990,Badfinger,Dear Angie,,0,2,0,,not_enriched,unreviewed
2059,Secba96bec1,Elton John,Honky Cat,,0,2,0,,not_enriched,unreviewed
2060,Seddbc9e26f,Led Zeppelin,In My Time of Dying,,0,2,0,,not_enriched,unreviewed
2061,See100a6c92,The Beach Boys,"Fun, Fun, Fun",,0,2,0,,not_enriched,unreviewed
2062,Sf1c0dc60b2,Led Zeppelin,Black Country Woman,,0,2,0,,not_enriched,unreviewed
2063,Sf1d962a696,George Thorogood & the Destroyers,Treat Her Right,,0,2,0,,not_enriched,unreviewed
2064,Sf307f40922,Three Dog Night,Feeling Alright,,0,2,0,,not_enriched,unreviewed
2065,Sf4bc3a5172,Eagles,I Can’t Tell You Why,,0,2,0,,not_enriched,unreviewed
2066,Sf554286c8e,Bob Dylan,Hurricane,,0,2,0,,not_enriched,unreviewed
2067,Sf634be5e75,The Beach Boys,Good Vibrations,,0,2,0,,not_enriched,unreviewed
2068,Sf78829546d,Nirvana,All Apologies,,0,2,0,,not_enriched,unreviewed
2069,Sfc354713c5,The Beach Boys,Surfer Girl,,0,2,0,,not_enriched,unreviewed
2070,Sfc95f3db15,Elton John,Love Song,,0,2,0,,not_enriched,unreviewed
2071,Sfceae667de,Jethro Tull,Locomotive Breath,,0,2,0,,not_enriched,unreviewed
2072,Sffd6c0c9bb,Seals & Crofts,Diamond Girl,,0,2,0,,not_enriched,unreviewed
2073,S0002b61a1a,Freedom And Whiskey,Whiskey State Of Mind,,0,1,0,,not_enriched,unreviewed
2074,S0007d2ec3e,Warren Zevon,The Factory,,0,1,0,,not_enriched,unreviewed
2075,S00092c7896,Rita Coolidge,(Your Love Has Lifted Me) Higher and Higher,,0,1,0,,not_enriched,unreviewed
2076,S000a3f60ed,John Fogerty,Rock and Roll Girls,,0,1,0,,not_enriched,unreviewed
2077,S001cd527f9,George Thorogood & the Destroyers,Go Go Go,,0,1,0,,not_enriched,unreviewed
2078,S001f9e75ec,Billy Squier,Sweet Release,,0,1,0,,not_enriched,unreviewed
2079,S002d5b0a48,INXS,To Look at You,,0,1,0,,not_enriched,unreviewed
2080,S0030164b0a,The Beach Boys,409,,0,1,0,,not_enriched,unreviewed
2081,S0031cb124b,Ludwig van Beethoven,"Symphony no. 6 (“Pastoral”), op. 68: I. Allegro ma non troppo",,0,1,0,,not_enriched,unreviewed
2082,S0032d8145e,4 Non Blondes,Train,,0,1,0,,not_enriched,unreviewed
2083,S003bda4b86,Kim Carnes,Still Hold On,,0,1,0,,not_enriched,unreviewed
2084,S003f433826,Sammy Hagar,When the Hammer Falls,,0,1,0,,not_enriched,unreviewed
2085,S0054c1429a,Cracker,Loser,,0,1,0,,not_enriched,unreviewed
2086,S00562b0d3b,Atlanta Rhythm Section,Higher,,0,1,0,,not_enriched,unreviewed
2087,S005e1c91d7,SCANDAL,HARUKAZE,,0,1,0,,not_enriched,unreviewed
2088,S00603c705f,Survivor,Broken Promises,,0,1,0,,not_enriched,unreviewed
2089,S0067a8b506,The Romantics,Shake a Tail Feather,,0,1,0,,not_enriched,unreviewed
2090,S0067b3f545,Billy Squier,Everybody Wants You,,0,1,0,,not_enriched,unreviewed
2091,S00743145ff,Jewel,Kiss the Flame,,0,1,0,,not_enriched,unreviewed
2092,S0077a8b757,Elton John,One More Arrow,,0,1,0,,not_enriched,unreviewed
2093,S0077d04445,Nine Inch Nails,March of the Pigs,,0,1,0,,not_enriched,unreviewed
2094,S00809858f7,Greg Kihn Band,Can't Love Them All,,0,1,0,,not_enriched,unreviewed
2095,S0081de2088,Great White,Mother’s Eyes,,0,1,0,,not_enriched,unreviewed
2096,S0089f18460,Boston,Smokin’,,0,1,0,,not_enriched,unreviewed
2097,S008bca2480,The Outfield,Nervous Alibi,,0,1,0,,not_enriched,unreviewed
2098,S008d391605,Dread Zeppelin,Living Loving Maid,,0,1,0,,not_enriched,unreviewed
2099,S008ff2f1a3,Dan Fogelberg,Make Love Stay,,0,1,0,,not_enriched,unreviewed
2100,S00934e9f6a,a‐ha,Take On Me,,0,1,0,,not_enriched,unreviewed
2101,S0093906a69,George Michael,Kissing a Fool,,0,1,0,,not_enriched,unreviewed
2102,S009c23cae4,The Caroleers,Deck the Halls,,0,1,0,,not_enriched,unreviewed
2103,S009e81d3c9,Mason Ruffner,Dancin' on Top of the World,,0,1,0,,not_enriched,unreviewed
2104,S00a468874d,Don Henley,Sunset Grill,,0,1,0,,not_enriched,unreviewed
2105,S00b0a68e66,The Wallflowers,God Don’t Make Lonely Girls,,0,1,0,,not_enriched,unreviewed
2106,S00b82e4f6c,Squeeze,Someone Else’s Bell,,0,1,0,,not_enriched,unreviewed
2107,S00baef03d2,Queen,Bicycle Race,,0,1,0,,not_enriched,unreviewed
2108,S00bb67e77d,The Breeders,New Year,,0,1,0,,not_enriched,unreviewed
2109,S00be0d699d,Steely Dan,Black Friday,,0,1,0,,not_enriched,unreviewed
2110,S00cf2c1c9b,Bruce Hornsby and the Range,The Way It Is,,0,1,0,,not_enriched,unreviewed
2111,S00da2125fa,Elton John,I’m Gonna Be a Teenage Idol,,0,1,0,,not_enriched,unreviewed
2112,S00dbd61592,Cheap Trick,When I’m Sixty‐Four,,0,1,0,,not_enriched,unreviewed
2113,S00dc2889df,Cyndi Lauper,Time After Time,,0,1,0,,not_enriched,unreviewed
2114,S00e1e8d6cc,Jimmy Page,Wasting My Time,,0,1,0,,not_enriched,unreviewed
2115,S00e235dc48,"Crosby, Stills, Nash & Young",Feel Your Love,,0,1,0,,not_enriched,unreviewed
2116,S00fb38dda7,Genesis,Never a Time,,0,1,0,,not_enriched,unreviewed
2117,S00fc220305,Planet P Project,Power,,0,1,0,,not_enriched,unreviewed
2118,S0107b34c3a,The Yardbirds,Boom Boom,,0,1,0,,not_enriched,unreviewed
2119,S010cc1bc70,Living Colour,Broken Hearts,,0,1,0,,not_enriched,unreviewed
2120,S010dfa94e9,Novo Combo,Tattoo,,0,1,0,,not_enriched,unreviewed
2121,S011cfc56af,Enigma,"Mea Culpa, Part II (Fading Shades mix)",,0,1,0,,not_enriched,unreviewed
2122,S011df4dedd,Led Zeppelin,I’m Gonna Crawl,,0,1,0,,not_enriched,unreviewed
2123,S011f652c89,Santana,Primavera,,0,1,0,,not_enriched,unreviewed
2124,S0123b568be,Survivor,The Search Is Over,,0,1,0,,not_enriched,unreviewed
2125,S012aee652c,Bonnie Raitt,Papa Come Quick (Jody and Chico),,0,1,0,,not_enriched,unreviewed
2126,S012e9fdeea,Tommy James & the Shondells,Sugar on Sunday,,0,1,0,,not_enriched,unreviewed
2127,S012f857ac4,The Sweet,Stairway to the Stars,,0,1,0,,not_enriched,unreviewed
2128,S01342178bd,Andy Williams,Christmas Bells,,0,1,0,,not_enriched,unreviewed
2129,S0136bd2492,Pat Benatar,Anxiety (Get Nervous),,0,1,0,,not_enriched,unreviewed
2130,S013c4bfad7,England Dan & John Ford Coley,I’ll Stay,,0,1,0,,not_enriched,unreviewed
2131,S01404ef25c,Aerosmith,Angel,,0,1,0,,not_enriched,unreviewed
2132,S0146d2cb00,Joe Walsh,Slow Dancing,,0,1,0,,not_enriched,unreviewed
2133,S0151a01d9c,Planet P Project,In the Forest,,0,1,0,,not_enriched,unreviewed
2134,S0152073702,Jackson Browne,Running on Empty,,0,1,0,,not_enriched,unreviewed
2135,S016e6e5296,Gerry Rafferty,Mattie's Rag,,0,1,0,,not_enriched,unreviewed
2136,S0173accbe8,Jefferson Airplane,Plastic Fantastic Lover,,0,1,0,,not_enriched,unreviewed
2137,S01794d3545,Guns N’ Roses,Nightrain,,0,1,0,,not_enriched,unreviewed
2138,S017eb69bea,Thin Lizzy,Fight or Fall,,0,1,0,,not_enriched,unreviewed
2139,S018952069a,Steve Miller Band,Young Girl's Heart,,0,1,0,,not_enriched,unreviewed
2140,S0189cd7384,Lenny Kravitz,All My Life,,0,1,0,,not_enriched,unreviewed
2141,S018d6c2ff7,"Peter, Paul & Mary","Hayo, Haya",,0,1,0,,not_enriched,unreviewed
2142,S01a210bc5b,Eurythmics,Angel,,0,1,0,,not_enriched,unreviewed
2143,S01a8d8c13f,Paul Simon,I Do It for Your Love,,0,1,0,,not_enriched,unreviewed
2144,S01a95404a7,Split Enz,Nobody Takes Me Seriously,,0,1,0,,not_enriched,unreviewed
2145,S01aeba8d4b,Sneaker,Looking for Someone Like You,,0,1,0,,not_enriched,unreviewed
2146,S01b5a5ec89,Baltimora,Living in the Background,,0,1,0,,not_enriched,unreviewed
2147,S01b7eca054,Glenn Frey,The Allnighter,,0,1,0,,not_enriched,unreviewed
2148,S01cb8a0aa1,Daryl Hall + John Oates,Maneater,,0,1,0,,not_enriched,unreviewed
2149,S01cd545946,Bachman–Turner Overdrive,Givin’ It All Away,,0,1,0,,not_enriched,unreviewed
2150,S01f46df1ca,R.E.M.,Ignoreland,,0,1,0,,not_enriched,unreviewed
2151,S01f735ec87,Tool,Intolerance,,0,1,0,,not_enriched,unreviewed
2152,S01f801bc39,Savage Garden,Carry on Dancing,,0,1,0,,not_enriched,unreviewed
2153,S02057bafa9,Bruce Hornsby and the Range,Mandolin Rain,,0,1,0,,not_enriched,unreviewed
2154,S020a042ae0,Bryan Adams,Into the Fire,,0,1,0,,not_enriched,unreviewed
2155,S0213b61ea6,Aldo Nova,You're My Love,,0,1,0,,not_enriched,unreviewed
2156,S02144ff7e7,Phil Collins,You Can’t Hurry Love,,0,1,0,,not_enriched,unreviewed
2157,S0214b47419,Phil Collins,You Know What I Mean,,0,1,0,,not_enriched,unreviewed
2158,S021abcd8e2,Billy Squier,Til It’s Over,,0,1,0,,not_enriched,unreviewed
2159,S022cd7b08c,The Alan Parsons Project,Games People Play,,0,1,0,,not_enriched,unreviewed
2160,S023662dedb,Rossington Collins Band,Three Times as Bad,,0,1,0,,not_enriched,unreviewed
2161,S0237837cf1,"Emerson, Lake & Palmer",Still… You Turn Me On,,0,1,0,,not_enriched,unreviewed
2162,S02386af95a,Daryl Hall & John Oates,Out of Touch,,0,1,0,,not_enriched,unreviewed
2163,S024019f1a4,The Black Crowes,Twice as Hard,,0,1,0,,not_enriched,unreviewed
2164,S0242f53dff,Jefferson Starship,Runaway,,0,1,0,,not_enriched,unreviewed
2165,S0249ce4485,Seal,Whirlpool,,0,1,0,,not_enriched,unreviewed
2166,S0252c432e7,Andy Williams,Angels We Have Heard on High,,0,1,0,,not_enriched,unreviewed
2167,S0254b13e6c,Rush,Grand Designs,,0,1,0,,not_enriched,unreviewed
2168,S02608d3c68,Tarney–Spencer Band,I'm Alive,,0,1,0,,not_enriched,unreviewed
2169,S0261c6c2f0,Guns N’ Roses,You’re Crazy,,0,1,0,,not_enriched,unreviewed
2170,S026335d430,Bad Company,"Oh, Atlanta",,0,1,0,,not_enriched,unreviewed
2171,S0263f2a2f0,Vanessa Williams,What Child Is This?,,0,1,0,,not_enriched,unreviewed
2172,S0265caeb93,A Flock of Seagulls,The Traveller,,0,1,0,,not_enriched,unreviewed
2173,S02681b110c,Sam Harris,Suffer the Innocent,,0,1,0,,not_enriched,unreviewed
2174,S026c6d353a,Tommy James & the Shondells,Sweet Cherry Wine,,0,1,0,,not_enriched,unreviewed
2175,S02751ce682,Bad English,Price of Love,,0,1,0,,not_enriched,unreviewed
2176,S0275a56f9d,Bachman–Turner Overdrive,Sledgehammer,,0,1,0,,not_enriched,unreviewed
2177,S0281e5ad15,Helix,Make 'Em Dance,,0,1,0,,not_enriched,unreviewed
2178,S028201015b,Rita Coolidge,The Way You Do the Things You Do,,0,1,0,,not_enriched,unreviewed
2179,S028438cc0b,Journey,Back Talk,,0,1,0,,not_enriched,unreviewed
2180,S028f977438,The Moody Blues,Talking Out of Turn,,0,1,0,,not_enriched,unreviewed
2181,S0296f3a484,Styx,Rockin' The Paradise,,0,1,0,,not_enriched,unreviewed
2182,S0298edaf42,Nirvana,Tourette’s,,0,1,0,,not_enriched,unreviewed
2183,S02aba06776,Splinter,Situation Vacant,,0,1,0,,not_enriched,unreviewed
2184,S02aba7158f,John Tesh,The Coventry Carol,,0,1,0,,not_enriched,unreviewed
2185,S02ad52d8eb,Bruce Springsteen,The Long Goodbye,,0,1,0,,not_enriched,unreviewed
2186,S02b5217b0d,Blue Öyster Cult,Lonely Teardrops,,0,1,0,,not_enriched,unreviewed
2187,S02b62686ac,Billy Squier,You Know What I Like,,0,1,0,,not_enriched,unreviewed
2188,S02ba265d49,Elvis Presley,Santa Bring My Baby Back,,0,1,0,,not_enriched,unreviewed
2189,S02c4d26ed8,Rod Stewart,Handbags and Gladrags,,0,1,0,,not_enriched,unreviewed
2190,S02c4fc19af,Tower of Fire,BONUS: The Wrath Of Dog,,0,1,0,,not_enriched,unreviewed
2191,S02c9bdce86,Natalie Imbruglia,Smoke,,0,1,0,,not_enriched,unreviewed
2192,S02cbbda190,Survivor,It's the Singer Not the Song,,0,1,0,,not_enriched,unreviewed
2193,S02d6e734df,Enigma,Principles of Lust: Sadeness / Find Love / Sadeness (reprise),,0,1,0,,not_enriched,unreviewed
2194,S02dda1dee3,Ted Nugent,Hammerdown,,0,1,0,,not_enriched,unreviewed
2195,S02df98d832,The Fixx,I Found You,,0,1,0,,not_enriched,unreviewed
2196,S02e40fe3b4,Gun,I Will Be Waiting,,0,1,0,,not_enriched,unreviewed
2197,S02ecb0d028,Little River Band,Don't Let the Needle Win,,0,1,0,,not_enriched,unreviewed
2198,S02f976a51d,Jim Croce,"Bad, Bad Leroy Brown",,0,1,0,,not_enriched,unreviewed
2199,S02faa819ba,Dread Zeppelin,Heartbreaker (At the End of Lonely Street),,0,1,0,,not_enriched,unreviewed
2200,S02fd62a5cb,The Fixx,Walkabout,,0,1,0,,not_enriched,unreviewed
2201,S02ff35863a,Alannah Myles,Who Loves You,,0,1,0,,not_enriched,unreviewed
2202,S0300c6f439,Elton John,Jack Rabbit,,0,1,0,,not_enriched,unreviewed
2203,S030612793d,Loverboy,Destination Heartbreak,,0,1,0,,not_enriched,unreviewed
2204,S030ba9ded4,Eddie Money,You’ve Really Got a Hold on Me,,0,1,0,,not_enriched,unreviewed
2205,S0321db96e4,Aldo Nova,See the Light,,0,1,0,,not_enriched,unreviewed
2206,S03249893b3,Steve Miller Band,Out of the Night,,0,1,0,,not_enriched,unreviewed
2207,S0325ff2397,Billy Thorpe,The Beginning,,0,1,0,,not_enriched,unreviewed
2208,S0327335b22,Phil Collins,Droned,,0,1,0,,not_enriched,unreviewed
2209,S0339f4d286,Eddie Money,Heaven in the Back Seat,,0,1,0,,not_enriched,unreviewed
2210,S033df2094e,Planet P Project,Breath,,0,1,0,,not_enriched,unreviewed
2211,S033f84a069,City Boy,Moving in Circles,,0,1,0,,not_enriched,unreviewed
2212,S03425a2c95,Icehouse,The Flame,,0,1,0,,not_enriched,unreviewed
2213,S034373745f,Matchbox 20,Hang,,0,1,0,,not_enriched,unreviewed
2214,S0345a0c60e,Toto,Girl Goodbye,,0,1,0,,not_enriched,unreviewed
2215,S0348ae35b9,Journey,When You’re Alone (It Ain’t Easy),,0,1,0,,not_enriched,unreviewed
2216,S034ca19589,April Wine,Babes in Arms,,0,1,0,,not_enriched,unreviewed
2217,S035722835d,Van Halen,Eruption,,0,1,0,,not_enriched,unreviewed
2218,S036b98f3ac,Gary,Love That Last Forever,,0,1,0,,not_enriched,unreviewed
2219,S037d54dc65,The J. Geils Band,Angel in Blue,,0,1,0,,not_enriched,unreviewed
2220,S0380208353,The Beach Boys,Auld Lang Syne,,0,1,0,,not_enriched,unreviewed
2221,S038304839c,John Tesh,"Bring a Torch, Jeanette, Isabella",,0,1,0,,not_enriched,unreviewed
2222,S03858a5492,Burton Cummings,Stand Tall,,0,1,0,,not_enriched,unreviewed
2223,S0389c1720a,Steve Miller Band,Something Special,,0,1,0,,not_enriched,unreviewed
2224,S038b11a67d,Hall & Oates,Maneater,,0,1,0,,not_enriched,unreviewed
2225,S038e41b5f0,The Church,Metropolis,,0,1,0,,not_enriched,unreviewed
2226,S038efa1088,Melissa Etheridge,I Want You,,0,1,0,,not_enriched,unreviewed
2227,S03a4b5ea44,Stevie Nicks,Edge of Seventeen,,0,1,0,,not_enriched,unreviewed
2228,S03a53e0dcd,KISS,Love ’em and Leave ’em (pt. 1),,0,1,0,,not_enriched,unreviewed
2229,S03a664069d,Head East,Prelude To 'Creek,,0,1,0,,not_enriched,unreviewed
2230,S03a721b7a7,The Monkees,This Just Doesn’t Seem to Be My Day,,0,1,0,,not_enriched,unreviewed
2231,S03a72831a7,Joe Cocker,You Are So Beautiful,,0,1,0,,not_enriched,unreviewed
2232,S03aa16308f,The Fixx,Stand or Fall,,0,1,0,,not_enriched,unreviewed
2233,S03ad4c406b,Neil Young,Trans Am,,0,1,0,,not_enriched,unreviewed
2234,S03b08818ce,John Cougar Mellencamp,Between a Laugh and a Tear,,0,1,0,,not_enriched,unreviewed
2235,S03b65caf59,Daryl Hall + John Oates,Italian Girls,,0,1,0,,not_enriched,unreviewed
2236,S03cb01a30b,Fleetwood Mac,One More Night,,0,1,0,,not_enriched,unreviewed
2237,S03f55bb374,Head East,One Against the Other,,0,1,0,,not_enriched,unreviewed
2238,S03f577894c,The Allman Brothers Band,Seven Turns,,0,1,0,,not_enriched,unreviewed
2239,S03f5f19d41,The Knack,Frustrated,,0,1,0,,not_enriched,unreviewed
2240,S03f8e0248b,Fleetwood Mac,Coming Your Way,,0,1,0,,not_enriched,unreviewed
2241,S0408c91242,Firefall,Do What You Want,,0,1,0,,not_enriched,unreviewed
2242,S0409abc656,The Rolling Stones,Neighbours,,0,1,0,,not_enriched,unreviewed
2243,S040c244ea5,Dan Fogelberg,The Long Way,,0,1,0,,not_enriched,unreviewed
2244,S04224c6d23,Styx,World Tonite,,0,1,0,,not_enriched,unreviewed
2245,S0422ba392a,Phil Collins,"We Said Hello, Goodbye (Don’t Look Back)",,0,1,0,,not_enriched,unreviewed
2246,S04338e82ad,Carpenters,This Masquerade,,0,1,0,,not_enriched,unreviewed
2247,S0436feb5ac,Dan Fogelberg,Missing You,,0,1,0,,not_enriched,unreviewed
2248,S04476764e8,Freedom And Whiskey,Is This Thing On,,0,1,0,,not_enriched,unreviewed
2249,S045af46160,Kenny Rogers,Don’t Fall in Love With a Dreamer,,0,1,0,,not_enriched,unreviewed
2250,S045d4c8c2e,Shania Twain,From This Moment On,,0,1,0,,not_enriched,unreviewed
2251,S04644acbcc,Tom Petty & the Heartbreakers,Think About Me,,0,1,0,,not_enriched,unreviewed
2252,S04645633ff,Neil Young,Out on the Weekend,,0,1,0,,not_enriched,unreviewed
2253,S04687f0888,AC/DC,Goodbye & Good Riddance to Bad Luck,,0,1,0,,not_enriched,unreviewed
2254,S046aeff921,Talking Heads,City of Dreams,,0,1,0,,not_enriched,unreviewed
2255,S047e58efb1,REO Speedwagon,L.I.A.R.,,0,1,0,,not_enriched,unreviewed
2256,S0481a8e5a7,The Who,Summertime Blues,,0,1,0,,not_enriched,unreviewed
2257,S048457706c,XTC,Ballet for a Rainy Day,,0,1,0,,not_enriched,unreviewed
2258,S048a0b9979,Nils Lofgren,Shine Silently,,0,1,0,,not_enriched,unreviewed
2259,S048e7944ff,Alias,Heroes,,0,1,0,,not_enriched,unreviewed
2260,S049a949846,The Alan Parsons Project,A Dream Within a Dream,,0,1,0,,not_enriched,unreviewed
2261,S04a4213bbf,Porno for Pyros,Black Girlfriend,,0,1,0,,not_enriched,unreviewed
2262,S04aabe88b1,Julian Lennon,Let Me Tell You,,0,1,0,,not_enriched,unreviewed
2263,S04adb8672a,Van Halen,Big Bad Bill (Is Sweet William Now),,0,1,0,,not_enriched,unreviewed
2264,S04ba241969,Marcy Playground,The Vampires of New York,,0,1,0,,not_enriched,unreviewed
2265,S04bd8e20b3,The Alan Parsons Project,Standing on Higher Ground,,0,1,0,,not_enriched,unreviewed
2266,S04c2dbb8e1,The Lovin’ Spoonful,Did You Ever Have to Make Up Your Mind,,0,1,0,,not_enriched,unreviewed
2267,S04d70dec9c,John Cougar Mellencamp,Hotdogs and Hamburgers,,0,1,0,,not_enriched,unreviewed
2268,S04f6620739,Rita Coolidge,The Hungry Years,,0,1,0,,not_enriched,unreviewed
2269,S0509a95bdc,Bachman–Turner Overdrive,Blown,,0,1,0,,not_enriched,unreviewed
2270,S050f50d60e,Crosby & Nash,Immigration Man,,0,1,0,,not_enriched,unreviewed
2271,S0514a1c8fd,Poison,Native Tongue,,0,1,0,,not_enriched,unreviewed
2272,S051cb6123c,Jim Croce,You Don’t Mess Around With Jim,,0,1,0,,not_enriched,unreviewed
2273,S051d71db36,REO Speedwagon,Break His Spell,,0,1,0,,not_enriched,unreviewed
2274,S051fefb962,"Phantom, Rocker and Slick",Time Is on My Hands,,0,1,0,,not_enriched,unreviewed
2275,S05284fe582,The Hollies,Love Makes the World Go Round,,0,1,0,,not_enriched,unreviewed
2276,S052a7ba84d,Queen,Sail Away Sweet Sister,,0,1,0,,not_enriched,unreviewed
2277,S0530b294c8,Paula Cole,ME,,0,1,0,,not_enriched,unreviewed
2278,S053a43bb3c,The Fixx,Shuttered Room,,0,1,0,,not_enriched,unreviewed
2279,S054b759e05,David & David,Being Alone Together,,0,1,0,,not_enriched,unreviewed
2280,S054bc48726,Stevie Ray Vaughan and Double Trouble,The Things (That) I Used to Do,,0,1,0,,not_enriched,unreviewed
2281,S055789293c,Eric Clapton,Realization,,0,1,0,,not_enriched,unreviewed
2282,S056236aa62,Bob Welch,Ebony Eyes,,0,1,0,,not_enriched,unreviewed
2283,S05642d62aa,Peter Gabriel,Kiss That Frog,,0,1,0,,not_enriched,unreviewed
2284,S056b617f26,The Beach Boys,I Can Hear Music,,0,1,0,,not_enriched,unreviewed
2285,S0573be2463,The Who,Cry If You Want,,0,1,0,,not_enriched,unreviewed
2286,S0575385cb4,Eric Clapton,Cold Turkey,,0,1,0,,not_enriched,unreviewed
2287,S05870d8acc,Manfred Mann’s Earth Band,This Side of Paradise,,0,1,0,,not_enriched,unreviewed
2288,S058dad400c,Slade,My Oh My,,0,1,0,,not_enriched,unreviewed
2289,S058ffd61cf,Styx,Snowblind,,0,1,0,,not_enriched,unreviewed
2290,S059dde4afa,George Michael,Hand to Mouth,,0,1,0,,not_enriched,unreviewed
2291,S05ae2699a7,Pearl Jam,"Push Me, Pull Me",,0,1,0,,not_enriched,unreviewed
2292,S05bbcdb9bf,Billy Idol,Love Unchained,,0,1,0,,not_enriched,unreviewed
2293,S05bcb9a3d2,Talking Heads,And She Was,,0,1,0,,not_enriched,unreviewed
2294,S05d058e4d5,Robert Palmer,Mean Ol' World,,0,1,0,,not_enriched,unreviewed
2295,S05d735208c,"Phantom, Rocker and Slick",Runnin' From the Hounds,,0,1,0,,not_enriched,unreviewed
2296,S05d84244e9,Nirvana,Frances Farmer Will Have Her Revenge on Seattle,,0,1,0,,not_enriched,unreviewed
2297,S05f115217b,Melissa Etheridge,Similar Features,,0,1,0,,not_enriched,unreviewed
2298,S05fdf0cefc,The Monkees,(I’m Not Your) Steppin’ Stone,,0,1,0,,not_enriched,unreviewed
2299,S05fe192ad0,L.A. Guns,Malaria,,0,1,0,,not_enriched,unreviewed
2300,S05ffb3f364,Jackson Browne,Soldier of Plenty,,0,1,0,,not_enriched,unreviewed
2301,S0611a8a549,Don McLean,Vincent,,0,1,0,,not_enriched,unreviewed
2302,S061274642f,Go‐Go’s,How Much More,,0,1,0,,not_enriched,unreviewed
2303,S0618ba2590,Grand Funk Railroad,The Railroad,,0,1,0,,not_enriched,unreviewed
2304,S062004db73,Def Leppard,Love Bites,,0,1,0,,not_enriched,unreviewed
2305,S0623377990,Warren Zevon,Detox Mansion,,0,1,0,,not_enriched,unreviewed
2306,S0637392bbf,a‐ha,The Sun Always Shines on T.V.,,0,1,0,,not_enriched,unreviewed
2307,S063d1e8969,Cracker,Sick of Goodbyes,,0,1,0,,not_enriched,unreviewed
2308,S0641772397,Pearl Jam,In My Tree,,0,1,0,,not_enriched,unreviewed
2309,S06464a5791,Michael Monroe,Thrill Me,,0,1,0,,not_enriched,unreviewed
2310,S06530977fe,The Beatles,Any Time at All,,0,1,0,,not_enriched,unreviewed
2311,S0654ffe8c8,Romeo Void,Just Too Easy,,0,1,0,,not_enriched,unreviewed
2312,S0657bb815a,Wilson Phillips,Hold On,,0,1,0,,not_enriched,unreviewed
2313,S065ce427ee,Julian Lennon,Coward Till the End?,,0,1,0,,not_enriched,unreviewed
2314,S0673f0f21a,The Kinks,Massive Reductions,,0,1,0,,not_enriched,unreviewed
2315,S06797f3a89,Shoes,Too Late,,0,1,0,,not_enriched,unreviewed
2316,S068cc9531d,Bad Company,Call on Me,,0,1,0,,not_enriched,unreviewed
2317,S068ed33cd6,INXS,Spy of Love,,0,1,0,,not_enriched,unreviewed
2318,S069cab8f46,Rush,Emotion Detector,,0,1,0,,not_enriched,unreviewed
2319,S069d9e97a7,The 50 Guitars of Tommy Garrett,White Christmas,,0,1,0,,not_enriched,unreviewed
2320,S069fb14bc0,Billy Squier,Hand Me Downs,,0,1,0,,not_enriched,unreviewed
2321,S06a0df0f7e,Harry Chapin,She Sings Songs Without Words,,0,1,0,,not_enriched,unreviewed
2322,S06a42cf25d,Aerosmith,No More No More,,0,1,0,,not_enriched,unreviewed
2323,S06a509bd96,Trixter,Line of Fire,,0,1,0,,not_enriched,unreviewed
2324,S06a76afb44,EMF,"Lies (Strychnine 12"" mix)",,0,1,0,,not_enriched,unreviewed
2325,S06ab1d29e0,Greg Kihn Band,Tell Me Lies,,0,1,0,,not_enriched,unreviewed
2326,S06bb83d14c,Rolling Stones,Sad Sad Sad,,0,1,0,,not_enriched,unreviewed
2327,S06bcaa0d44,Garth Brooks,Mr. Blue,,0,1,0,,not_enriched,unreviewed
2328,S06c72ca4d3,The Police,Walking in Your Footsteps,,0,1,0,,not_enriched,unreviewed
2329,S06cb57c911,Gregg Allman,Queen of Hearts,,0,1,0,,not_enriched,unreviewed
2330,S06e771dffb,TNT,Sapphire,,0,1,0,,not_enriched,unreviewed
2331,S06ebeb107d,Cheap Trick,Dream Police,,0,1,0,,not_enriched,unreviewed
2332,S0702ee3832,Al Stewart,A Man for All Seasons,,0,1,0,,not_enriched,unreviewed
2333,S071440d927,Men at Work,High Wire,,0,1,0,,not_enriched,unreviewed
2334,S0728a328ae,Tom Petty and the Heartbreakers,Mary’s New Car,,0,1,0,,not_enriched,unreviewed
2335,S072abef237,Derek and the Dominos,Key to the Highway,,0,1,0,,not_enriched,unreviewed
2336,S074d46e618,The Doors,Texas Radio & The Big Beat,,0,1,0,,not_enriched,unreviewed
2337,S07535189b7,David Bowie,Fascination,,0,1,0,,not_enriched,unreviewed
2338,S0753cba219,The Firm,Together,,0,1,0,,not_enriched,unreviewed
2339,S076243c18d,Elton John,Social Disease,,0,1,0,,not_enriched,unreviewed
2340,S07724c3a93,Electric Light Orchestra,Tightrope,,0,1,0,,not_enriched,unreviewed
2341,S0772c4b1bc,The 50 Guitars of Tommy Garrett,The Christmas Song,,0,1,0,,not_enriched,unreviewed
2342,S077dce1913,Gary Wright,Made to Love You,,0,1,0,,not_enriched,unreviewed
2343,S0783b0440b,Jefferson Airplane,Embryonic Journey,,0,1,0,,not_enriched,unreviewed
2344,S0789eda366,Bonham,Don't Walk Away,,0,1,0,,not_enriched,unreviewed
2345,S078da08f7f,Beck,Analog Odyssey,,0,1,0,,not_enriched,unreviewed
2346,S07a608a924,Jim Morrison,The Hitchhiker,,0,1,0,,not_enriched,unreviewed
2347,S07c01d6a32,Enya,Afer Ventus,,0,1,0,,not_enriched,unreviewed
2348,S07c22cd373,Rush,Chemistry,,0,1,0,,not_enriched,unreviewed
2349,S07df5908b1,Savage Garden,Tears of Pearls,,0,1,0,,not_enriched,unreviewed
2350,S07e44c0261,Prince,Pop Life,,0,1,0,,not_enriched,unreviewed
2351,S07ec3bd976,Eurythmics,It's Alright,,0,1,0,,not_enriched,unreviewed
2352,S07ef3d33e2,Eurythmics,Thorn in My Side,,0,1,0,,not_enriched,unreviewed
2353,S07effd2d3b,Bruce Springsteen,Valentine’s Day,,0,1,0,,not_enriched,unreviewed
2354,S07f186f32e,Zebra,Take Your Fingers From My Hair,,0,1,0,,not_enriched,unreviewed
2355,S080308e66f,INXS,Red Red Sun,,0,1,0,,not_enriched,unreviewed
2356,S0803be7d49,Shania Twain,Whatever You Do! Don’t!,,0,1,0,,not_enriched,unreviewed
2357,S08094aff4e,Journey,Just the Same Way,,0,1,0,,not_enriched,unreviewed
2358,S0812cd2449,Elton John,Daniel,,0,1,0,,not_enriched,unreviewed
2359,S0814953e41,Paul McCartney & Wings,Beware My Love (Incomplete),,0,1,0,,not_enriched,unreviewed
2360,S081858d042,Foreigner,Double Vision,,0,1,0,,not_enriched,unreviewed
2361,S0833f1a6b1,John Cougar,Weakest Moments,,0,1,0,,not_enriched,unreviewed
2362,S0837fd4cc3,AC/DC,Thunderstruck,,0,1,0,,not_enriched,unreviewed
2363,S083b5ed42f,Nilsson,Cowboy,,0,1,0,,not_enriched,unreviewed
2364,S0850317611,Chris Rea,Because of You,,0,1,0,,not_enriched,unreviewed
2365,S08551cc1b6,Elton John,Sad Songs (Say So Much),,0,1,0,,not_enriched,unreviewed
2366,S0864892893,Bruce Springsteen,Walk Like a Man,,0,1,0,,not_enriched,unreviewed
2367,S0865fa3d21,Neil Young,Mr. Soul,,0,1,0,,not_enriched,unreviewed
2368,S08661590db,Electric Light Orchestra,Twilight,,0,1,0,,not_enriched,unreviewed
2369,S086924f83a,R.E.M.,Bang and Blame,,0,1,0,,not_enriched,unreviewed
2370,S086a052e5b,Talking Heads,No Compassion,,0,1,0,,not_enriched,unreviewed
2371,S086bb62428,The Beach Boys,Santa’s Beard,,0,1,0,,not_enriched,unreviewed
2372,S086f599e34,Meat Loaf,Paradise by the Dashboard Light,,0,1,0,,not_enriched,unreviewed
2373,S087d64f2b4,Roger Waters,"4:56 AM (For the First Time Today, Part 1)",,0,1,0,,not_enriched,unreviewed
2374,S087ee49789,The Fixx,Some People,,0,1,0,,not_enriched,unreviewed
2375,S0881fe329f,Stevie Nicks,The Nightmare,,0,1,0,,not_enriched,unreviewed
2376,S08a7bafb27,Meredith Brooks,Bitch,,0,1,0,,not_enriched,unreviewed
2377,S08ad4c0ec5,Sweet F.A.,Heart of Gold,,0,1,0,,not_enriched,unreviewed
2378,S08b58fc7ad,Neil Young,Throw Your Hatred Down,,0,1,0,,not_enriched,unreviewed
2379,S08c7377389,Michael Bolton,I Almost Believed You,,0,1,0,,not_enriched,unreviewed
2380,S08d13d060f,Elton John,Part-Time Love,,0,1,0,,not_enriched,unreviewed
2381,S08da080b4e,The Doors,The Unknown Soldier,,0,1,0,,not_enriched,unreviewed
2382,S08dc05520e,Van Halen,I’m the One,,0,1,0,,not_enriched,unreviewed
2383,S08f48ae8c0,Bram Tchaikovsky,Pressure,,0,1,0,,not_enriched,unreviewed
2384,S08f5e0bb67,ZZ Top,Squank,,0,1,0,,not_enriched,unreviewed
2385,S090ad568d2,Foghat,Take It or Leave It,,0,1,0,,not_enriched,unreviewed
2386,S091b1c4c85,Taylor Dayne,You Meant the World to Me,,0,1,0,,not_enriched,unreviewed
2387,S092048365c,Rossington Collins Band,Sometimes You Can Put It Out,,0,1,0,,not_enriched,unreviewed
2388,S0920587a94,INXS,Mystify,,0,1,0,,not_enriched,unreviewed
2389,S0926a1d6c7,Hooters,Washington’s Day,,0,1,0,,not_enriched,unreviewed
2390,S094c90235a,Eagles,I Wish You Peace,,0,1,0,,not_enriched,unreviewed
2391,S094ecaeed0,The Rolling Stones,It’s Only Rock ’n’ Roll (but I Like It),,0,1,0,,not_enriched,unreviewed
2392,S0958ac6268,Pat Benatar,Fight It Out,,0,1,0,,not_enriched,unreviewed
2393,S095b28036b,Slaughter,Desperately,,0,1,0,,not_enriched,unreviewed
2394,S095c9a7650,Van Morrison,Come Running,,0,1,0,,not_enriched,unreviewed
2395,S096262196a,Bread,Anyway You Want Me,,0,1,0,,not_enriched,unreviewed
2396,S0973180be7,Grand Funk Railroad,Good and Evil,,0,1,0,,not_enriched,unreviewed
2397,S097a7d6afb,The Cranberries,So Cold in Ireland,,0,1,0,,not_enriched,unreviewed
2398,S097e232bc1,Bad English,Ready When You Are,,0,1,0,,not_enriched,unreviewed
2399,S097e76ff77,Red Hot Chili Peppers,Under the Bridge,,0,1,0,,not_enriched,unreviewed
2400,S097f452285,Harry Chapin,W*O*L*D*,,0,1,0,,not_enriched,unreviewed
2401,S098eb7bd42,Kenny Rogers & The First Edition,We All Got to Help Each Other,,0,1,0,,not_enriched,unreviewed
2402,S099072725c,Stephen Stills,50/50,,0,1,0,,not_enriched,unreviewed
2403,S099758b074,Steve Winwood,Arc of a Diver,,0,1,0,,not_enriched,unreviewed
2404,S099844247b,Supertramp,Brother Where You Bound,,0,1,0,,not_enriched,unreviewed
2405,S09a37cf49b,Stevie Nicks,Dreams,,0,1,0,,not_enriched,unreviewed
2406,S09a8576438,Van Stephenson,You've Been Lied to Before,,0,1,0,,not_enriched,unreviewed
2407,S09b8b250d9,The B‐52’s,Junebug,,0,1,0,,not_enriched,unreviewed
2408,S09c24c9379,Aretha Franklin,O Christmas Tree,,0,1,0,,not_enriched,unreviewed
2409,S09cb1ffec7,The Yardbirds,Honey in Your Hips,,0,1,0,,not_enriched,unreviewed
2410,S09cb26e066,Aerosmith,Dulcimer Stomp / The Other Side,,0,1,0,,not_enriched,unreviewed
2411,S09d1717ded,New Radicals,In Need of a Miracle,,0,1,0,,not_enriched,unreviewed
2412,S09d52f9035,REO Speedwagon,Love in the Future,,0,1,0,,not_enriched,unreviewed
2413,S09e758d9aa,Pat Benatar,Little Too Late,,0,1,0,,not_enriched,unreviewed
2414,S09f024bbb2,Marillion,Lavender,,0,1,0,,not_enriched,unreviewed
2415,S09f31994cd,Loverboy,Take Me to the Top,,0,1,0,,not_enriched,unreviewed
2416,S09f7793b2d,Billy Joel,This Is the Time,,0,1,0,,not_enriched,unreviewed
2417,S09fb972719,Jay Ferguson,Magic Moment,,0,1,0,,not_enriched,unreviewed
2418,S09fd64dab2,The Fixx,Saved by Zero,,0,1,0,,not_enriched,unreviewed
2419,S0a33b0c44f,Genesis,Since I Lost You,,0,1,0,,not_enriched,unreviewed
2420,S0a44cef4ee,Greg Kihn,Remember,,0,1,0,,not_enriched,unreviewed
2421,S0a4d3f1a29,Nazareth,Changin’ Times,,0,1,0,,not_enriched,unreviewed
2422,S0a4dde805f,Kansas,Hopelessly Human,,0,1,0,,not_enriched,unreviewed
2423,S0a57f7acf2,Alice in Chains,Hate to Feel,,0,1,0,,not_enriched,unreviewed
2424,S0a5854718b,Pat Travers,I La La La Love You,,0,1,0,,not_enriched,unreviewed
2425,S0a58aebb6b,Aldo Nova,Can't Stop Lovin' You,,0,1,0,,not_enriched,unreviewed
2426,S0a5ac0d276,Billy Squier,Catch 22,,0,1,0,,not_enriched,unreviewed
2427,S0a633abc81,Steve Earle,Poor Boy,,0,1,0,,not_enriched,unreviewed
2428,S0a68de72fb,Collective Soul,Giving,,0,1,0,,not_enriched,unreviewed
2429,S0a6b44356c,Chris Rea,Three Angels,,0,1,0,,not_enriched,unreviewed
2430,S0a6d5e6beb,Peter Gabriel,Steam,,0,1,0,,not_enriched,unreviewed
2431,S0a6d7101d2,The Doobie Brothers,Is Love Enough,,0,1,0,,not_enriched,unreviewed
2432,S0a71850a51,Lisa Loeb,Lisa Listen,,0,1,0,,not_enriched,unreviewed
2433,S0a7807f806,REO Speedwagon,Easy Money,,0,1,0,,not_enriched,unreviewed
2434,S0a8148a55e,Glenn Frey,Big Life,,0,1,0,,not_enriched,unreviewed
2435,S0a8444fd9c,The Fixx,Treasure It,,0,1,0,,not_enriched,unreviewed
2436,S0a8770ed36,Peaks,Oberth,,0,1,0,,not_enriched,unreviewed
2437,S0a8a151fb8,John Cougar,Ain’t Even Done With the Night,,0,1,0,,not_enriched,unreviewed
2438,S0a8b19f193,Franke & the Knockouts,Without You (Not Another Lonely Night),,0,1,0,,not_enriched,unreviewed
2439,S0a91c47a77,Michael Monroe,Love Is Thicker Than Blood,,0,1,0,,not_enriched,unreviewed
2440,S0a99cf3990,The Moody Blues,The Voice,,0,1,0,,not_enriched,unreviewed
2441,S0aa31096c7,John Mayall,Bernard Jenkins,,0,1,0,,not_enriched,unreviewed
2442,S0aaa3245f1,Kenny G,The Wedding Song,,0,1,0,,not_enriched,unreviewed
2443,S0aad69b5cc,Pink Floyd,Get Your Filthy Hands Off My Desert,,0,1,0,,not_enriched,unreviewed
2444,S0ab12b944b,Firefall,Strange Way,,0,1,0,,not_enriched,unreviewed
2445,S0ac1462660,Steve Perry,Go Away,,0,1,0,,not_enriched,unreviewed
2446,S0ac714f0e3,Rick Springfield,Daddy’s Pearl,,0,1,0,,not_enriched,unreviewed
2447,S0acaa9b228,The Alan Parsons Project,"Time, Part 1",,0,1,0,,not_enriched,unreviewed
2448,S0adb47e0dd,Ted Nugent,Writing on the Wall,,0,1,0,,not_enriched,unreviewed
2449,S0adc23d21d,Bryan Adams,I’m Ready,,0,1,0,,not_enriched,unreviewed
2450,S0ae2df6b44,Nick Lowe,When I Write the Book,,0,1,0,,not_enriched,unreviewed
2451,S0ae2f77d67,Bob Seger & the Silver Bullet Band,Hollywood Nights,,0,1,0,,not_enriched,unreviewed
2452,S0ae6acb6ad,Creedence Clearwater Revival,Porterville,,0,1,0,,not_enriched,unreviewed
2453,S0af4db0e58,Baltimora,Call Me in the Heart of the Night,,0,1,0,,not_enriched,unreviewed
2454,S0afba19ddd,Sneaker,Jaymes,,0,1,0,,not_enriched,unreviewed
2455,S0b011ed533,Dire Straits,Romeo and Juliet,,0,1,0,,not_enriched,unreviewed
2456,S0b02da2851,Ten Years After,Once There Was a Time,,0,1,0,,not_enriched,unreviewed
2457,S0b112c517b,.38 Special,Throw Out the Line,,0,1,0,,not_enriched,unreviewed
2458,S0b157fc8fc,Jefferson Starship,Love Lovely Love,,0,1,0,,not_enriched,unreviewed
2459,S0b256fe2b5,Spandau Ballet,Lifeline,,0,1,0,,not_enriched,unreviewed
2460,S0b273a4416,James Taylor,Traffic Jam,,0,1,0,,not_enriched,unreviewed
2461,S0b2f3f3aa3,Julian Lennon,Every Day,,0,1,0,,not_enriched,unreviewed
2462,S0b34ac6b16,Roger Waters,4:41 AM (Sexual Revolution),,0,1,0,,not_enriched,unreviewed
2463,S0b3c01cfdc,The Monkees,Saturday’s Child,,0,1,0,,not_enriched,unreviewed
2464,S0b420e993c,The Caroleers,I Heard the Bells on Christmas Day,,0,1,0,,not_enriched,unreviewed
2465,S0b42a4671c,Alice Cooper,Black Widow,,0,1,0,,not_enriched,unreviewed
2466,S0b49483fb8,The Alan Parsons Project,If I Could Change Your Mind (5.1 mix),,0,1,0,,not_enriched,unreviewed
2467,S0b4d6a15cd,Bruce Springsteen,Fade Away,,0,1,0,,not_enriched,unreviewed
2468,S0b5cd491c8,Phil Collins,Father to Son,,0,1,0,,not_enriched,unreviewed
2469,S0b63821404,The Cars,Misfit Kid,,0,1,0,,not_enriched,unreviewed
2470,S0b719ddc05,Derek and the Dominos,Got to Get Better in a Little While,,0,1,0,,not_enriched,unreviewed
2471,S0b735f9ea3,Men at Work,I Like To,,0,1,0,,not_enriched,unreviewed
2472,S0b78417a29,Triumph,Follow Your Heart,,0,1,0,,not_enriched,unreviewed
2473,S0b78449b21,Go‐Go’s,Beatnik Beach,,0,1,0,,not_enriched,unreviewed
2474,S0b7be7ee30,Robert Plant,Hurting Kind (I've Got My Eyes on You),,0,1,0,,not_enriched,unreviewed
2475,S0b8ce0e525,Tom Petty & the Heartbreakers,A Self‐Made Man,,0,1,0,,not_enriched,unreviewed
2476,S0b96ba19b8,Sinéad O’Connor,Black Boys on Mopeds,,0,1,0,,not_enriched,unreviewed
2477,S0ba1bdd95a,George Carlin,Let's Make a Deal,,0,1,0,,not_enriched,unreviewed
2478,S0babeb5882,Steve Earle,Waiting on You,,0,1,0,,not_enriched,unreviewed
2479,S0badcf1bdb,The Cars,Candy-O,,0,1,0,,not_enriched,unreviewed
2480,S0bb7226496,Carpenters,We've Only Just Begun,,0,1,0,,not_enriched,unreviewed
2481,S0bbff88cda,Christine McVie,Love Will Show Us How,,0,1,0,,not_enriched,unreviewed
2482,S0bc0e7c273,Bryan Adams,This Time,,0,1,0,,not_enriched,unreviewed
2483,S0bca49eeb1,John Cougar,I Need a Lover,,0,1,0,,not_enriched,unreviewed
2484,S0bd0f592df,Dan Fogelberg,(Someone's Been) Telling You Stories,,0,1,0,,not_enriched,unreviewed
2485,S0bd2a3587c,REO Speedwagon,Girl With the Heart of Gold,,0,1,0,,not_enriched,unreviewed
2486,S0be1783d9f,Cheap Trick,Within You Without You,,0,1,0,,not_enriched,unreviewed
2487,S0bfab7d7df,Roger Waters,"4:39 AM (For the First Time Today, Part 2)",,0,1,0,,not_enriched,unreviewed
2488,S0bfcc45dd4,Men at Work,No Sign of Yesterday,,0,1,0,,not_enriched,unreviewed
2489,S0c033ff6e8,SCANDAL,LOVE SURVIVE,,0,1,0,,not_enriched,unreviewed
2490,S0c0bd1df59,Steve Earle,You’re Still Standin’ There,,0,1,0,,not_enriched,unreviewed
2491,S0c1a762c9c,KISS,Ladies Room (pt. 2),,0,1,0,,not_enriched,unreviewed
2492,S0c1afd6443,Seals & Crofts,Jessica,,0,1,0,,not_enriched,unreviewed
2493,S0c3eb2ee2f,Van Halen,You Really Got Me,,0,1,0,,not_enriched,unreviewed
2494,S0c51e95e3d,April Wine,Just Between You and Me,,0,1,0,,not_enriched,unreviewed
2495,S0c54459ffd,Todd Rundgren,The Want of a Nail,,0,1,0,,not_enriched,unreviewed
2496,S0c558eade4,Heart,Here Song,,0,1,0,,not_enriched,unreviewed
2497,S0c5854a191,ZZ Top,Jailhouse Rock,,0,1,0,,not_enriched,unreviewed
2498,S0c6d6e4d2a,Cyndi Lauper,Money Changes Everything,,0,1,0,,not_enriched,unreviewed
2499,S0c6e77df11,Warrant,You’re the Only Hell Your Mama Ever Raised,,0,1,0,,not_enriched,unreviewed
2500,S0c6e806da1,Blue Öyster Cult,Unknown Tongue,,0,1,0,,not_enriched,unreviewed
2501,S0c702ffdba,John Waite,Act of Love,,0,1,0,,not_enriched,unreviewed
2502,S0c7387c9de,Lïve,Iris,,0,1,0,,not_enriched,unreviewed
2503,S0c7a8513c3,Izzy Stradlin and the Ju Ju Hounds,Come on Now Inside / Morning Tea,,0,1,0,,not_enriched,unreviewed
2504,S0c883f7fd4,Chris Isaak,Solitary Man,,0,1,0,,not_enriched,unreviewed
2505,S0c8b28ab9b,Heart,Silver Wheels,,0,1,0,,not_enriched,unreviewed
2506,S0c93b9ac61,Michael Stanley Band,If You Love Me,,0,1,0,,not_enriched,unreviewed
2507,S0c94188342,Neil Young,Safeway Cart,,0,1,0,,not_enriched,unreviewed
2508,S0ca2805b65,Kansas,Lightning’s Hand,,0,1,0,,not_enriched,unreviewed
2509,S0cb4af3672,Duffy Bishop & The Rhythm Dogs,Put a Rubber on the Bomb,,0,1,0,,not_enriched,unreviewed
2510,S0cb6eb315f,Stevie Nicks,Talk to Me,,0,1,0,,not_enriched,unreviewed
2511,S0cba02c38d,Joe Cocker,High Time We Went,,0,1,0,,not_enriched,unreviewed
2512,S0cbb4d0109,Steely Dan,Haitian Divorce,,0,1,0,,not_enriched,unreviewed
2513,S0cbd5225a8,The Partridge Family,Have Yourself a Merry Little Christmas,,0,1,0,,not_enriched,unreviewed
2514,S0cc0222ca4,REO Speedwagon,I Need You Tonight,,0,1,0,,not_enriched,unreviewed
2515,S0cc313e7d5,Jim Capaldi,That's Love,,0,1,0,,not_enriched,unreviewed
2516,S0cc3df5288,Tool,Flood,,0,1,0,,not_enriched,unreviewed
2517,S0cc418aaa5,Blondie,Rip Her to Shreds,,0,1,0,,not_enriched,unreviewed
2518,S0cc53eafa5,Dan Fogelberg,Song From Half Mountain,,0,1,0,,not_enriched,unreviewed
2519,S0cd26547ae,Tommy James & the Shondells,(I’m) Taken,,0,1,0,,not_enriched,unreviewed
2520,S0cd3b9f1c6,Jackson Browne,Lawyers in Love,,0,1,0,,not_enriched,unreviewed
2521,S0ced3f9ee5,Grateful Dead,Truckin',,0,1,0,,not_enriched,unreviewed
2522,S0cf98c5077,Scorpions,Falling in Love,,0,1,0,,not_enriched,unreviewed
2523,S0d0dfb1ecc,John Cougar,Thundering Hearts,,0,1,0,,not_enriched,unreviewed
2524,S0d278c899d,The Doors,Horse Latitudes,,0,1,0,,not_enriched,unreviewed
2525,S0d2cb1ac39,Three Dog Night,Try a Little Tenderness,,0,1,0,,not_enriched,unreviewed
2526,S0d34dfd70a,Phil Collins,"Do You Know, Do You Care?",,0,1,0,,not_enriched,unreviewed
2527,S0d383b8fb3,"Hamilton, Joe Frank & Reynolds",So Good at Lovin' You,,0,1,0,,not_enriched,unreviewed
2528,S0d3f2c32a2,Eagles,Certain Kind of Fool,,0,1,0,,not_enriched,unreviewed
2529,S0d48783e4a,Damn Yankees,Runaway,,0,1,0,,not_enriched,unreviewed
2530,S0d4d6d93d7,Rush,Jacob’s Ladder,,0,1,0,,not_enriched,unreviewed
2531,S0d6484af66,Bob Welch,3 Hearts,,0,1,0,,not_enriched,unreviewed
2532,S0d682ae582,Bad Company,She Brings Me Love,,0,1,0,,not_enriched,unreviewed
2533,S0d8873d04b,Queensrÿche,Jet City Woman,,0,1,0,,not_enriched,unreviewed
2534,S0d8a9bf9dd,Duran Duran,To Whom It May Concern,,0,1,0,,not_enriched,unreviewed
2535,S0d8f1dd27e,Stevie Ray Vaughan and Double Trouble,Stang’s Swang,,0,1,0,,not_enriched,unreviewed
2536,S0d8f1f89f7,Spin Doctors,Little Miss Can’t Be Wrong,,0,1,0,,not_enriched,unreviewed
2537,S0da0c5c3f4,Steely Dan,Aja,,0,1,0,,not_enriched,unreviewed
2538,S0db8778c5d,Porno for Pyros,Porno for Pyros,,0,1,0,,not_enriched,unreviewed
2539,S0dc77077cf,Paul Simon,50 Ways to Leave Your Lover,,0,1,0,,not_enriched,unreviewed
2540,S0de6359a90,Simple Minds,Oh Jungleland,,0,1,0,,not_enriched,unreviewed
2541,S0deb61391e,Tears for Fears,Everybody Wants to Rule the World,,0,1,0,,not_enriched,unreviewed
2542,S0df1b6ee9f,The Breeders,No Aloha,,0,1,0,,not_enriched,unreviewed
2543,S0df63c6d8b,Fastball,Nowhere Road,,0,1,0,,not_enriched,unreviewed
2544,S0dfde8b48f,Queen,Ride the Wild Wind,,0,1,0,,not_enriched,unreviewed
2545,S0dfeade3ed,Eurythmics,Here Comes the Rain Again,,0,1,0,,not_enriched,unreviewed
2546,S0e02d6cdf0,Sponge,Fields,,0,1,0,,not_enriched,unreviewed
2547,S0e0bd65fe1,Robert Plant,Anniversary,,0,1,0,,not_enriched,unreviewed
2548,S0e11dcba6b,Alannah Myles,Still Got This Thing,,0,1,0,,not_enriched,unreviewed
2549,S0e1789e838,Bryan Adams,Take Me Back,,0,1,0,,not_enriched,unreviewed
2550,S0e192e2889,Nazareth,Miss Misery,,0,1,0,,not_enriched,unreviewed
2551,S0e19f71039,.38 Special,Honky Tonk Dancer,,0,1,0,,not_enriched,unreviewed
2552,S0e1ea07291,Def Leppard,Die Hard the Hunter,,0,1,0,,not_enriched,unreviewed
2553,S0e26975799,AC/DC,Fire Your Guns,,0,1,0,,not_enriched,unreviewed
2554,S0e28e38a66,Alice Cooper,Teenage Frankenstein,,0,1,0,,not_enriched,unreviewed
2555,S0e2ea18d73,Gary Wright,Heartbeat,,0,1,0,,not_enriched,unreviewed
2556,S0e30b509e6,Billy Joel,Close to the Borderline,,0,1,0,,not_enriched,unreviewed
2557,S0e332640b3,Taylor Dayne,I Know the Feeling,,0,1,0,,not_enriched,unreviewed
2558,S0e3ae4bfa9,Kenny Rogers & The First Edition,Hurry Up Love,,0,1,0,,not_enriched,unreviewed
2559,S0e3b4b243a,Grand Funk Railroad,Stop Lookin’ Back,,0,1,0,,not_enriched,unreviewed
2560,S0e3c1d2030,Phil Collins,Don’t Lose My Number,,0,1,0,,not_enriched,unreviewed
2561,S0e3d268474,The Cranberries,Zombie,,0,1,0,,not_enriched,unreviewed
2562,S0e57cc2908,Bread,Dream Lady,,0,1,0,,not_enriched,unreviewed
2563,S0e69bb5b85,Elton John,Passengers,,0,1,0,,not_enriched,unreviewed
2564,S0e714f7449,Annie Lennox,Take Me to the River,,0,1,0,,not_enriched,unreviewed
2565,S0e7e35c8f9,Warren Zevon,Boom Boom Mancini,,0,1,0,,not_enriched,unreviewed
2566,S0e7f603610,Garth Brooks,The Cowboy Song,,0,1,0,,not_enriched,unreviewed
2567,S0e87bdfee9,Modern English,Someone's Calling,,0,1,0,,not_enriched,unreviewed
2568,S0e8fdcdee6,Blondie,Dreaming,,0,1,0,,not_enriched,unreviewed
2569,S0e9c9b9906,Chicago,Along Comes a Woman,,0,1,0,,not_enriched,unreviewed
2570,S0ea8d5100f,Jefferson Starship,Fading Lady Light,,0,1,0,,not_enriched,unreviewed
2571,S0eaa95c2c6,Joe Walsh,Made Your Mind Up,,0,1,0,,not_enriched,unreviewed
2572,S0eb1fa96e5,John Waite,She’s the One,,0,1,0,,not_enriched,unreviewed
2573,S0eb833eae3,Quiet Riot,Thunderbird,,0,1,0,,not_enriched,unreviewed
2574,S0eca0f4c7e,Enya,On My Way Home,,0,1,0,,not_enriched,unreviewed
2575,S0ed50af844,Hall & Oates,Kiss on My List,,0,1,0,,not_enriched,unreviewed
2576,S0ed8e2854d,The Rolling Stones,Back to Zero,,0,1,0,,not_enriched,unreviewed
2577,S0edb2e9d59,Joan Jett & the Blackhearts,Crimson and Clover,,0,1,0,,not_enriched,unreviewed
2578,S0edf51e2a8,Quarterflash,Take Another Picture,,0,1,0,,not_enriched,unreviewed
2579,S0eefa3faa4,Ian Matthews,Yank & Mary / Smile,,0,1,0,,not_enriched,unreviewed
2580,S0ef02be8c5,Nelson,More Than Ever,,0,1,0,,not_enriched,unreviewed
2581,S0ef5ffc7c1,Sponge,Giants,,0,1,0,,not_enriched,unreviewed
2582,S0ef8291dcd,Sinéad O’Connor,You Cause as Much Sorrow,,0,1,0,,not_enriched,unreviewed
2583,S0f06ab8551,Marcy Playground,One More Suicide,,0,1,0,,not_enriched,unreviewed
2584,S0f10ffb3b3,Atlanta Rhythm Section,The Ballad Of Lois Malone,,0,1,0,,not_enriched,unreviewed
2585,S0f114be7bc,Cracker,Hi‐Desert Biker Meth Lab,,0,1,0,,not_enriched,unreviewed
2586,S0f19f83e3f,Toad the Wet Sprocket,Something to Say,,0,1,0,,not_enriched,unreviewed
2587,S0f1fbcf148,Tarney–Spencer Band,Live Again,,0,1,0,,not_enriched,unreviewed
2588,S0f44f04fa1,John Cougar,To M.G. (Wherever She May Be),,0,1,0,,not_enriched,unreviewed
2589,S0f4ca09c77,Elton John,Roy Rogers,,0,1,0,,not_enriched,unreviewed
2590,S0f64c25d89,Tom Petty,Wildflowers,,0,1,0,,not_enriched,unreviewed
2591,S0f7bd42752,Chris Isaak,Two Hearts,,0,1,0,,not_enriched,unreviewed
2592,S0f898a5c8c,Tom Cochrane & Red Rider,Boy Inside the Man,,0,1,0,,not_enriched,unreviewed
2593,S0f8d9ba71a,Planet P Project,Only You and Me,,0,1,0,,not_enriched,unreviewed
2594,S0f94f819b1,Electric Light Orchestra,Prologue,,0,1,0,,not_enriched,unreviewed
2595,S0f9b1a1d2d,The Rolling Stones,Hold Back,,0,1,0,,not_enriched,unreviewed
2596,S0f9c9f8c59,Steely Dan,Green Earrings,,0,1,0,,not_enriched,unreviewed
2597,S0fa7502cc1,ZZ Top,Have You Heard?,,0,1,0,,not_enriched,unreviewed
2598,S0fad6a5d7c,Gin Blossoms,Hold Me Down,,0,1,0,,not_enriched,unreviewed
2599,S0fb2f86910,Ted Nugent,I Love You So I Told You a Lie,,0,1,0,,not_enriched,unreviewed
2600,S0fb53083d1,Eric Clapton,Tell Me That You Love Me,,0,1,0,,not_enriched,unreviewed
2601,S0fb61f581d,Billy Squier,Don't Say No,,0,1,0,,not_enriched,unreviewed
2602,S0fbda51fc1,John Cougar,A Little Night Dancin',,0,1,0,,not_enriched,unreviewed
2603,S0fc60da2d7,Roger McGuinn,The Trees Are All Gone,,0,1,0,,not_enriched,unreviewed
2604,S0fc868e4bb,Van Halen,Little Guitars,,0,1,0,,not_enriched,unreviewed
2605,S0fd17c1198,John Stewart,Comin' Out of Nowhere,,0,1,0,,not_enriched,unreviewed
2606,S0fd23f925a,Sweet,Fox on the Run,,0,1,0,,not_enriched,unreviewed
2607,S0fd3a8ea15,John Cougar Mellencamp,Jackie O,,0,1,0,,not_enriched,unreviewed
2608,S0fdf3b2951,Fleetwood Mac,Bleed to Love Her,,0,1,0,,not_enriched,unreviewed
2609,S0fe69a23f1,RTZ,Every Door Is Open,,0,1,0,,not_enriched,unreviewed
2610,S0fe75ef10a,Tom Petty & the Heartbreakers,How Many More Days,,0,1,0,,not_enriched,unreviewed
2611,S0feacec8ae,Rossington Collins Band,One Good Man,,0,1,0,,not_enriched,unreviewed
2612,S0ffda58c3c,Steely Dan,Through With Buzz,,0,1,0,,not_enriched,unreviewed
2613,S10125d65cd,ZZ Top,Ko Ko Blue,,0,1,0,,not_enriched,unreviewed
2614,S10150344dc,Deep Purple,Lazy,,0,1,0,,not_enriched,unreviewed
2615,S10210faa1e,John Mellencamp,The Big Jack,,0,1,0,,not_enriched,unreviewed
2616,S1022e752b5,Billy Joel,The Great Wall of China,,0,1,0,,not_enriched,unreviewed
2617,S1026b7a277,Honeymoon Suite,Turn My Head,,0,1,0,,not_enriched,unreviewed
2618,S102d9e7a58,The Rolling Stones,Before They Make Me Run,,0,1,0,,not_enriched,unreviewed
2619,S10317ffe52,Pretenders,I Remember You,,0,1,0,,not_enriched,unreviewed
2620,S10432b35d4,Golden Earring,Candy’s Going Bad,,0,1,0,,not_enriched,unreviewed
2621,S1047637a4c,George Michael,Father Figure,,0,1,0,,not_enriched,unreviewed
2622,S105391f663,Jeff Beck,Get Workin',,0,1,0,,not_enriched,unreviewed
2623,S1055fee9dc,Nick Gilder,Frustration,,0,1,0,,not_enriched,unreviewed
2624,S105834d9af,Anderson Bruford Wakeman Howe,Close to the Edge,,0,1,0,,not_enriched,unreviewed
2625,S107195f3c9,Bad Company,Deal With the Preacher,,0,1,0,,not_enriched,unreviewed
2626,S10720251c8,The Robert Cray Band,Fantasized,,0,1,0,,not_enriched,unreviewed
2627,S1072d55371,Bad Company,The Way That It Goes,,0,1,0,,not_enriched,unreviewed
2628,S107cdb5bb5,Stevie Ray Vaughan & Double Trouble,The Sky Is Crying,,0,1,0,,not_enriched,unreviewed
2629,S107d4745bf,Steve Miller Band,Little Girl,,0,1,0,,not_enriched,unreviewed
2630,S108b5e0899,Joe Walsh,Down on the Farm,,0,1,0,,not_enriched,unreviewed
2631,S109326e2a3,Peaks,Endgame,,0,1,0,,not_enriched,unreviewed
2632,S10a08e5ecf,T. Rex,The Motivator,,0,1,0,,not_enriched,unreviewed
2633,S10a5dbd299,"Phantom, Rocker and Slick",Well Kept Secret,,0,1,0,,not_enriched,unreviewed
2634,S10a830a35f,Britny Fox,She's So Lonely,,0,1,0,,not_enriched,unreviewed
2635,S10a86e71bd,The Allman Brothers Band,It Ain’t Over Yet,,0,1,0,,not_enriched,unreviewed
2636,S10a9465046,Mr. Mister,Kyrie,,0,1,0,,not_enriched,unreviewed
2637,S10bed572fd,Adam Ant,U.S.S.A.,,0,1,0,,not_enriched,unreviewed
2638,S10bf70beaa,Three Dog Night,Change Is Gonna Come,,0,1,0,,not_enriched,unreviewed
2639,S10c19aef11,Nirvana,Drain You,,0,1,0,,not_enriched,unreviewed
2640,S10cc49c6d1,Men at Work,Down by the Sea,,0,1,0,,not_enriched,unreviewed
2641,S10cca398b8,The Georgia Satellites,Baby So Fine,,0,1,0,,not_enriched,unreviewed
2642,S10d8c3c043,Garth Brooks,Alabama Clay,,0,1,0,,not_enriched,unreviewed
2643,S10d9d1aea8,Tarney–Spencer Band,Won'Tcha Tell Me,,0,1,0,,not_enriched,unreviewed
2644,S10dbc4a4f6,Bonnie Raitt,Slow Ride,,0,1,0,,not_enriched,unreviewed
2645,S10e61c9a93,ZZ Top,Beer Drinkers & Hell Raisers,,0,1,0,,not_enriched,unreviewed
2646,S10ea2df902,Genesis,Dodo,,0,1,0,,not_enriched,unreviewed
2647,S10ed50fb14,Cat Stevens,Hard Headed Woman,,0,1,0,,not_enriched,unreviewed
2648,S111803676d,Romeo Void,Going to Neon,,0,1,0,,not_enriched,unreviewed
2649,S111c408dff,Daryl Hall & John Oates,Some Things Are Better Left Unsaid,,0,1,0,,not_enriched,unreviewed
2650,S111ffe5051,Bram Tchaikovsky,New York Paranoia,,0,1,0,,not_enriched,unreviewed
2651,S1129ec2b26,Steel Breeze,I Think About You,,0,1,0,,not_enriched,unreviewed
2652,S112d49eca5,Dan Fogelberg,Face the Fire,,0,1,0,,not_enriched,unreviewed
2653,S112de8c061,38 Special,Back on the Track,,0,1,0,,not_enriched,unreviewed
2654,S11396ca7fb,Bob Seger & the Silver Bullet Band,The Little Drummer Boy,,0,1,0,,not_enriched,unreviewed
2655,S1155e919ef,Badfinger,Beautiful and Blue,,0,1,0,,not_enriched,unreviewed
2656,S11650b2302,Don Henley,The Boys of Summer,,0,1,0,,not_enriched,unreviewed
2657,S116b1baeb3,Stevie Nicks,I Will Run to You,,0,1,0,,not_enriched,unreviewed
2658,S116bf6e125,Warrant,Bed of Roses,,0,1,0,,not_enriched,unreviewed
2659,S11754294cc,George Carlin,Drugs,,0,1,0,,not_enriched,unreviewed
2660,S119dc5d2eb,Ringo Starr,(It’s All Da‐Da‐Down to) Goodnight Vienna,,0,1,0,,not_enriched,unreviewed
2661,S11a0f11f61,Grateful Dead,Friend of the Devil,,0,1,0,,not_enriched,unreviewed
2662,S11a81a2d21,Rossington Collins Band,Means Nothing to You,,0,1,0,,not_enriched,unreviewed
2663,S11b02c2df1,Heart,Raised on You,,0,1,0,,not_enriched,unreviewed
2664,S11be47967c,Thurl Ravenscroft,You’re a Mean One Mr. Grinch,,0,1,0,,not_enriched,unreviewed
2665,S11c5837176,Peter Frampton,Won’t You Be My Friend,,0,1,0,,not_enriched,unreviewed
2666,S11c6e07395,Eric Clapton,Watch Out for Lucy,,0,1,0,,not_enriched,unreviewed
2667,S11c7823d0d,38 Special,If I’d Been the One,,0,1,0,,not_enriched,unreviewed
2668,S11c9c2f48c,Dire Straits,Fade to Black,,0,1,0,,not_enriched,unreviewed
2669,S11d65330f0,Paul McCartney,Somebody Who Cares,,0,1,0,,not_enriched,unreviewed
2670,S11eb780382,Modern English,After the Snow,,0,1,0,,not_enriched,unreviewed
2671,S11f1d2eb1f,Bread,Lost Without Your Love,,0,1,0,,not_enriched,unreviewed
2672,S11fabffd70,Loggins & Messina,It’s Alright,,0,1,0,,not_enriched,unreviewed
2673,S1205f23ab2,Edie Brickell & New Bohemians,Circle,,0,1,0,,not_enriched,unreviewed
2674,S1206150201,The Monkees,Pleasent Valley Sunday,,0,1,0,,not_enriched,unreviewed
2675,S1214196db2,The Motels,Take the L,,0,1,0,,not_enriched,unreviewed
2676,S121533ef17,Bob Seger & the Silver Bullet Band,Feel Like a Number,,0,1,0,,not_enriched,unreviewed
2677,S121bde7cce,Slade,In the Doghouse,,0,1,0,,not_enriched,unreviewed
2678,S122356ca4c,Aldo Nova,Foolin' Yourself,,0,1,0,,not_enriched,unreviewed
2679,S1226de870e,Dire Straits,The Bug,,0,1,0,,not_enriched,unreviewed
2680,S122da5079c,Stone Temple Pilots,Lady Picture Show,,0,1,0,,not_enriched,unreviewed
2681,S122e9f9cb9,Elton John,Whipping Boy,,0,1,0,,not_enriched,unreviewed
2682,S12373a3353,The Babys,Downtown,,0,1,0,,not_enriched,unreviewed
2683,S124c1b5559,The Knack,Your Number or Your Name,,0,1,0,,not_enriched,unreviewed
2684,S124fd7b056,Spin Doctors,Refrigerator Car,,0,1,0,,not_enriched,unreviewed
2685,S1251e4140c,George Thorogood & the Destroyers,I’m Just Your Good Thing,,0,1,0,,not_enriched,unreviewed
2686,S1258ade03b,En Vogue,It Ain’t Over Till the Fat Lady Sings,,0,1,0,,not_enriched,unreviewed
2687,S1264622bc3,Chris Rea,Tell Me There’s a Heaven,,0,1,0,,not_enriched,unreviewed
2688,S1265b4670d,Garth Brooks,Nobody Gets Off in This Town,,0,1,0,,not_enriched,unreviewed
2689,S12714831fa,ZZ Top,Whiskey’n Mama,,0,1,0,,not_enriched,unreviewed
2690,S127d8ab0aa,Elvis Presley,I Believe,,0,1,0,,not_enriched,unreviewed
2691,S127f280bef,Eagles,Lyin’ Eyes,,0,1,0,,not_enriched,unreviewed
2692,S1280728e73,"Crosby, Stills, Nash & Young",Dream for Him,,0,1,0,,not_enriched,unreviewed
2693,S128e3d512d,Jim Croce,I’ll Have to Say I Love You in a Song,,0,1,0,,not_enriched,unreviewed
2694,S128f815d4f,Tom Cochrane & Red Rider,Victory Day,,0,1,0,,not_enriched,unreviewed
2695,S1292cc77eb,Traveling Wilburys,She's My Baby,,0,1,0,,not_enriched,unreviewed
2696,S12962e4639,Johnny Mathis,It’s Christmas Time Again,,0,1,0,,not_enriched,unreviewed
2697,S12a0ef1c91,Tom Petty & the Heartbreakers,The Damage You’ve Done,,0,1,0,,not_enriched,unreviewed
2698,S12acbdcc4d,Blondie,Sunday Girl,,0,1,0,,not_enriched,unreviewed
2699,S12b3a6b374,REO Speedwagon,Say You Love Me or Say Goodnight,,0,1,0,,not_enriched,unreviewed
2700,S12b3e3fc55,The Del Fuegos,Don't Run Wild,,0,1,0,,not_enriched,unreviewed
2701,S12c5ce275b,Billy Squier,Come Home,,0,1,0,,not_enriched,unreviewed
2702,S12d43e4f3a,The Motels,Forever Mine,,0,1,0,,not_enriched,unreviewed
2703,S12db909272,Elvis Presley,Blue Christmas,,0,1,0,,not_enriched,unreviewed
2704,S12dc73b1d9,Queen,These Are the Days of Our Lives,,0,1,0,,not_enriched,unreviewed
2705,S12eb7b5f5a,The Alan Parsons Project,Voyager,,0,1,0,,not_enriched,unreviewed
2706,S12f626d195,The Doobie Brothers,Wrong Number,,0,1,0,,not_enriched,unreviewed
2707,S12fa7fba84,The Fixx,One Thing Leads to Another,,0,1,0,,not_enriched,unreviewed
2708,S12fae7702a,Burton Cummings,I'm Scared,,0,1,0,,not_enriched,unreviewed
2709,S12fd82b2f9,Starship,Hearts of the World (Will Understand),,0,1,0,,not_enriched,unreviewed
2710,S12feb12d97,Elton John,Jamaica Jerk Off,,0,1,0,,not_enriched,unreviewed
2711,S1304c0b0f5,Bruce Hornsby and the Range,The Long Race,,0,1,0,,not_enriched,unreviewed
2712,S13050ac9f8,The Beatles,I’ll Cry Instead,,0,1,0,,not_enriched,unreviewed
2713,S131f479f0d,Planet P Project,Power Tools,,0,1,0,,not_enriched,unreviewed
2714,S1321382df0,Buckingham Nicks,Cathouse Blues,,0,1,0,,not_enriched,unreviewed
2715,S132328b740,Warren Zevon,Accidentally Like a Martyr,,0,1,0,,not_enriched,unreviewed
2716,S13236b1dae,Joe Walsh,School Days,,0,1,0,,not_enriched,unreviewed
2717,S1325169be7,Van Stephenson,I Know Who You Are (And I Saw What You Did),,0,1,0,,not_enriched,unreviewed
2718,S13258f4176,Steve Winwood,Spanish Dancer,,0,1,0,,not_enriched,unreviewed
2719,S132baa3a0c,Baltimora,Chinese Resturant,,0,1,0,,not_enriched,unreviewed
2720,S132eda85dc,John Cougar,Miami,,0,1,0,,not_enriched,unreviewed
2721,S132fcf7459,Dan Fogelberg,Nexus,,0,1,0,,not_enriched,unreviewed
2722,S133405fd7d,The Beat Farmers,Dark Light,,0,1,0,,not_enriched,unreviewed
2723,S133c25d464,Planet P Project,"A Boy Who Can't Talk, Part 2",,0,1,0,,not_enriched,unreviewed
2724,S133f9286e5,Paul McCartney & Wings,"Newt Rack (instrumental, Monitor mix)",,0,1,0,,not_enriched,unreviewed
2725,S1340255028,Fleetwood Mac,Can’t Go Back,,0,1,0,,not_enriched,unreviewed
2726,S1343dcdf6f,INXS,What You Need,,0,1,0,,not_enriched,unreviewed
2727,S136a54622b,Pink Floyd,The Dogs of War,,0,1,0,,not_enriched,unreviewed
2728,S13705da886,Lindsey Buckingham,Bang the Drum,,0,1,0,,not_enriched,unreviewed
2729,S1377dd7d9c,Night Ranger,Sing Me Away,,0,1,0,,not_enriched,unreviewed
2730,S137d6e9fe4,Rita Coolidge,Southern Lady,,0,1,0,,not_enriched,unreviewed
2731,S138370476f,Head East,Gettin' Lucky,,0,1,0,,not_enriched,unreviewed
2732,S138395ec40,Walter Egan,Finally Find a Girlfriend,,0,1,0,,not_enriched,unreviewed
2733,S13864d26e4,Elton John,Slave,,0,1,0,,not_enriched,unreviewed
2734,S1391ecd6d7,Roger Waters,5:06 AM (Every Stranger's Eyes),,0,1,0,,not_enriched,unreviewed
2735,S13972e6209,Quiet Riot,Breathless,,0,1,0,,not_enriched,unreviewed
2736,S13a70912e5,Stevie Nicks,Angel,,0,1,0,,not_enriched,unreviewed
2737,S13aa41a286,The Del Fuegos,Sound of our Town,,0,1,0,,not_enriched,unreviewed
2738,S13b4001032,Madonna,Inside of Me,,0,1,0,,not_enriched,unreviewed
2739,S13c75bb005,Novo Combo,We Need Love,,0,1,0,,not_enriched,unreviewed
2740,S13ce5338f0,Don Henley,New York Minute,,0,1,0,,not_enriched,unreviewed
2741,S13d5b47747,Billy Idol,All Summer Single,,0,1,0,,not_enriched,unreviewed
2742,S13d9129f3b,Jude Cole,This Time It’s Us,,0,1,0,,not_enriched,unreviewed
2743,S13e7b88ed4,John Tesh,The Homecoming,,0,1,0,,not_enriched,unreviewed
2744,S13e8329e7d,Rick Derringer,Hold,,0,1,0,,not_enriched,unreviewed
2745,S13f1a25819,REO Speedwagon,Half Way,,0,1,0,,not_enriched,unreviewed
2746,S13fb0ea067,Beck,Blackhole,,0,1,0,,not_enriched,unreviewed
2747,S13ff0b2b85,Elton John,Reverie,,0,1,0,,not_enriched,unreviewed
2748,S14014e109e,Loverboy,It's Your Life,,0,1,0,,not_enriched,unreviewed
2749,S14028b6401,The Rolling Stones,Fingerprint File,,0,1,0,,not_enriched,unreviewed
2750,S1407c95e97,Stone Temple Pilots,Lounge Fly,,0,1,0,,not_enriched,unreviewed
2751,S14111843e2,Collective Soul,In Between,,0,1,0,,not_enriched,unreviewed
2752,S141846e4d2,Greg Kihn Band,Testify,,0,1,0,,not_enriched,unreviewed
2753,S142f66db0e,Pat Benatar,Tell It to Her,,0,1,0,,not_enriched,unreviewed
2754,S1430c51d40,Foreigner,I’ll Get Even With You,,0,1,0,,not_enriched,unreviewed
2755,S1431f7be97,Janet Jackson,You Can Be Mine,,0,1,0,,not_enriched,unreviewed
2756,S144858b6ea,Daryl Hall + John Oates,Art of Heartbreak,,0,1,0,,not_enriched,unreviewed
2757,S144f93ea9b,Rod Stewart,Country Comforts,,0,1,0,,not_enriched,unreviewed
2758,S145392ef1a,Matchbox 20,Girl Like That,,0,1,0,,not_enriched,unreviewed
2759,S14586819dc,Roxy Music,More Than This,,0,1,0,,not_enriched,unreviewed
2760,S146781280a,The Black Crowes,Thick n' Thin,,0,1,0,,not_enriched,unreviewed
2761,S1470bc893a,Loverboy,Lady of the 80s,,0,1,0,,not_enriched,unreviewed
2762,S147b57e6f5,Def Leppard,Comin’ Under Fire,,0,1,0,,not_enriched,unreviewed
2763,S14865562c7,Kim Mitchell,Easy to Tame,,0,1,0,,not_enriched,unreviewed
2764,S148be393f2,Collective Soul,Smashing Young Man,,0,1,0,,not_enriched,unreviewed
2765,S148cbbda02,Don McLean,American Pie,,0,1,0,,not_enriched,unreviewed
2766,S149218715b,Eagles,The Disco Strangler,,0,1,0,,not_enriched,unreviewed
2767,S14973ce363,The Rolling Stones,Angie,,0,1,0,,not_enriched,unreviewed
2768,S149916c415,The Doors,You’re Lost Little Girl,,0,1,0,,not_enriched,unreviewed
2769,S14a29e03e5,Huey Lewis & the News,Simple as That,,0,1,0,,not_enriched,unreviewed
2770,S14a95e47b0,Foreigner,Hot Blooded,,0,1,0,,not_enriched,unreviewed
2771,S14a9c53a3d,Rossington Collins Band,Gonna Miss It When It's Gone,,0,1,0,,not_enriched,unreviewed
2772,S14aad13a80,Pat Benatar,"Invincible (Theme From ""The Legend of Billie Jean"")",,0,1,0,,not_enriched,unreviewed
2773,S14ae92294b,Dan Fogelberg,Leader of the Band,,0,1,0,,not_enriched,unreviewed
2774,S14c5600f56,George Michael,Waiting (reprise),,0,1,0,,not_enriched,unreviewed
2775,S14c84e57c7,Alannah Myles,Hurry Make Love,,0,1,0,,not_enriched,unreviewed
2776,S14d2b495de,Poison,Let It Play,,0,1,0,,not_enriched,unreviewed
2777,S14d6377fbc,The Alan Parsons Project,The Eagle Will Rise Again,,0,1,0,,not_enriched,unreviewed
2778,S14d8f98000,Bad Company,Walk Through Fire,,0,1,0,,not_enriched,unreviewed
2779,S14dca741f4,The Firm,Radioactive,,0,1,0,,not_enriched,unreviewed
2780,S14e65df4ac,Foreigner,Tooth and Nail,,0,1,0,,not_enriched,unreviewed
2781,S150377ab5f,Gary,Anything He Can Do,,0,1,0,,not_enriched,unreviewed
2782,S1503ef4a36,Thin Lizzy,Romeo and the Lonely Girl,,0,1,0,,not_enriched,unreviewed
2783,S150584409d,The Clocks,They Both Wear Black,,0,1,0,,not_enriched,unreviewed
2784,S15083ce03f,Eric Clapton,She’s Waiting,,0,1,0,,not_enriched,unreviewed
2785,S1517e8cafc,Loverboy,Jump,,0,1,0,,not_enriched,unreviewed
2786,S151df9b810,Journey,Edge of the Blade,,0,1,0,,not_enriched,unreviewed
2787,S152740f996,Toto,Lovers in the Night,,0,1,0,,not_enriched,unreviewed
2788,S1528756607,The Beat Farmers,Elephant Day Parade,,0,1,0,,not_enriched,unreviewed
2789,S152bafc41a,Stabilizers,Now I Hear You,,0,1,0,,not_enriched,unreviewed
2790,S152f4f1066,Eric Clapton,It’s in the Way That You Use It,,0,1,0,,not_enriched,unreviewed
2791,S1530cc70d6,Gin Blossoms,Cajun Song,,0,1,0,,not_enriched,unreviewed
2792,S155492ce95,Vernell Brown Jr.,Hanging Loose,,0,1,0,,not_enriched,unreviewed
2793,S155ee8ec84,Modern English,Carry Me Down,,0,1,0,,not_enriched,unreviewed
2794,S1561f750c8,AC/DC,You Shook Me All Night Long,,0,1,0,,not_enriched,unreviewed
2795,S1566529015,Prince,Around the World in a Day,,0,1,0,,not_enriched,unreviewed
2796,S15674de61a,Billy Squier,Nobody Knows,,0,1,0,,not_enriched,unreviewed
2797,S156c4b0e74,Danny Wilde,Angel (This Must Be Heaven),,0,1,0,,not_enriched,unreviewed
2798,S1577452565,Peter Gabriel,Only Us,,0,1,0,,not_enriched,unreviewed
2799,S1578bcf053,Duffy Bishop & The Rhythm Dogs,Went and Did It Again,,0,1,0,,not_enriched,unreviewed
2800,S157a7eb812,Foreigner,Waiting for a Girl Like You,,0,1,0,,not_enriched,unreviewed
2801,S15809f5237,Icehouse,Paradise Lost (instrumental),,0,1,0,,not_enriched,unreviewed
2802,S15907792b8,Melissa Etheridge,Yes I Am,,0,1,0,,not_enriched,unreviewed
2803,S159fd9616d,Del Amitri,To Last a Lifetime,,0,1,0,,not_enriched,unreviewed
2804,S15a6d21e6d,Pretenders,The Adultress,,0,1,0,,not_enriched,unreviewed
2805,S15a87759d9,Giant,It Takes Two,,0,1,0,,not_enriched,unreviewed
2806,S15ad920e18,Glenn Frey,Lover’s Moon,,0,1,0,,not_enriched,unreviewed
2807,S15b073805d,Collective Soul,Untitled,,0,1,0,,not_enriched,unreviewed
2808,S15b2499b89,Stevie Nicks,Enchanted,,0,1,0,,not_enriched,unreviewed
2809,S15b8ad079f,INXS,Shine Like It Does,,0,1,0,,not_enriched,unreviewed
2810,S15bc1771a2,Joe Jackson,Chinatown,,0,1,0,,not_enriched,unreviewed
2811,S15c39f2802,Corey Hart,It Ain’t Enough,,0,1,0,,not_enriched,unreviewed
2812,S15ce9197c0,Jackson Browne,The Road,,0,1,0,,not_enriched,unreviewed
2813,S15d6acdba6,Bachman–Turner Overdrive,I Don't Have To Hide,,0,1,0,,not_enriched,unreviewed
2814,S15d9f11a16,The Rembrandts,New King,,0,1,0,,not_enriched,unreviewed
2815,S15de6014c5,Melissa Etheridge,Ruins,,0,1,0,,not_enriched,unreviewed
2816,S15e4fb27e0,Todd Rundgren,Something to Fall Back On (re‐recorded),,0,1,0,,not_enriched,unreviewed
2817,S15e68aec55,Go‐Go’s,Tonite,,0,1,0,,not_enriched,unreviewed
2818,S15ebc19cdd,Alice Cooper,Life and Death of the Party,,0,1,0,,not_enriched,unreviewed
2819,S15f1d0ab1d,Del Amitri,When You Were Young,,0,1,0,,not_enriched,unreviewed
2820,S15f43aa526,The Rolling Stones,Sleep Tonight,,0,1,0,,not_enriched,unreviewed
2821,S1610377524,Chicago,Another Rainy Day in New York City,,0,1,0,,not_enriched,unreviewed
2822,S16137e9092,John Waite,Don’t Lose Any Sleep,,0,1,0,,not_enriched,unreviewed
2823,S162647f313,Steve Winwood,Back in the High Life Again,,0,1,0,,not_enriched,unreviewed
2824,S1627d427f3,En Vogue,Yesterday,,0,1,0,,not_enriched,unreviewed
2825,S162e4326fe,Freedom And Whiskey,Little Did We Know,,0,1,0,,not_enriched,unreviewed
2826,S162ff70093,Pearl Jam,Not for You,,0,1,0,,not_enriched,unreviewed
2827,S1631fe4065,Toto,I’ll Supply the Love,,0,1,0,,not_enriched,unreviewed
2828,S1636d7768d,Ugly Kid Joe,Goddamn Devil,,0,1,0,,not_enriched,unreviewed
2829,S163bd089d6,Paula Cole,Throwing Stones,,0,1,0,,not_enriched,unreviewed
2830,S164325bcca,Gin Blossoms,Pieces of the Night,,0,1,0,,not_enriched,unreviewed
2831,S164bdd3bd3,Loggins & Messina,Peacemaker,,0,1,0,,not_enriched,unreviewed
2832,S164d23d164,Crosby & Nash,Mamma Lion,,0,1,0,,not_enriched,unreviewed
2833,S165175a83b,Pretenders,My Baby,,0,1,0,,not_enriched,unreviewed
2834,S165463505a,Fleetwood Mac,The Farmer’s Daughter,,0,1,0,,not_enriched,unreviewed
2835,S1654f51e56,England Dan & John Ford Coley,Nights Are Forever Without You,,0,1,0,,not_enriched,unreviewed
2836,S1669ca9d78,The Beach Boys,The Nearest Faraway Place,,0,1,0,,not_enriched,unreviewed
2837,S166a07bbe1,The Moody Blues,Gemini Dream,,0,1,0,,not_enriched,unreviewed
2838,S166a1d6b64,Nils Lofgren,No Mercy,,0,1,0,,not_enriched,unreviewed
2839,S1672596430,Jude Cole,House Full of Reasons,,0,1,0,,not_enriched,unreviewed
2840,S16949210c3,Robert Plant,Heaven Knows,,0,1,0,,not_enriched,unreviewed
2841,S16aca3ee23,The Pretenders,Thin Line Between Love and Hate,,0,1,0,,not_enriched,unreviewed
2842,S16b8ffdf62,Tarney–Spencer Band,A Heart Will Break Tonight,,0,1,0,,not_enriched,unreviewed
2843,S16bef5412c,Gary Wright,Got the Feelin',,0,1,0,,not_enriched,unreviewed
2844,S16c598b1f0,"Phantom, Rocker and Slick",Sing for Your Supper,,0,1,0,,not_enriched,unreviewed
2845,S16c74786b7,Kansas,Incomudro - Hymn to the Atman,,0,1,0,,not_enriched,unreviewed
2846,S16c8733607,The Alan Parsons Project,Prime Time,,0,1,0,,not_enriched,unreviewed
2847,S16d4924f48,The Edgar Winter Group,Alta Mira,,0,1,0,,not_enriched,unreviewed
2848,S16d5ffc85f,Todd Rundgren,Compression (re‐recorded),,0,1,0,,not_enriched,unreviewed
2849,S16dd2defb5,Danny Wilde,Isn't It Enough,,0,1,0,,not_enriched,unreviewed
2850,S16e37b4ffe,Neil Young,Sail Away,,0,1,0,,not_enriched,unreviewed
2851,S16e8b0eb93,Planet P Project,"What I See, Part 2",,0,1,0,,not_enriched,unreviewed
2852,S16f0ab754a,Triumph,Hold On,,0,1,0,,not_enriched,unreviewed
2853,S16feeca55f,Nick Gilder,Here Comes the Night,,0,1,0,,not_enriched,unreviewed
2854,S170771606d,Golden Earring,Are You Receiving Me,,0,1,0,,not_enriched,unreviewed
2855,S170b0114c7,Firefall,Someday Soon,,0,1,0,,not_enriched,unreviewed
2856,S170ecc09a9,Steve Earle,You Belong to Me,,0,1,0,,not_enriched,unreviewed
2857,S171174413d,Alias,The Power,,0,1,0,,not_enriched,unreviewed
2858,S1716d6c8bb,ZZ Top,Sleeping Bag,,0,1,0,,not_enriched,unreviewed
2859,S171c0a6b9c,Steve Miller Band,Quicksilver Girl,,0,1,0,,not_enriched,unreviewed
2860,S1722bd4503,Mad Season,November Hotel,,0,1,0,,not_enriched,unreviewed
2861,S1722c90f9f,Led Zeppelin,In the Evening,,0,1,0,,not_enriched,unreviewed
2862,S17234ea66a,Jewel,Hands,,0,1,0,,not_enriched,unreviewed
2863,S1740f8db1c,Alannah Myles,Lover of Mine,,0,1,0,,not_enriched,unreviewed
2864,S1763a5fe6f,John Cafferty & the Beaver Brown Band,Where the Action Is,,0,1,0,,not_enriched,unreviewed
2865,S176db939f5,Bachman–Turner Overdrive,Four Wheel Drive,,0,1,0,,not_enriched,unreviewed
2866,S177268648e,Gilbert O’Sullivan,Intro,,0,1,0,,not_enriched,unreviewed
2867,S17743d0895,Duran Duran,Lonely in Your Nightmare,,0,1,0,,not_enriched,unreviewed
2868,S1778bd0844,George Thorogood & the Destroyers,Back to Wentzville,,0,1,0,,not_enriched,unreviewed
2869,S1779eb7af8,The Beach Boys,All Summer Long,,0,1,0,,not_enriched,unreviewed
2870,S17888c426f,"Blood, Sweat & Tears",You’ve Made Me So Very Happy,,0,1,0,,not_enriched,unreviewed
2871,S178a04b07e,Bachman–Turner Overdrive,She’s Keepin’ Time,,0,1,0,,not_enriched,unreviewed
2872,S178a792160,REO Speedwagon,You Won't See Me,,0,1,0,,not_enriched,unreviewed
2873,S178ffc1248,Dire Straits,On Every Street,,0,1,0,,not_enriched,unreviewed
2874,S179478e7b2,Steve Miller Band,Going to the Country,,0,1,0,,not_enriched,unreviewed
2875,S17958b56c9,Commodores,Oh No,,0,1,0,,not_enriched,unreviewed
2876,S17968f9f45,Brother Cane,20/20 Faith,,0,1,0,,not_enriched,unreviewed
2877,S179f5a4fa8,Trixter,Bad Girl,,0,1,0,,not_enriched,unreviewed
2878,S17a7abba5a,Iron Butterfly,Are You Happy,,0,1,0,,not_enriched,unreviewed
2879,S17b45ef917,Aerosmith,Come Together,,0,1,0,,not_enriched,unreviewed
2880,S17b753d373,Danny Wilde,Hold Out For Me,,0,1,0,,not_enriched,unreviewed
2881,S17c293f103,Go‐Go’s,Can’t Stop the World,,0,1,0,,not_enriched,unreviewed
2882,S17c8307c7f,John Cougar,Jack & Diane,,0,1,0,,not_enriched,unreviewed
2883,S17cfcca9d5,Spin Doctors,Two Princes,,0,1,0,,not_enriched,unreviewed
2884,S17d7b00264,Eddie Money,Million Dollar Girl,,0,1,0,,not_enriched,unreviewed
2885,S17d7f3a3c6,Collective Soul,Gel,,0,1,0,,not_enriched,unreviewed
2886,S17dee41f39,Shoes,Your Very Eyes,,0,1,0,,not_enriched,unreviewed
2887,S17e11abbb6,Blue Öyster Cult,Black Blade,,0,1,0,,not_enriched,unreviewed
2888,S17f1a99264,The 50 Guitars of Tommy Garrett,Oh Holy Night,,0,1,0,,not_enriched,unreviewed
2889,S17f6105897,Fastball,Sweetwater Texas,,0,1,0,,not_enriched,unreviewed
2890,S17f809a467,Shania Twain,God Bless the Child (single mix),,0,1,0,,not_enriched,unreviewed
2891,S1815c2e5ac,The Rolling Stones,Sway,,0,1,0,,not_enriched,unreviewed
2892,S1818d2c6d6,Tesla,Party’s Over,,0,1,0,,not_enriched,unreviewed
2893,S181b2a8fb7,Steve Miller Band,Goodbye Love,,0,1,0,,not_enriched,unreviewed
2894,S181b63de74,AC/DC,Shake a Leg,,0,1,0,,not_enriched,unreviewed
2895,S1826e985f5,Blue Öyster Cult,Lips in the Hills,,0,1,0,,not_enriched,unreviewed
2896,S1828e95946,Bruce Hornsby & the Range,Look Out Any Window,,0,1,0,,not_enriched,unreviewed
2897,S182ada7379,Talking Heads,I Want to Live,,0,1,0,,not_enriched,unreviewed
2898,S182e048f5b,Slaughter,Thinking of June,,0,1,0,,not_enriched,unreviewed
2899,S183f200d1e,Matchbox 20,Push,,0,1,0,,not_enriched,unreviewed
2900,S18474ff8bf,Blue Rose,Your Friendship Carries Me,,0,1,0,,not_enriched,unreviewed
2901,S1849f7c643,Stone Temple Pilots,Where the River Goes,,0,1,0,,not_enriched,unreviewed
2902,S184cad1f4b,John Tesh,"Silent Night, Holy Night",,0,1,0,,not_enriched,unreviewed
2903,S184d246168,Shania Twain,You’re Still the One,,0,1,0,,not_enriched,unreviewed
2904,S1874b7a0b9,Fleetwood Mac,Closing My Eyes,,0,1,0,,not_enriched,unreviewed
2905,S18791d1236,Gerry Rafferty,Right Down the Line,,0,1,0,,not_enriched,unreviewed
2906,S1893912e13,Lou Gramm,Ready or Not,,0,1,0,,not_enriched,unreviewed
2907,S1895be164d,The Fixx,Privilege,,0,1,0,,not_enriched,unreviewed
2908,S18aefee52a,Crosby & Nash,Frozen Smiles,,0,1,0,,not_enriched,unreviewed
2909,S18b1c61d81,The Breeders,Roi (reprise),,0,1,0,,not_enriched,unreviewed
2910,S18bb4616b1,Pearl Jam,In Hiding,,0,1,0,,not_enriched,unreviewed
2911,S18cdd5bf3a,Prince,America,,0,1,0,,not_enriched,unreviewed
2912,S18d1ff849c,"10,000 Maniacs",I’m Not the Man,,0,1,0,,not_enriched,unreviewed
2913,S18e5ff2a63,Peter Gabriel,Fourteen Black Paintings,,0,1,0,,not_enriched,unreviewed
2914,S18f7121d31,Eddie Money,Nobody,,0,1,0,,not_enriched,unreviewed
2915,S18f8bddf7e,Annie Lennox,Thin Line Between Love and Hate,,0,1,0,,not_enriched,unreviewed
2916,S18f938cca1,Baltimora,Running for Your Love,,0,1,0,,not_enriched,unreviewed
2917,S18fea342e2,Cracker,Lonesome Johnny Blues,,0,1,0,,not_enriched,unreviewed
2918,S19092dd687,Bing Crosby,Faith of Our Fathers,,0,1,0,,not_enriched,unreviewed
2919,S191125d486,Garth Brooks,We Bury the Hatchet,,0,1,0,,not_enriched,unreviewed
2920,S19184d6c67,Great White,A Short Overture,,0,1,0,,not_enriched,unreviewed
2921,S19227a0282,Toto,You Are the Flower,,0,1,0,,not_enriched,unreviewed
2922,S192c8476e9,The Cranberries,Everything I Said,,0,1,0,,not_enriched,unreviewed
2923,S193d871bcb,Billy Squier,Keep Me Satisfied,,0,1,0,,not_enriched,unreviewed
2924,S194b5ff47a,Genesis,Dreaming While You Sleep,,0,1,0,,not_enriched,unreviewed
2925,S194cab5f2f,Neil Young,This Note's for You,,0,1,0,,not_enriched,unreviewed
2926,S194e689b49,Journey,City of the Angels,,0,1,0,,not_enriched,unreviewed
2927,S1950a3cc5d,Split Enz,I Wouldn't Dream of It,,0,1,0,,not_enriched,unreviewed
2928,S195466da43,Alice in Chains,Would?,,0,1,0,,not_enriched,unreviewed
2929,S195f85d6e7,Little River Band,The Danger Sign,,0,1,0,,not_enriched,unreviewed
2930,S19627a25a6,Journey,Precious Time,,0,1,0,,not_enriched,unreviewed
2931,S196a0841fe,Chris Rea,Dancing With Charlie,,0,1,0,,not_enriched,unreviewed
2932,S196d8fddd6,Dread Zeppelin,Whole Lotta Love,,0,1,0,,not_enriched,unreviewed
2933,S1981e5bf2b,Journey,"Mother, Father",,0,1,0,,not_enriched,unreviewed
2934,S1984e16bc0,Van Stephenson,Heart Over Mind,,0,1,0,,not_enriched,unreviewed
2935,S198ee85577,Eagles,Learn to Be Still,,0,1,0,,not_enriched,unreviewed
2936,S19a9b1e67f,Icehouse,Street Café (single mix),,0,1,0,,not_enriched,unreviewed
2937,S19bc3a8c06,Joe Walsh,Tomorrow,,0,1,0,,not_enriched,unreviewed
2938,S19c58cc305,Sinéad O’Connor,The Emperor’s New Clothes,,0,1,0,,not_enriched,unreviewed
2939,S19d8c14ee4,REO Speedwagon,Rock ’n’ Roll Star,,0,1,0,,not_enriched,unreviewed
2940,S19db6682a6,Walter Egan,Just the Wanting,,0,1,0,,not_enriched,unreviewed
2941,S19e1a51a29,Helix,Dirty Dog,,0,1,0,,not_enriched,unreviewed
2942,S19e67f9cf9,Neil Young,"My My, Hey Hey (Out of the Blue)",,0,1,0,,not_enriched,unreviewed
2943,S19e84f357f,Free,Fire and Water,,0,1,0,,not_enriched,unreviewed
2944,S19f164845c,Van Halen,Love Walks In,,0,1,0,,not_enriched,unreviewed
2945,S19f4b869ec,Novo Combo,Light of the World,,0,1,0,,not_enriched,unreviewed
2946,S1a005f0a2d,Missing Persons,U.S. Drag,,0,1,0,,not_enriched,unreviewed
2947,S1a02f7c6bc,Sweet F.A.,Rhythm of Action,,0,1,0,,not_enriched,unreviewed
2948,S1a06336b83,Journey,Still They Ride,,0,1,0,,not_enriched,unreviewed
2949,S1a0e659109,Tom Petty and the Heartbreakers,Shout,,0,1,0,,not_enriched,unreviewed
2950,S1a11838eb9,Jude Cole,Compared to Nothing,,0,1,0,,not_enriched,unreviewed
2951,S1a3a523cb4,Bette Midler,The Rose,,0,1,0,,not_enriched,unreviewed
2952,S1a3e0aa145,Nick Lowe,Ragin’ Eyes,,0,1,0,,not_enriched,unreviewed
2953,S1a3e3b85f9,Heart,Without You,,0,1,0,,not_enriched,unreviewed
2954,S1a4abff170,John Stewart,Somewhere Down the Line,,0,1,0,,not_enriched,unreviewed
2955,S1a4dc84d4d,The Robert Cray Band,I Wonder,,0,1,0,,not_enriched,unreviewed
2956,S1a51bef09d,Paul McCartney,Don't Be Careless Love,,0,1,0,,not_enriched,unreviewed
2957,S1a6af03c3e,The Rolling Stones,Miss You,,0,1,0,,not_enriched,unreviewed
2958,S1a6dcfba7c,The Georgia Satellites,Cool Inside,,0,1,0,,not_enriched,unreviewed
2959,S1a6e3880ee,Neil Young,Ten Men Workin',,0,1,0,,not_enriched,unreviewed
2960,S1a76634e12,Honeymoon Suite,Now That You Got Me,,0,1,0,,not_enriched,unreviewed
2961,S1a7b81a122,Harry Chapin,Story of a Life,,0,1,0,,not_enriched,unreviewed
2962,S1a92aba814,The Rolling Stones,(I Can’t Get No) Satisfaction / Outro: Star Spangled Banner,,0,1,0,,not_enriched,unreviewed
2963,S1a9fdcabea,Greg Kihn Band,Tear That City Down,,0,1,0,,not_enriched,unreviewed
2964,S1ab58e712f,The Cars,Since I Held You,,0,1,0,,not_enriched,unreviewed
2965,S1ab65169e9,Gary,Rockin' You Tonite,,0,1,0,,not_enriched,unreviewed
2966,S1ac4d36ade,Nils Lofgren,Girl in Motion,,0,1,0,,not_enriched,unreviewed
2967,S1ac9177c69,Bon Jovi,Get Ready,,0,1,0,,not_enriched,unreviewed
2968,S1acc347e32,ZZ Top,Mushmouth Shoutin’,,0,1,0,,not_enriched,unreviewed
2969,S1ad5faab9d,Tom Petty & the Heartbreakers,Runaway Trains,,0,1,0,,not_enriched,unreviewed
2970,S1ae42674c3,Gibson Brothers,Baby It’s the Singer,,0,1,0,,not_enriched,unreviewed
2971,S1ae52c6a3a,Sammy Hagar,Three Lock Box,,0,1,0,,not_enriched,unreviewed
2972,S1aec97ccc9,Hootie & the Blowfish,Let Her Cry,,0,1,0,,not_enriched,unreviewed
2973,S1b0bc5f93c,Harry Chapin,There Only Was One Choice,,0,1,0,,not_enriched,unreviewed
2974,S1b25a34fdb,"Blood, Sweat & Tears",And When I Die,,0,1,0,,not_enriched,unreviewed
2975,S1b28cc7d95,Tommy James & the Shondells,"(Baby, Baby) I Can’t Take It No More",,0,1,0,,not_enriched,unreviewed
2976,S1b3684a392,Bonham,Guilty,,0,1,0,,not_enriched,unreviewed
2977,S1b3834c110,Pat Benatar,Fire and Ice,,0,1,0,,not_enriched,unreviewed
2978,S1b3ca47c0e,Pete Bardens,Prelude,,0,1,0,,not_enriched,unreviewed
2979,S1b560a7e70,Bob Dylan,Union Sundown,,0,1,0,,not_enriched,unreviewed
2980,S1b562f3fad,Creedence Clearwater Revival,Suzie Q,,0,1,0,,not_enriched,unreviewed
2981,S1b570f75db,The Edgar Winter Group,We All Had a Real Good Time,,0,1,0,,not_enriched,unreviewed
2982,S1b5d481e5f,Neil Young,"Crime in the City (Sixty to Zero, Part I)",,0,1,0,,not_enriched,unreviewed
2983,S1b5e0aa391,Foreigner,A Night to Remember,,0,1,0,,not_enriched,unreviewed
2984,S1b61181e53,Tarney–Spencer Band,Far Better Man,,0,1,0,,not_enriched,unreviewed
2985,S1b67aad0fc,ZZ Top,Can’t Stop Rockin’,,0,1,0,,not_enriched,unreviewed
2986,S1b6f03424d,Romeo Void,Your Life Is a Lie,,0,1,0,,not_enriched,unreviewed
2987,S1b70828bf4,Chris Isaak,Wicked Game,,0,1,0,,not_enriched,unreviewed
2988,S1b753469aa,REO Speedwagon,That Ain’t Love,,0,1,0,,not_enriched,unreviewed
2989,S1b75c14ca7,Loverboy,Strike Zone,,0,1,0,,not_enriched,unreviewed
2990,S1b7984545e,Marillion,Blind Curve: I. Vocal Under a Bloodlight / II. Passing Strangers / III. Mylo / IV. Perimeter Walk / V. Threshold,,0,1,0,,not_enriched,unreviewed
2991,S1b851d5509,Jefferson Starship,Stranger,,0,1,0,,not_enriched,unreviewed
2992,S1b86ccdc46,Freedom And Whiskey,Fool's Gold,,0,1,0,,not_enriched,unreviewed
2993,S1b8c8630d0,Simple Minds,Alive and Kicking,,0,1,0,,not_enriched,unreviewed
2994,S1b918ee38e,38 Special,Once in a Lifetime,,0,1,0,,not_enriched,unreviewed
2995,S1b920c0f32,Electric Light Orchestra,The Way Life's Meant to Be,,0,1,0,,not_enriched,unreviewed
2996,S1b99e30b10,Spandau Ballet,Communication,,0,1,0,,not_enriched,unreviewed
2997,S1b9cc45738,Linda Ronstadt,Mad Love,,0,1,0,,not_enriched,unreviewed
2998,S1b9d84695a,Don McLean,Empty Chairs,,0,1,0,,not_enriched,unreviewed
2999,S1b9f8e1115,REO Speedwagon,Lucky for You,,0,1,0,,not_enriched,unreviewed
3000,S1ba281fbb9,Lou Reed,Dorita (The Spirit),,0,1,0,,not_enriched,unreviewed
3001,S1baeaca9ed,Tommy Shaw,Come in and Explain,,0,1,0,,not_enriched,unreviewed
3002,S1bc6066992,Loverboy,Too Much Too Soon,,0,1,0,,not_enriched,unreviewed
3003,S1bcc454f13,Robbie Robertson,Broken Arrow,,0,1,0,,not_enriched,unreviewed
3004,S1bd11e5288,Pink Floyd,One Slip,,0,1,0,,not_enriched,unreviewed
3005,S1bd5ab7893,Robert Palmer,Tell Me I’m Not Dreaming,,0,1,0,,not_enriched,unreviewed
3006,S1bdd16e759,Splinter,Haven’t Got Time,,0,1,0,,not_enriched,unreviewed
3007,S1bdd45e69c,Styx,Back to Chicago,,0,1,0,,not_enriched,unreviewed
3008,S1bdf1aa2ce,Tarney–Spencer Band,Lies,,0,1,0,,not_enriched,unreviewed
3009,S1bf455a3e8,The Romantics,Open Your Door,,0,1,0,,not_enriched,unreviewed
3010,S1bf6dabe8f,Rush,Tom Sawyer,,0,1,0,,not_enriched,unreviewed
3011,S1bfa88bf28,Art Garfunkel,Break Away,,0,1,0,,not_enriched,unreviewed
3012,S1c04566752,Andy Williams,I Heard the Bells on Christmas Day,,0,1,0,,not_enriched,unreviewed
3013,S1c092477c8,Eric Clapton,Bad Love,,0,1,0,,not_enriched,unreviewed
3014,S1c12f2a3a8,Bob Welch,Here Comes the Night,,0,1,0,,not_enriched,unreviewed
3015,S1c14b88223,Ted Nugent,Just What the Doctor Ordered,,0,1,0,,not_enriched,unreviewed
3016,S1c1a4b484f,Queen,Dead on Time,,0,1,0,,not_enriched,unreviewed
3017,S1c1ac72277,Van Halen,Atomic Punk,,0,1,0,,not_enriched,unreviewed
3018,S1c23089b5e,The Beach Boys,Santa Claus Is Comin’ to Town,,0,1,0,,not_enriched,unreviewed
3019,S1c254f0160,Elton John,Rotten Peaches,,0,1,0,,not_enriched,unreviewed
3020,S1c2948f6af,Seals & Crofts,When I Meet Them,,0,1,0,,not_enriched,unreviewed
3021,S1c2a80ff08,A Flock of Seagulls,Nightmares,,0,1,0,,not_enriched,unreviewed
3022,S1c376cb844,R.E.M.,Circus Envy,,0,1,0,,not_enriched,unreviewed
3023,S1c3f7caed9,Winger,Rainbow in the Rose,,0,1,0,,not_enriched,unreviewed
3024,S1c44e40162,April Wine,Better Do It Well,,0,1,0,,not_enriched,unreviewed
3025,S1c5acc0d1d,Bruce Springsteen,Thunder Road,,0,1,0,,not_enriched,unreviewed
3026,S1c5bc5dcdf,Creedence Clearwater Revival,Ooby Dooby,,0,1,0,,not_enriched,unreviewed
3027,S1c5bcee828,Rush,Middletown Dreams,,0,1,0,,not_enriched,unreviewed
3028,S1c5bfe9eca,Counting Crows,Omaha,,0,1,0,,not_enriched,unreviewed
3029,S1c64efef63,Mason Ruffner,Under Your Spell,,0,1,0,,not_enriched,unreviewed
3030,S1c6efe20ef,Sly & the Family Stone,Everyday People,,0,1,0,,not_enriched,unreviewed
3031,S1c717567fd,The Cranberries,I Still Do,,0,1,0,,not_enriched,unreviewed
3032,S1c876c611a,Rod Stewart,When I Was Your Man,,0,1,0,,not_enriched,unreviewed
3033,S1ca03edc7b,John Mellencamp,Love and Happiness (London club mix),,0,1,0,,not_enriched,unreviewed
3034,S1caa101f6c,Danger Danger,Turn It On,,0,1,0,,not_enriched,unreviewed
3035,S1caa77b1f8,Van Morrison,Brand New Day,,0,1,0,,not_enriched,unreviewed
3036,S1cae98e7e1,Hootie & the Blowfish,I’m Goin’ Home,,0,1,0,,not_enriched,unreviewed
3037,S1cc79c403b,Joe Jackson,Another World,,0,1,0,,not_enriched,unreviewed
3038,S1cd82872c1,Marc Cohn,Walk on Water,,0,1,0,,not_enriched,unreviewed
3039,S1ce300e1db,Enigma,Back to the Rivers of Belief: Way to Eternity / Hallelujah / The Rivers of Belief,,0,1,0,,not_enriched,unreviewed
3040,S1ce60ed078,Bob Seger & the Silver Bullet Band,Little Victories,,0,1,0,,not_enriched,unreviewed
3041,S1cf1ffbd8a,Novo Combo,Hard to Say Goodbye,,0,1,0,,not_enriched,unreviewed
3042,S1cfac3850e,The Partridge Family,Winter Wonderland,,0,1,0,,not_enriched,unreviewed
3043,S1cff6ab68d,Bee Gees,All This Making Love,,0,1,0,,not_enriched,unreviewed
3044,S1d00d2dca6,Winger,In the Day We’ll Never See,,0,1,0,,not_enriched,unreviewed
3045,S1d113a4694,Foreigner,Night Life,,0,1,0,,not_enriched,unreviewed
3046,S1d11d3abc9,a‐ha,Living a Boy’s Adventure Tale,,0,1,0,,not_enriched,unreviewed
3047,S1d12c26828,Billy Joel,Los Angelenos,,0,1,0,,not_enriched,unreviewed
3048,S1d17364f20,Aerosmith,Simoriah,,0,1,0,,not_enriched,unreviewed
3049,S1d2e68eb06,The Romantics,Gimme One More Chance,,0,1,0,,not_enriched,unreviewed
3050,S1d4adcb346,John Cafferty & the Beaver Brown Band,Betty Lou's Got a New Pair of Shoes,,0,1,0,,not_enriched,unreviewed
3051,S1d5368f7fe,Tarney–Spencer Band,Don't,,0,1,0,,not_enriched,unreviewed
3052,S1d543c69e2,Go‐Go’s,Automatic,,0,1,0,,not_enriched,unreviewed
3053,S1d5850e450,Stabilizers,I Don't Need The Pain,,0,1,0,,not_enriched,unreviewed
3054,S1d626baf2f,Icehouse,Dusty Pages,,0,1,0,,not_enriched,unreviewed
3055,S1d67c855cc,Collective Soul,Bleed,,0,1,0,,not_enriched,unreviewed
3056,S1d72931ff2,David Bowie,Suffragette City,,0,1,0,,not_enriched,unreviewed
3057,S1d8a72e805,U2,Surrender,,0,1,0,,not_enriched,unreviewed
3058,S1d9265b9e3,The Beatles,I’m Happy Just to Dance With You,,0,1,0,,not_enriched,unreviewed
3059,S1d927af71d,Neil Young,Truth Be Known,,0,1,0,,not_enriched,unreviewed
3060,S1daabf3a5d,Journey,Girl Can’t Help It,,0,1,0,,not_enriched,unreviewed
3061,S1db0446152,John Tesh,We Three Kings of Orient Are,,0,1,0,,not_enriched,unreviewed
3062,S1db373f286,Jackson Browne,"Two of Me, Two of You",,0,1,0,,not_enriched,unreviewed
3063,S1db476749d,Whitney Houston,Do You Hear What I Hear?,,0,1,0,,not_enriched,unreviewed
3064,S1db83b1069,Ozzy Osbourne,Over the Mountain,,0,1,0,,not_enriched,unreviewed
3065,S1dd75cf39a,Julian Lennon,Let Me Be,,0,1,0,,not_enriched,unreviewed
3066,S1def515679,Manfred Mann’s Earth Band,The Road to Babylon,,0,1,0,,not_enriched,unreviewed
3067,S1df80eb5c0,Collective Soul,December,,0,1,0,,not_enriched,unreviewed
3068,S1e01778c6b,Queensrÿche,Hand on Heart,,0,1,0,,not_enriched,unreviewed
3069,S1e04f3a679,Red Rider,Power (Strength in Numbers),,0,1,0,,not_enriched,unreviewed
3070,S1e0686bd27,Matchbox 20,3 A.M.,,0,1,0,,not_enriched,unreviewed
3071,S1e08741156,Jackson Browne,Till I Go Down,,0,1,0,,not_enriched,unreviewed
3072,S1e11031cac,Mr. Mister,Run to Her,,0,1,0,,not_enriched,unreviewed
3073,S1e341cc135,Keith Richards,I Could Have Stood You Up,,0,1,0,,not_enriched,unreviewed
3074,S1e3d345a49,Bob Seger & the Silver Bullet Band,Boomtown Blues,,0,1,0,,not_enriched,unreviewed
3075,S1e40264a8d,Helix,Ain't No High Like Rock 'n' Roll,,0,1,0,,not_enriched,unreviewed
3076,S1e4c688f57,Bryan Adams,Only the Strong Survive,,0,1,0,,not_enriched,unreviewed
3077,S1e4f726c59,Todd Rundgren,Mated (re‐recorded),,0,1,0,,not_enriched,unreviewed
3078,S1e5d49533f,Johnny Mathis,Jingle Bells,,0,1,0,,not_enriched,unreviewed
3079,S1e6a07fb3d,Blues Traveler,Crash Burn,,0,1,0,,not_enriched,unreviewed
3080,S1e778b55ee,Keith Sykes,I’m Not Strange I’m Just Like You,,0,1,0,,not_enriched,unreviewed
3081,S1e77eee43f,Neil Young,The Ways of Love,,0,1,0,,not_enriched,unreviewed
3082,S1e92bbbb24,Shania Twain,"Black Eyes, Blue Tears",,0,1,0,,not_enriched,unreviewed
3083,S1ea75477c6,Loverboy,Gangs in the Street,,0,1,0,,not_enriched,unreviewed
3084,S1eb9163b30,Edie Brickell & New Bohemians,Now,,0,1,0,,not_enriched,unreviewed
3085,S1eb917da70,Shania Twain,(If You’re Not in It for Love) I’m Outta Here,,0,1,0,,not_enriched,unreviewed
3086,S1eb9e5c475,Elton John,Elton's Song,,0,1,0,,not_enriched,unreviewed
3087,S1ebe02c120,City Boy,Beth,,0,1,0,,not_enriched,unreviewed
3088,S1ec09a9a6b,Elton John,Holiday Inn,,0,1,0,,not_enriched,unreviewed
3089,S1ec7f7a56d,The Who,A Man Is a Man,,0,1,0,,not_enriched,unreviewed
3090,S1ec93739f5,The Cranberries,Wanted,,0,1,0,,not_enriched,unreviewed
3091,S1eca6fd873,Damn Yankees,Bad Reputation,,0,1,0,,not_enriched,unreviewed
3092,S1ef8f67ce8,Stabilizers,Underground,,0,1,0,,not_enriched,unreviewed
3093,S1f018329d8,Men at Work,It’s a Mistake,,0,1,0,,not_enriched,unreviewed
3094,S1f0afb2c4c,Del Amitri,Be My Downfall,,0,1,0,,not_enriched,unreviewed
3095,S1f19d581bb,Tommy Tutone,Not Say Goodbye,,0,1,0,,not_enriched,unreviewed
3096,S1f229fc8d8,The Alan Parsons Project,"The Ace of Swords, Part 1",,0,1,0,,not_enriched,unreviewed
3097,S1f34bc7fa8,Red Rider,Walking the Fine Line,,0,1,0,,not_enriched,unreviewed
3098,S1f3e3de0c2,Neil Young,Western Hero,,0,1,0,,not_enriched,unreviewed
3099,S1f45403d36,38 Special,Has There Ever Been a Good Goodbye,,0,1,0,,not_enriched,unreviewed
3100,S1f49ca5971,Van Halen,Good Enough,,0,1,0,,not_enriched,unreviewed
3101,S1f4ccd59e3,The Wallflowers,Josephine,,0,1,0,,not_enriched,unreviewed
3102,S1f54a4b8ae,Fleetwood Mac,Rattlesnake Shake,,0,1,0,,not_enriched,unreviewed
3103,S1f577db224,Extreme,Pornograffitti,,0,1,0,,not_enriched,unreviewed
3104,S1f586790e5,Ludwig van Beethoven,"Symphony no. 6 (“Pastoral”), op. 68: II. Andante molto mosso",,0,1,0,,not_enriched,unreviewed
3105,S1f58c51c5f,The Rolling Stones,Waiting on a Friend,,0,1,0,,not_enriched,unreviewed
3106,S1f5e4b6378,38 Special,Chain Lightnin’,,0,1,0,,not_enriched,unreviewed
3107,S1f5ee9a9ee,Bachman–Turner Overdrive,You Ain’t Seen Nothing Yet,,0,1,0,,not_enriched,unreviewed
3108,S1f61fde969,Lisa Loeb,Garden of Delights,,0,1,0,,not_enriched,unreviewed
3109,S1f662dfcf4,Billy Squier,One Good Woman,,0,1,0,,not_enriched,unreviewed
3110,S1f7d7aefeb,Jefferson Starship,Mary,,0,1,0,,not_enriched,unreviewed
3111,S1f7f0cf41f,Queen,Good Company,,0,1,0,,not_enriched,unreviewed
3112,S1f82afb49d,Survivor,Eye of the Tiger,,0,1,0,,not_enriched,unreviewed
3113,S1f848f0c93,Triumph,Midsummer's Daydream,,0,1,0,,not_enriched,unreviewed
3114,S1f9571d378,Elton John,Don't Let the Sun Go Down on Me,,0,1,0,,not_enriched,unreviewed
3115,S1fa2234cf5,Firefall,Winds of Change,,0,1,0,,not_enriched,unreviewed
3116,S1fa3082a60,Andy Gibb,Dance to the Light of the Morning,,0,1,0,,not_enriched,unreviewed
3117,S1fa3e0931c,Taylor Dayne,I’ll Be Your Shelter,,0,1,0,,not_enriched,unreviewed
3118,S1fa93e8a64,Styx,Mademoiselle,,0,1,0,,not_enriched,unreviewed
3119,S1fb5339a39,The Beatles,Things We Said Today,,0,1,0,,not_enriched,unreviewed
3120,S1fbc2d5fdf,Journey,Frontiers,,0,1,0,,not_enriched,unreviewed
3121,S1fc0d861a4,Stabilizers,Tyranny,,0,1,0,,not_enriched,unreviewed
3122,S1fc49a8c6c,The Rolling Stones,Hang Fire,,0,1,0,,not_enriched,unreviewed
3123,S1fd05927c9,The Pretenders,Private Life,,0,1,0,,not_enriched,unreviewed
3124,S1fd6d77f6a,Glenn Frey,He Took Advantage (Blues for Ronald Reagan),,0,1,0,,not_enriched,unreviewed
3125,S1fd85db321,Sponge,Drownin’,,0,1,0,,not_enriched,unreviewed
3126,S1fe5bf4dd1,The Alan Parsons Project,You Lie Down With Dogs,,0,1,0,,not_enriched,unreviewed
3127,S1fe6e2ff5c,Santana,Migra,,0,1,0,,not_enriched,unreviewed
3128,S1ff50b71be,John Lennon,Woman Is the Nigger of the World,,0,1,0,,not_enriched,unreviewed
3129,S1ff9c2ba34,"Phantom, Rocker and Slick",No Regrets,,0,1,0,,not_enriched,unreviewed
3130,S1ffc2ad42c,The Fixx,Changing,,0,1,0,,not_enriched,unreviewed
3131,S2008c8fd19,Bruce Springsteen,Meeting Across the River,,0,1,0,,not_enriched,unreviewed
3132,S200af1cbf3,The Rolling Stones,Sister Morphine,,0,1,0,,not_enriched,unreviewed
3133,S200bb1ab33,Patty Smyth,Give It Time,,0,1,0,,not_enriched,unreviewed
3134,S200cd0eada,Collective Soul,Run,,0,1,0,,not_enriched,unreviewed
3135,S20103f2693,John Cafferty & the Beaver Brown Band,Wild Summer Nights,,0,1,0,,not_enriched,unreviewed
3136,S201bc83a36,Stevie Nicks,Sleeping Angel,,0,1,0,,not_enriched,unreviewed
3137,S202c4dd5f5,Huey Lewis & the News,Jacob's Ladder,,0,1,0,,not_enriched,unreviewed
3138,S20313b5724,Mad Season,X-Ray Mind,,0,1,0,,not_enriched,unreviewed
3139,S2032a707d8,k.d. lang,Wash Me Clean,,0,1,0,,not_enriched,unreviewed
3140,S203be729a8,Ted Nugent,You Make Me Feel Right at Home,,0,1,0,,not_enriched,unreviewed
3141,S20508fee44,April Wine,Get Ready for Love,,0,1,0,,not_enriched,unreviewed
3142,S205c0a2306,Tommy Shaw,Outside in the Rain,,0,1,0,,not_enriched,unreviewed
3143,S205df1c702,Wilson Phillips,Impulsive,,0,1,0,,not_enriched,unreviewed
3144,S206787c29a,Hootie & the Blowfish,Drowning,,0,1,0,,not_enriched,unreviewed
3145,S206ce195cc,Enya,La soñadora,,0,1,0,,not_enriched,unreviewed
3146,S207547de3b,Andy Gibb,Let It Be Me,,0,1,0,,not_enriched,unreviewed
3147,S208720c759,Poison,Swampjuice (Soul‐O),,0,1,0,,not_enriched,unreviewed
3148,S208a31f8b7,Russ Ballard,Feels Like the Real Thing,,0,1,0,,not_enriched,unreviewed
3149,S208c6df6b2,Robert Plant,Big Log,,0,1,0,,not_enriched,unreviewed
3150,S20910f1d29,Annie Lennox,I Can't Get Next to You,,0,1,0,,not_enriched,unreviewed
3151,S2096b5607f,Smash Mouth,Disconnect the Dots,,0,1,0,,not_enriched,unreviewed
3152,S2098b7f99e,Tom Cochrane,Life Is a Highway,,0,1,0,,not_enriched,unreviewed
3153,S20b0ae1cd0,Trixter,You’ll Never See Me Cryin’,,0,1,0,,not_enriched,unreviewed
3154,S20b77a8430,U2,Two Hearts Beat as One,,0,1,0,,not_enriched,unreviewed
3155,S20d4cc170b,Cliff Richard,I Wish You’d Change Your Mind,,0,1,0,,not_enriched,unreviewed
3156,S20d8a4af54,a‐ha,Love Is Reason,,0,1,0,,not_enriched,unreviewed
3157,S20df4d5658,Rick Springfield,Calling All Girls,,0,1,0,,not_enriched,unreviewed
3158,S210ab0a8fb,The Lovin’ Spoonful,Didn’t Want to Have to Do It,,0,1,0,,not_enriched,unreviewed
3159,S210b4371d3,Edie Brickell & New Bohemians,Love Like We Do,,0,1,0,,not_enriched,unreviewed
3160,S210feed490,Santana,American Gypsy,,0,1,0,,not_enriched,unreviewed
3161,S21119c2991,Bob Seger & the Silver Bullet Band,I’ve Been Working,,0,1,0,,not_enriched,unreviewed
3162,S211eae6f2e,Aerosmith,Make It,,0,1,0,,not_enriched,unreviewed
3163,S212b788826,Hooters,Karla With a K,,0,1,0,,not_enriched,unreviewed
3164,S212f10b493,The Pretenders,Show Me,,0,1,0,,not_enriched,unreviewed
3165,S213459a612,Rick Springfield,Carry Me Away,,0,1,0,,not_enriched,unreviewed
3166,S2134ebd569,Stephen Stills,Right by You,,0,1,0,,not_enriched,unreviewed
3167,S21357932a3,April Wine,Before the Dawn,,0,1,0,,not_enriched,unreviewed
3168,S2137a1f6c1,Manfred Mann’s Earth Band,"Waiter, There’s a Yawn in My Ear",,0,1,0,,not_enriched,unreviewed
3169,S213bc5655f,Pearl Jam,Rats,,0,1,0,,not_enriched,unreviewed
3170,S213c916d79,Gregg Alexander,Michigan Rain,,0,1,0,,not_enriched,unreviewed
3171,S213cff273e,Elton John,I've Seen That Movie Too,,0,1,0,,not_enriched,unreviewed
3172,S214996b044,Aerosmith,Somebody,,0,1,0,,not_enriched,unreviewed
3173,S214da303fa,Freedom And Whiskey,Ghost Of Mary Green,,0,1,0,,not_enriched,unreviewed
3174,S21547c60fa,Joe Cocker,Midnight Rider,,0,1,0,,not_enriched,unreviewed
3175,S21646abc53,Michael Monroe,All Night With the Lights On,,0,1,0,,not_enriched,unreviewed
3176,S216e129af9,Rush,The Camera Eye,,0,1,0,,not_enriched,unreviewed
3177,S217ae1b079,Sniff ’n’ the Tears,The Thrill of It All,,0,1,0,,not_enriched,unreviewed
3178,S217c2ec4a4,Gary Wright,Intro,,0,1,0,,not_enriched,unreviewed
3179,S218a931f43,Honeymoon Suite,Wounded,,0,1,0,,not_enriched,unreviewed
3180,S218eb14f03,Queen,Another One Bites the Dust,,0,1,0,,not_enriched,unreviewed
3181,S219898a106,Alice in Chains,Junkhead,,0,1,0,,not_enriched,unreviewed
3182,S219b02ff17,Paul McCartney,You Want Her Too,,0,1,0,,not_enriched,unreviewed
3183,S21abfa03a2,Steve Miller Band,Gangster of Love,,0,1,0,,not_enriched,unreviewed
3184,S21ae08164e,Robert Palmer,Disturbing Behavior,,0,1,0,,not_enriched,unreviewed
3185,S21b7833936,The Animals,Gotta Get Back to You,,0,1,0,,not_enriched,unreviewed
3186,S21c525a430,Queen,Coming Soon,,0,1,0,,not_enriched,unreviewed
3187,S21cff9c6cd,Steve Miller Band,Caress Me Baby,,0,1,0,,not_enriched,unreviewed
3188,S21e7c797a0,Lisa Loeb,Do You Sleep?,,0,1,0,,not_enriched,unreviewed
3189,S21f8f1647b,Michael Stanley Band,In Between the Lines,,0,1,0,,not_enriched,unreviewed
3190,S2205bf7544,John Cougar Mellencamp,Justice and Independence ’85,,0,1,0,,not_enriched,unreviewed
3191,S2207d0c025,Jackson Browne,Candy,,0,1,0,,not_enriched,unreviewed
3192,S22111f2a6c,Natalie Imbruglia,City,,0,1,0,,not_enriched,unreviewed
3193,S22280e6ad3,Red Rider,Work Out,,0,1,0,,not_enriched,unreviewed
3194,S2228244e95,Jackson Browne,For America,,0,1,0,,not_enriched,unreviewed
3195,S222b365020,Red Hot Chili Peppers,I Could Have Lied,,0,1,0,,not_enriched,unreviewed
3196,S223a888a36,Gregg Alexander,Smokin' in Bed,,0,1,0,,not_enriched,unreviewed
3197,S2258e63096,Steve Miller Band,Conversation,,0,1,0,,not_enriched,unreviewed
3198,S226d298445,Cracker,Nostalgia,,0,1,0,,not_enriched,unreviewed
3199,S226d978f1a,Santana,Do You Like the Way,,0,1,0,,not_enriched,unreviewed
3200,S2276fc13b8,Bread,Dismal Day,,0,1,0,,not_enriched,unreviewed
3201,S22790368ae,Phil Collins,Long Long Way to Go,,0,1,0,,not_enriched,unreviewed
3202,S227c2b1798,Stevie Ray Vaughan & Double Trouble,Boot Hill,,0,1,0,,not_enriched,unreviewed
3203,S227c32f8d9,Boston,Cool the Engines,,0,1,0,,not_enriched,unreviewed
3204,S228961fe59,London Philharmonic Orchestra,Us and Them,,0,1,0,,not_enriched,unreviewed
3205,S228a0af1b5,Anderson Bruford Wakeman Howe,Order of the Universe,,0,1,0,,not_enriched,unreviewed
3206,S229b96d39e,Joe Walsh,Things,,0,1,0,,not_enriched,unreviewed
3207,S22a7f7059e,Nick Lowe,Heart of the City,,0,1,0,,not_enriched,unreviewed
3208,S22bcb164fe,"Blood, Sweat & Tears","Lisa, Listen to Me",,0,1,0,,not_enriched,unreviewed
3209,S22bdbff5e1,Duran Duran,The Chauffeur,,0,1,0,,not_enriched,unreviewed
3210,S22c7bab828,The Hooters,Day by Day,,0,1,0,,not_enriched,unreviewed
3211,S22c912ab0c,The Yardbirds,I Ain’t Got You,,0,1,0,,not_enriched,unreviewed
3212,S22d2ebcd94,Santana,The Sensitive Kind,,0,1,0,,not_enriched,unreviewed
3213,S22da56c47d,Elton John,Who Wears These Shoes?,,0,1,0,,not_enriched,unreviewed
3214,S22deedc68d,Billy Joel,Laura,,0,1,0,,not_enriched,unreviewed
3215,S22e09ae4e7,Pink Floyd,On the Turning Away,,0,1,0,,not_enriched,unreviewed
3216,S22e0fc43ac,Kenny Rogers & The First Edition,Sunshine,,0,1,0,,not_enriched,unreviewed
3217,S22e2be4eef,Toto,Goodbye Elenore,,0,1,0,,not_enriched,unreviewed
3218,S22e443989b,Billy Squier,Learn How to Live,,0,1,0,,not_enriched,unreviewed
3219,S22eb6a0eda,The Alan Parsons Project,Urbania (instrumental),,0,1,0,,not_enriched,unreviewed
3220,S22f1761fd7,Tracy Chapman,Behind the Wall,,0,1,0,,not_enriched,unreviewed
3221,S22f3c6da5b,Fleetwood Mac,Sweet Girl,,0,1,0,,not_enriched,unreviewed
3222,S2307da7410,Robbie Robertson,Hell’s Half Acre,,0,1,0,,not_enriched,unreviewed
3223,S23135f76d8,Madonna,Ray of Light,,0,1,0,,not_enriched,unreviewed
3224,S231edc0b9f,AC/DC,Walk All Over You,,0,1,0,,not_enriched,unreviewed
3225,S23213f3c36,Pearl Jam,Immortality,,0,1,0,,not_enriched,unreviewed
3226,S2321b49466,Sammy Hagar,Returning Home,,0,1,0,,not_enriched,unreviewed
3227,S23226aa2f9,Loverboy,Working for the Weekend,,0,1,0,,not_enriched,unreviewed
3228,S23231a6642,Bad Company,Love Attack,,0,1,0,,not_enriched,unreviewed
3229,S232faeac9a,Sammy Hagar,Don't Make Me Wait,,0,1,0,,not_enriched,unreviewed
3230,S2330aaa0b3,Buffalo Springfield,Go and Say Goodbye,,0,1,0,,not_enriched,unreviewed
3231,S2330ae52d3,The Monroes,Hungry Stranger,,0,1,0,,not_enriched,unreviewed
3232,S23405c6ca7,James Taylor,Bartender’s Blues,,0,1,0,,not_enriched,unreviewed
3233,S23432e4fa7,KISS,And on the 8th Day,,0,1,0,,not_enriched,unreviewed
3234,S2345946c80,Whitesnake,Gambler,,0,1,0,,not_enriched,unreviewed
3235,S234640a4f5,George Thorogood & the Destroyers,Blue Highway,,0,1,0,,not_enriched,unreviewed
3236,S2347baad57,The Police,"When the World Is Running Down, You Make the Best of What’s Still Around",,0,1,0,,not_enriched,unreviewed
3237,S235381262b,Tears for Fears,The Working Hour,,0,1,0,,not_enriched,unreviewed
3238,S236612b381,Billy Squier,All We Have to Give,,0,1,0,,not_enriched,unreviewed
3239,S23661e30b5,George Thorogood & the Destroyers,Louie to Frisco,,0,1,0,,not_enriched,unreviewed
3240,S23716de44e,Walter Egan,The Blonde in the Blue T‐Bird,,0,1,0,,not_enriched,unreviewed
3241,S237258180e,Michael Bolton,Fools Game,,0,1,0,,not_enriched,unreviewed
3242,S2373dba456,U2,One,,0,1,0,,not_enriched,unreviewed
3243,S2388bab1e3,Phil Collins,Sussudio,,0,1,0,,not_enriched,unreviewed
3244,S23923e5462,Spandau Ballet,Pleasure,,0,1,0,,not_enriched,unreviewed
3245,S2393ee46ff,Roxy Music,The Main Thing,,0,1,0,,not_enriched,unreviewed
3246,S23954a95e7,Kansas,On the Other Side,,0,1,0,,not_enriched,unreviewed
3247,S2396f0331f,Stephen Stills,Flaming Heart,,0,1,0,,not_enriched,unreviewed
3248,S239f0ae059,The Alan Parsons Project,Lets Talk About Me,,0,1,0,,not_enriched,unreviewed
3249,S239f7202ea,Kenny Rogers & The First Edition,The Way It Used to Be,,0,1,0,,not_enriched,unreviewed
3250,S23a0f548b1,Bruce Springsteen,Spare Parts,,0,1,0,,not_enriched,unreviewed
3251,S23a873f6db,Nick Lowe,I Love the Sound of Breaking Glass,,0,1,0,,not_enriched,unreviewed
3252,S23a93f5baa,KISS,Lick It Up,,0,1,0,,not_enriched,unreviewed
3253,S23b09d48bc,Eddie Money,Love the Way You Love Me,,0,1,0,,not_enriched,unreviewed
3254,S23c19ae8f1,Chicago,Stay the Night,,0,1,0,,not_enriched,unreviewed
3255,S23cf76c872,Tears for Fears,I Believe,,0,1,0,,not_enriched,unreviewed
3256,S23d0287c54,Billy Joel,Honesty,,0,1,0,,not_enriched,unreviewed
3257,S23d067fc45,Roxy Music,True to Life,,0,1,0,,not_enriched,unreviewed
3258,S23d476a697,Lou Reed,Beginning of a Great Adventure,,0,1,0,,not_enriched,unreviewed
3259,S23dc318aa2,Huey Lewis and the News,The Only One,,0,1,0,,not_enriched,unreviewed
3260,S23dc55817c,Giant,Love Welcome Home,,0,1,0,,not_enriched,unreviewed
3261,S24034ae632,Neil Young,Weight of the World,,0,1,0,,not_enriched,unreviewed
3262,S24081bcead,Joan Jett & the Blackhearts,(I’m Gonna) Run Away,,0,1,0,,not_enriched,unreviewed
3263,S240c81bec6,Quiet Riot,Battle Axe,,0,1,0,,not_enriched,unreviewed
3264,S240f880238,Paul McCartney,Ballroom Dancing,,0,1,0,,not_enriched,unreviewed
3265,S2410444cd7,Eagles,Is It True?,,0,1,0,,not_enriched,unreviewed
3266,S24120276a3,The Alan Parsons Project,The Same Old Sun,,0,1,0,,not_enriched,unreviewed
3267,S24122373fb,Poison,(Flesh & Blood) Sacrifice,,0,1,0,,not_enriched,unreviewed
3268,S242ccc500e,Chris Rea,Bows and Bangles,,0,1,0,,not_enriched,unreviewed
3269,S2436c763d7,George Thorogood & the Destroyers,So Much Trouble,,0,1,0,,not_enriched,unreviewed
3270,S243b487d3b,Jefferson Starship,Ai Garimasû (There Is Love),,0,1,0,,not_enriched,unreviewed
3271,S2445cbf57f,The Alan Parsons Project,I’d Rather Be a Man,,0,1,0,,not_enriched,unreviewed
3272,S244752c87f,INXS,Calling All Nations,,0,1,0,,not_enriched,unreviewed
3273,S244d32bdc9,Phil Collins,I Cannot Believe It’s True,,0,1,0,,not_enriched,unreviewed
3274,S245098265f,Icehouse,Kingdom,,0,1,0,,not_enriched,unreviewed
3275,S24518e3c7e,Jefferson Airplane,3/5 of a Mile in 10 Seconds,,0,1,0,,not_enriched,unreviewed
3276,S245258c4e2,The Sweet,Action,,0,1,0,,not_enriched,unreviewed
3277,S2455da60cc,Cat Stevens,Can't Keep It In,,0,1,0,,not_enriched,unreviewed
3278,S246201f3ac,The Doors,Back Door Man,,0,1,0,,not_enriched,unreviewed
3279,S2466df6fde,Joe Cocker,Woman to Woman,,0,1,0,,not_enriched,unreviewed
3280,S2471538e4d,Heart,Down on Me,,0,1,0,,not_enriched,unreviewed
3281,S24725d36a2,Pat Benatar,Outlaw Blues,,0,1,0,,not_enriched,unreviewed
3282,S2484eabb46,Grateful Dead,Black Muddy River,,0,1,0,,not_enriched,unreviewed
3283,S248a0b4e39,The Beach Boys,Country Air,,0,1,0,,not_enriched,unreviewed
3284,S248e4ff5da,The Beach Boys,Chapel of Love,,0,1,0,,not_enriched,unreviewed
3285,S2497577908,REO Speedwagon,Can’t Get You Out of My Heart,,0,1,0,,not_enriched,unreviewed
3286,S249f1b1cc3,Nirvana,Very Ape,,0,1,0,,not_enriched,unreviewed
3287,S24a22f71f4,Warren Zevon,Desperados Under the Eaves,,0,1,0,,not_enriched,unreviewed
3288,S24ac0d6c9c,Paul McCartney,Dress Me Up as a Robber,,0,1,0,,not_enriched,unreviewed
3289,S24ad490587,Scorpions,Animal Magnetism,,0,1,0,,not_enriched,unreviewed
3290,S24afd77c8c,Smash Mouth,Why Can’t We Be Friends,,0,1,0,,not_enriched,unreviewed
3291,S24c0f3fe14,The Beatles,I Saw Her Standing There,,0,1,0,,not_enriched,unreviewed
3292,S24c5781392,Split Enz,Shark Attack,,0,1,0,,not_enriched,unreviewed
3293,S24c8667a22,Sweet F.A.,Prince of the City,,0,1,0,,not_enriched,unreviewed
3294,S24cafa2186,Sinéad O’Connor,I Do Not Want What I Haven’t Got,,0,1,0,,not_enriched,unreviewed
3295,S24ccad194a,Talk Talk,It’s So Serious,,0,1,0,,not_enriched,unreviewed
3296,S24ce362906,The Hollies,"It’s a Shame, It’s a Game",,0,1,0,,not_enriched,unreviewed
3297,S24cf70c8ff,The Beach Boys,Shut Down,,0,1,0,,not_enriched,unreviewed
3298,S24d7ce313a,The Caroleers,When Santa Claus Gets Your Letter,,0,1,0,,not_enriched,unreviewed
3299,S24d90b4c27,Gin Blossoms,Hey Jealousy,,0,1,0,,not_enriched,unreviewed
3300,S24e63439c2,Timbuk 3,Just Another Movie,,0,1,0,,not_enriched,unreviewed
3301,S24e6a5146c,Kenny Loggins,Down in the Boondocks,,0,1,0,,not_enriched,unreviewed
3302,S24ee0866a8,Gregg Allman,Will the Circle Be Unbroken,,0,1,0,,not_enriched,unreviewed
3303,S24f1204be1,The Animals,My Favorite Enemy,,0,1,0,,not_enriched,unreviewed
3304,S250699ba63,Peter Frampton,"Signed, Sealed Delivered (I’m Yours)",,0,1,0,,not_enriched,unreviewed
3305,S250d45f81c,Steel Breeze,Can't Stop This Feeling,,0,1,0,,not_enriched,unreviewed
3306,S250dead91c,Eric Johnson,East Wes,,0,1,0,,not_enriched,unreviewed
3307,S251dee2546,Cheap Trick,Sgt. Pepper’s Lonely Hearts Club Band,,0,1,0,,not_enriched,unreviewed
3308,S252a98cc40,Poco,Barbados,,0,1,0,,not_enriched,unreviewed
3309,S252cc03158,Steely Dan,Bad Sneakers,,0,1,0,,not_enriched,unreviewed
3310,S252cf9f2a5,Peter Gabriel,Washing of the Water,,0,1,0,,not_enriched,unreviewed
3311,S2533783a6d,Van Morrison,These Dreams of You,,0,1,0,,not_enriched,unreviewed
3312,S25357f458c,The Partridge Family,Santa Claus Is Coming to Town,,0,1,0,,not_enriched,unreviewed
3313,S2546fc7356,Men at Work,Settle Down My Boy,,0,1,0,,not_enriched,unreviewed
3314,S254774e5c4,Kenny Rogers,Lady,,0,1,0,,not_enriched,unreviewed
3315,S2550208414,Del Amitri,The Ones That You Love Lead You Nowhere,,0,1,0,,not_enriched,unreviewed
3316,S25534c6884,Ozzy Osbourne,No More Tears,,0,1,0,,not_enriched,unreviewed
3317,S25583cf275,Wham!,Wake Me Up Before You Go‐Go,,0,1,0,,not_enriched,unreviewed
3318,S2559243760,The Police,Shadows in the Rain,,0,1,0,,not_enriched,unreviewed
3319,S2559d1b171,Santana,Searchin’,,0,1,0,,not_enriched,unreviewed
3320,S2562901a5f,Styx,Not Dead Yet,,0,1,0,,not_enriched,unreviewed
3321,S2568d6d5a2,Toto,Lion,,0,1,0,,not_enriched,unreviewed
3322,S2577b5e1f3,Firefall,You Are the Woman,,0,1,0,,not_enriched,unreviewed
3323,S257c7717aa,Joe Cocker,Delta Lady,,0,1,0,,not_enriched,unreviewed
3324,S2583e2e3a8,Carly Simon,Summer's Coming Around Again,,0,1,0,,not_enriched,unreviewed
3325,S2593cd83df,Billy Idol,Mony Mony,,0,1,0,,not_enriched,unreviewed
3326,S2596a95560,Carpenters,Ave Maria,,0,1,0,,not_enriched,unreviewed
3327,S2596bf1250,The B‐52’s,Topaz,,0,1,0,,not_enriched,unreviewed
3328,S2597e51617,Tool,4°,,0,1,0,,not_enriched,unreviewed
3329,S259a4290c9,Red Hot Chili Peppers,Give It Away,,0,1,0,,not_enriched,unreviewed
3330,S259b3a5bbf,Head East,It's For You,,0,1,0,,not_enriched,unreviewed
3331,S259c749ca2,Loverboy,When It's Over,,0,1,0,,not_enriched,unreviewed
3332,S25aa6cfed6,Spandau Ballet,Foundation,,0,1,0,,not_enriched,unreviewed
3333,S25aba5dca5,Little River Band,Cool Change,,0,1,0,,not_enriched,unreviewed
3334,S25ad39ddf6,Heart,Strange Night,,0,1,0,,not_enriched,unreviewed
3335,S25b06011b9,Sam Harris,Inside of Me,,0,1,0,,not_enriched,unreviewed
3336,S25b2eff2a8,A Flock of Seagulls,Tokyo,,0,1,0,,not_enriched,unreviewed
3337,S25b3ebff80,Steely Dan,Your Gold Teeth II,,0,1,0,,not_enriched,unreviewed
3338,S25beaa6174,Lisa Loeb,Rose‐Colored Times,,0,1,0,,not_enriched,unreviewed
3339,S25c13f3824,The Babys,Rock 'n' Roll Is,,0,1,0,,not_enriched,unreviewed
3340,S25c294a126,Duffy Bishop & The Rhythm Dogs,Why Don't We Do It in the Road,,0,1,0,,not_enriched,unreviewed
3341,S25c5538cab,Bad Company,Lonely for Your Love,,0,1,0,,not_enriched,unreviewed
3342,S25c68f5103,REO Speedwagon,Time for Me to Fly,,0,1,0,,not_enriched,unreviewed
3343,S25d8b2ad5c,Asia,Voice of America,,0,1,0,,not_enriched,unreviewed
3344,S25e328e6d1,.38 Special,Wild‐Eyed Southern Boys,,0,1,0,,not_enriched,unreviewed
3345,S25e6fbf233,Jefferson Starship,Hot Water,,0,1,0,,not_enriched,unreviewed
3346,S25ea0e42d7,The Beach Boys,Everyone's in Love With You,,0,1,0,,not_enriched,unreviewed
3347,S25ee29ddaf,Joe Walsh,I’m Actin’ Different,,0,1,0,,not_enriched,unreviewed
3348,S25fe77cb4f,Roger Waters,Grantchester Meadows,,0,1,0,,not_enriched,unreviewed
3349,S26050ecde3,Bryan Adams,She’s Only Happy When She’s Dancin’,,0,1,0,,not_enriched,unreviewed
3350,S260633ae08,John Cougar,China Girl,,0,1,0,,not_enriched,unreviewed
3351,S260a4d0139,Ugly Kid Joe,Mr. Recordman,,0,1,0,,not_enriched,unreviewed
3352,S260ad79411,Counting Crows,Mr. Jones,,0,1,0,,not_enriched,unreviewed
3353,S260e1396cc,TNT,As Far As the Eye Can See,,0,1,0,,not_enriched,unreviewed
3354,S261398f1ba,Jay Ferguson,"Happy Birthday, Baby",,0,1,0,,not_enriched,unreviewed
3355,S26304bf40c,Extreme,Song for Love,,0,1,0,,not_enriched,unreviewed
3356,S263eb41442,John Tesh,Gloria in Excelsis Deo,,0,1,0,,not_enriched,unreviewed
3357,S26427c3791,ZZ Top,Rough Boy,,0,1,0,,not_enriched,unreviewed
3358,S264abe5f8e,Don Henley,The Unclouded Day,,0,1,0,,not_enriched,unreviewed
3359,S264d92d059,Bruce Springsteen,Tenth Avenue Freeze‐Out,,0,1,0,,not_enriched,unreviewed
3360,S265f8d38c5,L.A. Guns,Showdown (Riot on Sunset),,0,1,0,,not_enriched,unreviewed
3361,S2683248d82,Phil Collins,I Don’t Wanna Know,,0,1,0,,not_enriched,unreviewed
3362,S2685f4f3d5,Elton John,Dirty Little Girl,,0,1,0,,not_enriched,unreviewed
3363,S268659824a,Billy Joel,And So It Goes,,0,1,0,,not_enriched,unreviewed
3364,S26940a8360,Bruce Springsteen,Night,,0,1,0,,not_enriched,unreviewed
3365,S26984bbe16,a‐ha,Here I Stand and Face the Rain,,0,1,0,,not_enriched,unreviewed
3366,S26a0a6dda2,George Harrison,Someplace Else,,0,1,0,,not_enriched,unreviewed
3367,S26a4d91b4d,Danny Spanos,Slice of Life,,0,1,0,,not_enriched,unreviewed
3368,S26ae215a50,Rita Coolidge,Good Times,,0,1,0,,not_enriched,unreviewed
3369,S26b1073e98,Izzy Stradlin and the Ju Ju Hounds,Train Tracks,,0,1,0,,not_enriched,unreviewed
3370,S26b30b8bab,John Lennon,Give Me Something,,0,1,0,,not_enriched,unreviewed
3371,S26c0bf754f,Neil Young,Eldorado,,0,1,0,,not_enriched,unreviewed
3372,S26c63427d4,The Doors,Gloria,,0,1,0,,not_enriched,unreviewed
3373,S26cc7a67a2,Cheap Trick,Getting Better,,0,1,0,,not_enriched,unreviewed
3374,S26cd374c2e,Steve Miller Band,Cry Cry Cry,,0,1,0,,not_enriched,unreviewed
3375,S26d06f1d49,Tommy James & the Shondells,Crystal Blue Persuasion,,0,1,0,,not_enriched,unreviewed
3376,S26d2dbc9c2,Planet P Project,Why Me?,,0,1,0,,not_enriched,unreviewed
3377,S26dd325d39,Jim Morrison,Awake,,0,1,0,,not_enriched,unreviewed
3378,S26e04b3a02,Enigma,The Voice & The Snake,,0,1,0,,not_enriched,unreviewed
3379,S26e40a12f6,Grateful Dead,Sugar Magnolia,,0,1,0,,not_enriched,unreviewed
3380,S26e44ff4db,Carpenters,It's Christmas Time,,0,1,0,,not_enriched,unreviewed
3381,S26ea0e72d6,Neil Young,White Line,,0,1,0,,not_enriched,unreviewed
3382,S26eb3817d4,Sammy Hagar,Never Give Up,,0,1,0,,not_enriched,unreviewed
3383,S26ec9354f0,Mad Season,Long Gone Day,,0,1,0,,not_enriched,unreviewed
3384,S26fcd21ac9,Player,Love Is Where You Find It,,0,1,0,,not_enriched,unreviewed
3385,S2702cab4cd,Britny Fox,Standing in the Shadows,,0,1,0,,not_enriched,unreviewed
3386,S2704ba3472,Night Ranger,Night Ranger,,0,1,0,,not_enriched,unreviewed
3387,S271518dfec,Lou Reed,Hold On,,0,1,0,,not_enriched,unreviewed
3388,S271b1e71be,Jefferson Starship,Things to Come,,0,1,0,,not_enriched,unreviewed
3389,S2731ec1307,Van Halen,Drop Dead Legs,,0,1,0,,not_enriched,unreviewed
3390,S273495b65c,Jackson Browne,Boulevard,,0,1,0,,not_enriched,unreviewed
3391,S27357db09b,Jefferson Airplane,White Rabbit,,0,1,0,,not_enriched,unreviewed
3392,S2736c48c2c,Anderson Bruford Wakeman Howe,Benjamin Britten's Young Person's Guide to the Orchestra,,0,1,0,,not_enriched,unreviewed
3393,S2743760993,Aerosmith,Girl Keeps Coming Apart,,0,1,0,,not_enriched,unreviewed
3394,S27597c30ae,The Who,One at a Time,,0,1,0,,not_enriched,unreviewed
3395,S275d478e4b,The Four Seasons,Slip Away,,0,1,0,,not_enriched,unreviewed
3396,S276e1753de,The Hollies,Pick Up the Pieces Again,,0,1,0,,not_enriched,unreviewed
3397,S2777e9b3e6,Spandau Ballet,Heaven Is a Secret,,0,1,0,,not_enriched,unreviewed
3398,S277a258125,Queen,Death on Two Legs (Dedicated to…),,0,1,0,,not_enriched,unreviewed
3399,S277bbb02eb,Kenny Loggins,Whenever I Call You “Friend”,,0,1,0,,not_enriched,unreviewed
3400,S2781b833b1,Cyndi Lauper,Girls Just Want to Have Fun,,0,1,0,,not_enriched,unreviewed
3401,S27825c4b13,Paul McCartney & Wings,Take It Away (Monitor mix),,0,1,0,,not_enriched,unreviewed
3402,S278995eccd,Bonnie Raitt,Love Letter,,0,1,0,,not_enriched,unreviewed
3403,S278d682440,Enya,Smaointe...,,0,1,0,,not_enriched,unreviewed
3404,S2791260437,Quarterflash,Williams Avenue,,0,1,0,,not_enriched,unreviewed
3405,S279a40834d,Al Stewart,Song on the Radio,,0,1,0,,not_enriched,unreviewed
3406,S279f4d3fb2,Alice Cooper,The Great American Success Story,,0,1,0,,not_enriched,unreviewed
3407,S27a9b4d012,John Cougar Mellencamp,Empty Hands,,0,1,0,,not_enriched,unreviewed
3408,S27b23faa92,Loverboy,Friday Night,,0,1,0,,not_enriched,unreviewed
3409,S27d8acb3d0,Burton Cummings,Is It Really Right,,0,1,0,,not_enriched,unreviewed
3410,S27e2695b09,REO Speedwagon,The Unidentified Flying Tuna Trot,,0,1,0,,not_enriched,unreviewed
3411,S27f1ed3aee,Sponge,Rotting Piñata,,0,1,0,,not_enriched,unreviewed
3412,S27f235e743,Head East,Elijah,,0,1,0,,not_enriched,unreviewed
3413,S27f6818f21,The Youngbloods,Grizzly Bear,,0,1,0,,not_enriched,unreviewed
3414,S27f808d766,Stone Temple Pilots,Vasoline,,0,1,0,,not_enriched,unreviewed
3415,S27fba0546e,Genesis,Me and Sarah Jane,,0,1,0,,not_enriched,unreviewed
3416,S27fdad1c66,Bob Seger & the Silver Bullet Band,Get Out of Denver,,0,1,0,,not_enriched,unreviewed
3417,S2804e5d8f3,The Georgia Satellites,My Baby,,0,1,0,,not_enriched,unreviewed
3418,S280d61be5f,TNT,Incipits,,0,1,0,,not_enriched,unreviewed
3419,S280dda4b21,Roy Orbison,The Only One,,0,1,0,,not_enriched,unreviewed
3420,S2813eedd02,Collective Soul,Collection of Goods,,0,1,0,,not_enriched,unreviewed
3421,S2815579a03,Nick Lowe,Born Fighter,,0,1,0,,not_enriched,unreviewed
3422,S281748121b,Eurythmics,Missionary Man,,0,1,0,,not_enriched,unreviewed
3423,S28193399ea,Planet P Project,Baby's at the Door,,0,1,0,,not_enriched,unreviewed
3424,S281f17f8d2,Jefferson Starship,Count On Me,,0,1,0,,not_enriched,unreviewed
3425,S2827dc62af,Jim Capaldi,Bad Breaks,,0,1,0,,not_enriched,unreviewed
3426,S282b584e2a,Eurythmics,17 Again,,0,1,0,,not_enriched,unreviewed
3427,S2832d3d0eb,Heart,Sylvan Song,,0,1,0,,not_enriched,unreviewed
3428,S283b4d0ad4,Genesis,Me and Virgil,,0,1,0,,not_enriched,unreviewed
3429,S283f469efd,The Allman Brothers Band,Let Me Ride,,0,1,0,,not_enriched,unreviewed
3430,S284166d735,Roxy Music,Running Wild,,0,1,0,,not_enriched,unreviewed
3431,S2842cd4698,"Crosby, Stills, Nash & Young",Looking Forward,,0,1,0,,not_enriched,unreviewed
3432,S284480d187,Collective Soul,Not the One,,0,1,0,,not_enriched,unreviewed
3433,S284942a626,SCANDAL,Aitai,,0,1,0,,not_enriched,unreviewed
3434,S284c1cb62d,Robbie Robertson,American Roulette,,0,1,0,,not_enriched,unreviewed
3435,S284f641a8c,Go‐Go’s,Fading Fast,,0,1,0,,not_enriched,unreviewed
3436,S285421e2fa,Electric Light Orchestra,Nightrider,,0,1,0,,not_enriched,unreviewed
3437,S28559f9a6e,Enya,How Can I Keep From Singing?,,0,1,0,,not_enriched,unreviewed
3438,S285b00b8b8,AC/DC,Mistress for Christmas,,0,1,0,,not_enriched,unreviewed
3439,S285f1b701c,The Cars,Panorama,,0,1,0,,not_enriched,unreviewed
3440,S28682b48c9,"Crosby, Stills & Nash",See the Changes,,0,1,0,,not_enriched,unreviewed
3441,S286c40d70c,Tom Petty and the Heartbreakers,Between Two Worlds,,0,1,0,,not_enriched,unreviewed
3442,S286ff63272,Robert Plant,I Cried,,0,1,0,,not_enriched,unreviewed
3443,S287158efdb,Steve Miller Band,Living in the U.S.A.,,0,1,0,,not_enriched,unreviewed
3444,S28769f5a5d,Aerosmith,Mama Kin,,0,1,0,,not_enriched,unreviewed
3445,S287e6a8436,Three Dog Night,Chained,,0,1,0,,not_enriched,unreviewed
3446,S288ee2528a,38 Special,Back Door Stranger,,0,1,0,,not_enriched,unreviewed
3447,S28916e66b2,Honeymoon Suite,Burning in Love,,0,1,0,,not_enriched,unreviewed
3448,S28922b1d5e,Adam Ant,Piccadilly,,0,1,0,,not_enriched,unreviewed
3449,S2892ec6005,John Lennon,Instant Karma!,,0,1,0,,not_enriched,unreviewed
3450,S28990c6cd6,Derek and the Dominos,Evil,,0,1,0,,not_enriched,unreviewed
3451,S289b4332b2,Jesus Jones,Welcome Back Victoria,,0,1,0,,not_enriched,unreviewed
3452,S28a1aa6dd3,The Alan Parsons Project,If I Could Change Your Mind,,0,1,0,,not_enriched,unreviewed
3453,S28afda397c,Steve Miller Band,Perfect World,,0,1,0,,not_enriched,unreviewed
3454,S28b0463804,Nick Lowe,Switchboard Susan,,0,1,0,,not_enriched,unreviewed
3455,S28b8e077d0,ZZ Top,Woke Up With Wood,,0,1,0,,not_enriched,unreviewed
3456,S28bab1321b,Grateful Dead,Throwing Stones,,0,1,0,,not_enriched,unreviewed
3457,S28bae0b9a9,Toto,If It's the Last Night,,0,1,0,,not_enriched,unreviewed
3458,S28c3904f63,Paul Simon,Me and Julio Down by the Schoolyard,,0,1,0,,not_enriched,unreviewed
3459,S28c4e80872,Steve Miller Band,Circle of Love,,0,1,0,,not_enriched,unreviewed
3460,S28c7d02e89,Santana,Hannibal,,0,1,0,,not_enriched,unreviewed
3461,S28c83d008d,Matchbox 20,Real World,,0,1,0,,not_enriched,unreviewed
3462,S28cc6a74e8,Molly Hatchet,Flirtin' With Disaster,,0,1,0,,not_enriched,unreviewed
3463,S28d92956d0,Joe Walsh,The Confessor,,0,1,0,,not_enriched,unreviewed
3464,S28db8ee166,Doors,Crawling King Snake,,0,1,0,,not_enriched,unreviewed
3465,S28dee4de47,Steve Winwood,Slowdown Sundown,,0,1,0,,not_enriched,unreviewed
3466,S28e41561b2,Cinderella,One for Rock and Roll,,0,1,0,,not_enriched,unreviewed
3467,S28efe28b97,Collective Soul,Slow,,0,1,0,,not_enriched,unreviewed
3468,S28ff36fc18,Glenn Frey,That Girl,,0,1,0,,not_enriched,unreviewed
3469,S29077f699f,Elton John,Made in England,,0,1,0,,not_enriched,unreviewed
3470,S29106fb360,Sponge,Neenah Menasha,,0,1,0,,not_enriched,unreviewed
3471,S291500a4b8,Little River Band,Hard Life,,0,1,0,,not_enriched,unreviewed
3472,S291c60d691,Bruce Hornsby and the Range,Every Little Kiss,,0,1,0,,not_enriched,unreviewed
3473,S291e87d6af,Joan Jett & the Blackhearts,I Love Rock ’n’ Roll,,0,1,0,,not_enriched,unreviewed
3474,S292b0b63c7,Dan Fogelberg,Souvenirs,,0,1,0,,not_enriched,unreviewed
3475,S292c34d57c,Harry Chapin,Flowers Are Red,,0,1,0,,not_enriched,unreviewed
3476,S292ed749fd,The Four Seasons,Who Loves You,,0,1,0,,not_enriched,unreviewed
3477,S293b5b68ec,Cyndi Lauper,When You Were Mine,,0,1,0,,not_enriched,unreviewed
3478,S294a3aaafc,Kim Mitchell,That’s the Hold,,0,1,0,,not_enriched,unreviewed
3479,S294bf4375d,Kenny Rogers & The First Edition,Ticket to Nowhere,,0,1,0,,not_enriched,unreviewed
3480,S295bd1fd77,Robbie Robertson,Sweet Fire of Love,,0,1,0,,not_enriched,unreviewed
3481,S295df22166,Jethro Tull,Wond'ring Aloud,,0,1,0,,not_enriched,unreviewed
3482,S2969001003,Paul McCartney,Ou est le soleil,,0,1,0,,not_enriched,unreviewed
3483,S296c7c525c,Grateful Dead,Touch of Grey,,0,1,0,,not_enriched,unreviewed
3484,S29718cfc7c,Bob Welch,Church,,0,1,0,,not_enriched,unreviewed
3485,S2972fa1f90,ZZ Top,Delirious,,0,1,0,,not_enriched,unreviewed
3486,S297b73960b,Def Leppard,Too Late for Love,,0,1,0,,not_enriched,unreviewed
3487,S297c32f619,Pink Floyd,Sorrow,,0,1,0,,not_enriched,unreviewed
3488,S29848ea924,Eric Clapton,Double Trouble,,0,1,0,,not_enriched,unreviewed
3489,S29871af730,The Vaughan Brothers,Hillbillies From Outerspace,,0,1,0,,not_enriched,unreviewed
3490,S298bf3dc23,Ted Nugent,Queen of the Forest,,0,1,0,,not_enriched,unreviewed
3491,S2999fdd833,Queen,Body Language,,0,1,0,,not_enriched,unreviewed
3492,S29a167ad83,Tommy Shaw,The Race Is On,,0,1,0,,not_enriched,unreviewed
3493,S29a2e442e9,The Hooters,Don't Take My Car Out Tonight,,0,1,0,,not_enriched,unreviewed
3494,S29be7498c9,Richard Marx,The Flame of Love,,0,1,0,,not_enriched,unreviewed
3495,S29bfcb7474,Alice in Chains,It Ain't Like That,,0,1,0,,not_enriched,unreviewed
3496,S29c1b4030c,Michael Bolton,Fighting for My Life,,0,1,0,,not_enriched,unreviewed
3497,S29c3184634,Porno for Pyros,Orgasm,,0,1,0,,not_enriched,unreviewed
3498,S29c9dd1260,Cinderella,Dead Man's Road,,0,1,0,,not_enriched,unreviewed
3499,S29cd9ce3c3,Rick Derringer,Teenage Queen,,0,1,0,,not_enriched,unreviewed
3500,S29da418ecd,Billy Squier,She's a Runner,,0,1,0,,not_enriched,unreviewed
3501,S29df4d7e72,38 Special,Back Where You Belong,,0,1,0,,not_enriched,unreviewed
3502,S29e207f3f2,Def Leppard,Foolin’,,0,1,0,,not_enriched,unreviewed
3503,S29e87c348a,Great White,If I Ever Saw a Good Thing,,0,1,0,,not_enriched,unreviewed
3504,S29ea625dad,Chicago,We Can Stop the Hurtin’,,0,1,0,,not_enriched,unreviewed
3505,S29fe4292b0,Asia,Days Like These,,0,1,0,,not_enriched,unreviewed
3506,S2a0a3f3d18,Ringo Starr,Husbands and Wives,,0,1,0,,not_enriched,unreviewed
3507,S2a0d68d8e8,Russ Ballard,Riding With the Angels,,0,1,0,,not_enriched,unreviewed
3508,S2a12a27361,Lou Reed,Busload of Faith,,0,1,0,,not_enriched,unreviewed
3509,S2a1f6e0dd7,Baltimora,Up With Baltimora,,0,1,0,,not_enriched,unreviewed
3510,S2a26b411e4,Queen,I’m Going Slightly Mad,,0,1,0,,not_enriched,unreviewed
3511,S2a2ee43867,Dire Straits,Skateaway,,0,1,0,,not_enriched,unreviewed
3512,S2a3a503ffd,Sweet,Ballroom Blitz,,0,1,0,,not_enriched,unreviewed
3513,S2a412f924e,Paula Cole,Nietzsche’s Eyes,,0,1,0,,not_enriched,unreviewed
3514,S2a41be48f5,Romeo Void,A Girl in Trouble (Is a Temporary Thing),,0,1,0,,not_enriched,unreviewed
3515,S2a48ba0b32,Joe Walsh,Over and Over,,0,1,0,,not_enriched,unreviewed
3516,S2a5640724a,U2,Lemon,,0,1,0,,not_enriched,unreviewed
3517,S2a57459d24,Loverboy,It's Never Easy,,0,1,0,,not_enriched,unreviewed
3518,S2a7218e317,SCANDAL,Kagerou -album mix-,,0,1,0,,not_enriched,unreviewed
3519,S2a781149dd,Steve Miller Band,Blue Eyes,,0,1,0,,not_enriched,unreviewed
3520,S2a7a2434ef,Blondie,In the Flesh,,0,1,0,,not_enriched,unreviewed
3521,S2a7cbffaa4,Anderson Bruford Wakeman Howe,Birthright,,0,1,0,,not_enriched,unreviewed
3522,S2a7dbaa873,Ten Years After,Baby Won’t You Let Me Rock ’n’ Roll You,,0,1,0,,not_enriched,unreviewed
3523,S2a83891f9e,Styx,All in a Day’s Work,,0,1,0,,not_enriched,unreviewed
3524,S2a8c8eee41,Janet Jackson,State Of The World,,0,1,0,,not_enriched,unreviewed
3525,S2a8f8aab7e,Tom Cochrane & Red Rider,Citizen Cain,,0,1,0,,not_enriched,unreviewed
3526,S2a91202648,Talking Heads,Don’t Worry About the Government,,0,1,0,,not_enriched,unreviewed
3527,S2a93737fe2,Squeeze,Messed Around,,0,1,0,,not_enriched,unreviewed
3528,S2a937e9a6c,REO Speedwagon,Keep the Fire Burnin’,,0,1,0,,not_enriched,unreviewed
3529,S2ab063eb08,Queensrÿche,Empire,,0,1,0,,not_enriched,unreviewed
3530,S2ab912602c,Rossington Collins Band,Don’t Misunderstand Me,,0,1,0,,not_enriched,unreviewed
3531,S2ac84f7600,Kenny Rogers & The First Edition,She Even Woke Me Up to Say Goodbye,,0,1,0,,not_enriched,unreviewed
3532,S2acc489272,Phil Collins,That’s Just the Way It Is,,0,1,0,,not_enriched,unreviewed
3533,S2acf67a2da,Gin Blossoms,Lost Horizons,,0,1,0,,not_enriched,unreviewed
3534,S2ad0739d43,Jackson Browne,Lawless Avenues,,0,1,0,,not_enriched,unreviewed
3535,S2ade3d19d2,Steve Winwood,Put on Your Dancing Shoes,,0,1,0,,not_enriched,unreviewed
3536,S2aeb0efab2,The Animals,Melt Down,,0,1,0,,not_enriched,unreviewed
3537,S2aedf6ab91,Electric Light Orchestra,In the Hall of the Mountain King (instrumental),,0,1,0,,not_enriched,unreviewed
3538,S2b0cf10f46,Mike & The Mechanics,Silent Running,,0,1,0,,not_enriched,unreviewed
3539,S2b14cae1a3,Sweet,AC‐DC,,0,1,0,,not_enriched,unreviewed
3540,S2b1f0d48aa,Eddie Money,Life for the Taking,,0,1,0,,not_enriched,unreviewed
3541,S2b21d4dde1,The Rolling Stones,Some Girls,,0,1,0,,not_enriched,unreviewed
3542,S2b308c5943,Tom Cochrane & Red Rider,The Untouchable One,,0,1,0,,not_enriched,unreviewed
3543,S2b322feb5f,Bruce Springsteen,Tougher Than the Rest,,0,1,0,,not_enriched,unreviewed
3544,S2b38f03c62,The Wallflowers,One Headlight,,0,1,0,,not_enriched,unreviewed
3545,S2b3eb32be3,Taylor Dayne,Ain’t No Good,,0,1,0,,not_enriched,unreviewed
3546,S2b3ec5eed3,Firefall,Getaway,,0,1,0,,not_enriched,unreviewed
3547,S2b41a362b3,Billy Squier,Fall for Love,,0,1,0,,not_enriched,unreviewed
3548,S2b443aa418,Nirvana,Heart‐Shaped Box,,0,1,0,,not_enriched,unreviewed
3549,S2b480592c9,Freedom And Whiskey,Comin Down Heavy,,0,1,0,,not_enriched,unreviewed
3550,S2b51d47c4b,Tom Petty,Honey Bee,,0,1,0,,not_enriched,unreviewed
3551,S2b52b5916f,The Beatles,"Komm, gib mir deine Hand (I Want to Hold Your Hand)",,0,1,0,,not_enriched,unreviewed
3552,S2b5a60906a,Shania Twain,Come on Over,,0,1,0,,not_enriched,unreviewed
3553,S2b61b88bc6,Bing Crosby,White Christmas,,0,1,0,,not_enriched,unreviewed
3554,S2b67644937,INXS,The One Thing,,0,1,0,,not_enriched,unreviewed
3555,S2b6cade5d4,The Rolling Stones,You Gotta Move,,0,1,0,,not_enriched,unreviewed
3556,S2b71f498fe,Queen,Delilah,,0,1,0,,not_enriched,unreviewed
3557,S2b7b601a26,St. Paul,Shooting Star,,0,1,0,,not_enriched,unreviewed
3558,S2b8b8708cc,The Motels,Suddenly Last Summer,,0,1,0,,not_enriched,unreviewed
3559,S2b8fd1375e,Eddie Money,Maureen,,0,1,0,,not_enriched,unreviewed
3560,S2b961e4ee6,Nick Lowe,She Don’t Love Nobody,,0,1,0,,not_enriched,unreviewed
3561,S2b9b520aa7,Bad Company,Dangerous Age,,0,1,0,,not_enriched,unreviewed
3562,S2b9f7f5cb9,ZZ Top,Ten Dollar Man,,0,1,0,,not_enriched,unreviewed
3563,S2bb681d4c1,Bob Seger & the Silver Bullet Band,Katmandu,,0,1,0,,not_enriched,unreviewed
3564,S2bb75cb4d7,Todd Rundgren,Parallel Lines,,0,1,0,,not_enriched,unreviewed
3565,S2bc03aa35e,The Doobie Brothers,Too High a Price,,0,1,0,,not_enriched,unreviewed
3566,S2bc77114b8,Kim Carnes,My Old Pals,,0,1,0,,not_enriched,unreviewed
3567,S2be22d9f25,Porno for Pyros,Cursed Female,,0,1,0,,not_enriched,unreviewed
3568,S2c00137fc2,38 Special,Rough-Housin’,,0,1,0,,not_enriched,unreviewed
3569,S2c0178e0a6,"Phantom, Rocker and Slick",Men Without Shame,,0,1,0,,not_enriched,unreviewed
3570,S2c0b2c64ac,AC/DC,Are You Ready,,0,1,0,,not_enriched,unreviewed
3571,S2c190e0324,Warrant,32 Pennies,,0,1,0,,not_enriched,unreviewed
3572,S2c230e4f4a,The Beach Boys,Frosty the Snowman,,0,1,0,,not_enriched,unreviewed
3573,S2c2cbed672,"Crosby, Stills & Nash",Dark Star,,0,1,0,,not_enriched,unreviewed
3574,S2c4220bd0e,Shania Twain,Don’t Be Stupid (You Know I Love You),,0,1,0,,not_enriched,unreviewed
3575,S2c446fb321,Icehouse,Break These Chains,,0,1,0,,not_enriched,unreviewed
3576,S2c4bb12e5e,Jethro Tull,Witches Promise,,0,1,0,,not_enriched,unreviewed
3577,S2c4f6b20e6,Duran Duran,UMF,,0,1,0,,not_enriched,unreviewed
3578,S2c5209065e,The Rembrandts,Someone,,0,1,0,,not_enriched,unreviewed
3579,S2c5bedce46,Neil Young,Country Home,,0,1,0,,not_enriched,unreviewed
3580,S2c5c91f32b,Aerosmith,Going Down / Love in an Elevator,,0,1,0,,not_enriched,unreviewed
3581,S2c66d57a2b,Tears for Fears,Tears Roll Down,,0,1,0,,not_enriched,unreviewed
3582,S2c678b4997,Electric Light Orchestra,When Time Stood Still,,0,1,0,,not_enriched,unreviewed
3583,S2c7165f550,Blondie,Atomic,,0,1,0,,not_enriched,unreviewed
3584,S2c7baa5a60,The Beach Boys,Aren't You Glad,,0,1,0,,not_enriched,unreviewed
3585,S2c83ca6bce,Lindsey Buckingham,I Want You,,0,1,0,,not_enriched,unreviewed
3586,S2c8445f2d0,REO Speedwagon,Stillness of the Night,,0,1,0,,not_enriched,unreviewed
3587,S2c89151364,Icehouse,Crazy,,0,1,0,,not_enriched,unreviewed
3588,S2ca16b1b40,Van Morrison,Caravan,,0,1,0,,not_enriched,unreviewed
3589,S2ca1b8617f,Billy Ocean,Caribbean Queen (No More Love on the Run),,0,1,0,,not_enriched,unreviewed
3590,S2ca481fd6b,John Lennon,Imagine,,0,1,0,,not_enriched,unreviewed
3591,S2caee7bf71,Tears for Fears,Broken,,0,1,0,,not_enriched,unreviewed
3592,S2cbb7b2f6b,Kenny Rogers & The First Edition,Conditions (Just Dropped In),,0,1,0,,not_enriched,unreviewed
3593,S2cc07b45bb,Yes,Angkor Wat,,0,1,0,,not_enriched,unreviewed
3594,S2cc2e079e7,Joe Walsh,Life’s Been Good,,0,1,0,,not_enriched,unreviewed
3595,S2cc5c83f67,Bad Company,Dead of the Night,,0,1,0,,not_enriched,unreviewed
3596,S2cc96a51f5,Novo Combo,Up Periscope,,0,1,0,,not_enriched,unreviewed
3597,S2cce52fe56,Vernell Brown Jr.,Vernellergize,,0,1,0,,not_enriched,unreviewed
3598,S2cdc99cf41,Sherbs,Crazy in the Night,,0,1,0,,not_enriched,unreviewed
3599,S2ce1585240,The Animals,Hard Times,,0,1,0,,not_enriched,unreviewed
3600,S2ce7d5fab4,Mötley Crüe,Sticky Sweet,,0,1,0,,not_enriched,unreviewed
3601,S2ce84be026,Gibson Brothers,Metropolis,,0,1,0,,not_enriched,unreviewed
3602,S2cedd48357,Foghat,My Babe,,0,1,0,,not_enriched,unreviewed
3603,S2cedd56fd4,Stevie Ray Vaughan and Double Trouble,Scuttle Buttin’,,0,1,0,,not_enriched,unreviewed
3604,S2ceef0dd62,Robert Palmer,Woman You're Wonderful,,0,1,0,,not_enriched,unreviewed
3605,S2cefa1b560,Jimi Hendrix Experience,All Along the Watchtower,,0,1,0,,not_enriched,unreviewed
3606,S2cf063d04c,Jackson Browne,Tender Is the Night,,0,1,0,,not_enriched,unreviewed
3607,S2d04f3b514,Pete Bardens,Home Thoughts,,0,1,0,,not_enriched,unreviewed
3608,S2d091526d1,a‐ha,I Dream Myself Alive,,0,1,0,,not_enriched,unreviewed
3609,S2d0cb6ecee,Pearl Jam,Leash,,0,1,0,,not_enriched,unreviewed
3610,S2d2693e982,Blind Melon,I Wonder,,0,1,0,,not_enriched,unreviewed
3611,S2d29462039,Harry Chapin,Mail Order Annie,,0,1,0,,not_enriched,unreviewed
3612,S2d2f9b4631,"Crosby, Stills & Nash",Carried Away,,0,1,0,,not_enriched,unreviewed
3613,S2d37f86fdf,Carpenters,Sing,,0,1,0,,not_enriched,unreviewed
3614,S2d388a81f9,Helix,Never Want to Lose You,,0,1,0,,not_enriched,unreviewed
3615,S2d395f3e5a,Enya,Cursum Perficio,,0,1,0,,not_enriched,unreviewed
3616,S2d3d50f96d,KISS,Not for the Innocent,,0,1,0,,not_enriched,unreviewed
3617,S2d3ea8db75,Roxy Music,No Strange Delight,,0,1,0,,not_enriched,unreviewed
3618,S2d48c09be9,R.E.M.,Romance,,0,1,0,,not_enriched,unreviewed
3619,S2d4e2d8eea,.38 Special,First Time Around,,0,1,0,,not_enriched,unreviewed
3620,S2d4f69fb1e,Queen,Crazy Little Thing Called Love,,0,1,0,,not_enriched,unreviewed
3621,S2d57dec01e,Janet Jackson,Interlude: Livin'... In Complete Darkness,,0,1,0,,not_enriched,unreviewed
3622,S2d591b7d48,Commodores,Going to the Bank,,0,1,0,,not_enriched,unreviewed
3623,S2d6114e55e,Van Halen,Happy Trails,,0,1,0,,not_enriched,unreviewed
3624,S2d65206f4c,Eddie Money,One Love,,0,1,0,,not_enriched,unreviewed
3625,S2d72840267,The Romantics,Diggin’ on You,,0,1,0,,not_enriched,unreviewed
3626,S2d86a0af13,David Crosby,Monkey and the Underdog,,0,1,0,,not_enriched,unreviewed
3627,S2d885d44fd,Extreme,Money (In God We Trust),,0,1,0,,not_enriched,unreviewed
3628,S2d8f7b4b07,Danger Danger,Bang Bang,,0,1,0,,not_enriched,unreviewed
3629,S2d9267fc06,The Black Crowes,She Gave Good Sunflower,,0,1,0,,not_enriched,unreviewed
3630,S2d974d8b17,Nazareth,Rose in the Heather,,0,1,0,,not_enriched,unreviewed
3631,S2d987dd519,Billy Joel,Sleeping With the Television On,,0,1,0,,not_enriched,unreviewed
3632,S2da0bbcacd,Billy Squier,The Stroke,,0,1,0,,not_enriched,unreviewed
3633,S2da83617ca,Elton John,I Guess That’s Why They Call It the Blues,,0,1,0,,not_enriched,unreviewed
3634,S2dbbbec07b,Pink Floyd,Set the Controls for the Heart of the Sun,,0,1,0,,not_enriched,unreviewed
3635,S2dc1731792,Helix,Don't Get Mad Get Even,,0,1,0,,not_enriched,unreviewed
3636,S2dc1c3c33a,Jesus Jones,Blissed,,0,1,0,,not_enriched,unreviewed
3637,S2dc31e808a,Billy Ocean,Syncopation,,0,1,0,,not_enriched,unreviewed
3638,S2dce9fd03b,Bette Midler,Miss Otis Regrets,,0,1,0,,not_enriched,unreviewed
3639,S2dd1096d83,Eddie Money,She Takes My Breath Away,,0,1,0,,not_enriched,unreviewed
3640,S2dd1fee187,Jimi Hendrix Experience,Purple Haze,,0,1,0,,not_enriched,unreviewed
3641,S2dd24aaeb2,The Fixx,Reach the Beach,,0,1,0,,not_enriched,unreviewed
3642,S2ddac5e5aa,Tony Carey,Sing Along,,0,1,0,,not_enriched,unreviewed
3643,S2de21607d7,Burton Cummings,Niki Hoeky,,0,1,0,,not_enriched,unreviewed
3644,S2de2e6b508,Missing Persons,Rock and Roll Suspension,,0,1,0,,not_enriched,unreviewed
3645,S2de7c6d1c1,Three Dog Night,Tulsa Turnaround,,0,1,0,,not_enriched,unreviewed
3646,S2deb659024,Robert Palmer,Mercy Me Me / I Want You,,0,1,0,,not_enriched,unreviewed
3647,S2df01203cc,Steve Miller Band,Song for Our Ancestors,,0,1,0,,not_enriched,unreviewed
3648,S2df38c835d,Great White,Old Rose Motel,,0,1,0,,not_enriched,unreviewed
3649,S2df402fac1,George Thorogood & the Destroyers,Willie and the Hand Jive,,0,1,0,,not_enriched,unreviewed
3650,S2df731a588,"Peter, Paul & Mary",'Twas the Night Before Christmas,,0,1,0,,not_enriched,unreviewed
3651,S2dfc639b2e,Asia,Cutting It Fine,,0,1,0,,not_enriched,unreviewed
3652,S2e00dfe906,Michael Stanley Band,Night by Night,,0,1,0,,not_enriched,unreviewed
3653,S2e084daa10,The Pretenders,Lovers of Today,,0,1,0,,not_enriched,unreviewed
3654,S2e0a53cd5b,The Charlie Daniels Band,In America,,0,1,0,,not_enriched,unreviewed
3655,S2e18ee046d,Traveling Wilburys,Where Were You Last Night?,,0,1,0,,not_enriched,unreviewed
3656,S2e2928518f,Heart,Dream of the Archer,,0,1,0,,not_enriched,unreviewed
3657,S2e2f339855,Bad Company,Lay Your Love on Me,,0,1,0,,not_enriched,unreviewed
3658,S2e3d452420,Anderson Bruford Wakeman Howe,Brother of Mine,,0,1,0,,not_enriched,unreviewed
3659,S2e3d77cb99,The Call,Same Ol' Story,,0,1,0,,not_enriched,unreviewed
3660,S2e51b8e63b,Fleetwood Mac,Only Over You,,0,1,0,,not_enriched,unreviewed
3661,S2e55c66ac7,George Carlin,The 11 O'clock News,,0,1,0,,not_enriched,unreviewed
3662,S2e5ac5538b,Jewel,This Little Bird,,0,1,0,,not_enriched,unreviewed
3663,S2e60351a36,Franke & the Knockouts,Never Had It Better,,0,1,0,,not_enriched,unreviewed
3664,S2e620d1991,Kim Carnes,Miss You Tonite,,0,1,0,,not_enriched,unreviewed
3665,S2e72f90f43,Tears for Fears,Listen,,0,1,0,,not_enriched,unreviewed
3666,S2e75104324,The Fixx,Woman on a Train,,0,1,0,,not_enriched,unreviewed
3667,S2e7b50040b,Loverboy,Lucky Ones,,0,1,0,,not_enriched,unreviewed
3668,S2e8103b75f,Bette Midler,Only in Miami,,0,1,0,,not_enriched,unreviewed
3669,S2e86e0e5ed,Billy Joel,Somewhere Along the Line,,0,1,0,,not_enriched,unreviewed
3670,S2e887a5a0a,Dan Fogelberg,Gypsy Wind,,0,1,0,,not_enriched,unreviewed
3671,S2e96e81f58,Billy Idol,The Right Way,,0,1,0,,not_enriched,unreviewed
3672,S2e9e8e4ae0,Badfinger,No Matter What,,0,1,0,,not_enriched,unreviewed
3673,S2ea2bc4978,David Baerwald,In the Morning,,0,1,0,,not_enriched,unreviewed
3674,S2eb040bf09,Ian Matthews,Carefully Taught,,0,1,0,,not_enriched,unreviewed
3675,S2eb92581d8,The Police,Don’t Stand So Close to Me,,0,1,0,,not_enriched,unreviewed
3676,S2eb9a4919a,Adam Ant,Manners & Physique,,0,1,0,,not_enriched,unreviewed
3677,S2eceec4dd5,Journey,Lay It Down,,0,1,0,,not_enriched,unreviewed
3678,S2ed6617538,Glenn Frey,Love in the 21st Century,,0,1,0,,not_enriched,unreviewed
3679,S2edd5d0659,Janet Jackson,Come Back To Me,,0,1,0,,not_enriched,unreviewed
3680,S2ee78aec99,The Rolling Stones,Dance,,0,1,0,,not_enriched,unreviewed
3681,S2ee93d1ca3,Billy Squier,Emotions in Motion,,0,1,0,,not_enriched,unreviewed
3682,S2eef051866,Robert Palmer,Between Us,,0,1,0,,not_enriched,unreviewed
3683,S2ef34fe2c7,Kenny Rogers,Love the World Away,,0,1,0,,not_enriched,unreviewed
3684,S2ef3ffe650,Billy Joel,Shameless,,0,1,0,,not_enriched,unreviewed
3685,S2ef5213427,The Monkees,Daydream Believer,,0,1,0,,not_enriched,unreviewed
3686,S2efb07f3f5,Duran Duran,Sin of the City,,0,1,0,,not_enriched,unreviewed
3687,S2f04be7c02,Nick Lowe,So It Goes,,0,1,0,,not_enriched,unreviewed
3688,S2f068c1932,The Beatles,Anna (Go to Him),,0,1,0,,not_enriched,unreviewed
3689,S2f08103c5c,Grand Funk Railroad,Wild,,0,1,0,,not_enriched,unreviewed
3690,S2f0945fcdb,Cliff Richard,You’ve Got to Give Me All Your Lovin’,,0,1,0,,not_enriched,unreviewed
3691,S2f21aeabe7,R.E.M.,It's the End of the World as We Know It (and I Feel Fine),,0,1,0,,not_enriched,unreviewed
3692,S2f23bbc610,Greg Kihn,Understander,,0,1,0,,not_enriched,unreviewed
3693,S2f28df37df,REO Speedwagon,Only the Strong Survive,,0,1,0,,not_enriched,unreviewed
3694,S2f2ee17b68,Loverboy,Bullet in the Chamber,,0,1,0,,not_enriched,unreviewed
3695,S2f30d82978,Elton John,Mona Lisas and Mad Hatters,,0,1,0,,not_enriched,unreviewed
3696,S2f33ade10d,Sly & the Family Stone,Dance to the Music,,0,1,0,,not_enriched,unreviewed
3697,S2f33f7a6c5,Chris Isaak,Lonely With a Broken Heart,,0,1,0,,not_enriched,unreviewed
3698,S2f340ae275,Electric Light Orchestra,Do Ya,,0,1,0,,not_enriched,unreviewed
3699,S2f354c359d,Neil Young,Scenery,,0,1,0,,not_enriched,unreviewed
3700,S2f35c22c38,John Cougar Mellencamp,The Real Life,,0,1,0,,not_enriched,unreviewed
3701,S2f4445a292,Pretenders,I Go to Sleep,,0,1,0,,not_enriched,unreviewed
3702,S2f50a748d6,Electric Light Orchestra,The Bouncer,,0,1,0,,not_enriched,unreviewed
3703,S2f5e062be5,Wilson Phillips,You're in Love,,0,1,0,,not_enriched,unreviewed
3704,S2f6945f681,ZZ Top,Esther Be the One,,0,1,0,,not_enriched,unreviewed
3705,S2f70e8cb61,George Michael,Freedom 90,,0,1,0,,not_enriched,unreviewed
3706,S2f9a21b194,Richard Marx,Remember Manhattan,,0,1,0,,not_enriched,unreviewed
3707,S2f9c0f82dd,Yes,Give and Take,,0,1,0,,not_enriched,unreviewed
3708,S2f9e1e5f95,Night Ranger,Crazy World,,0,1,0,,not_enriched,unreviewed
3709,S2f9f954acc,SCANDAL,Hello!Hello!,,0,1,0,,not_enriched,unreviewed
3710,S2fa3cef71b,Nirvana,Territorial Pissings,,0,1,0,,not_enriched,unreviewed
3711,S2fa58b1ab9,Garth Brooks,Walking After Midnight,,0,1,0,,not_enriched,unreviewed
3712,S2fa80fe8c2,New Radicals,Maybe You’ve Been Brainwashed Too,,0,1,0,,not_enriched,unreviewed
3713,S2fa8d9ff5b,Loverboy,Meltdown,,0,1,0,,not_enriched,unreviewed
3714,S2faa4868c3,Nick Lowe,Half a Boy & Half a Man,,0,1,0,,not_enriched,unreviewed
3715,S2fb4bedf21,Don Henley,La Eile,,0,1,0,,not_enriched,unreviewed
3716,S2fc5347f83,Del Amitri,Behind the Fool,,0,1,0,,not_enriched,unreviewed
3717,S2fc8da4891,Bachman–Turner Overdrive,Roll On Down the Highway,,0,1,0,,not_enriched,unreviewed
3718,S2fe0ff0c69,April Wine,I’m Alive,,0,1,0,,not_enriched,unreviewed
3719,S2fe84a396b,Franz Schubert,"Ave Maria, op. 52 no. 6",,0,1,0,,not_enriched,unreviewed
3720,S2fedd0f281,Gregg Alexander,Cruel With Me,,0,1,0,,not_enriched,unreviewed
3721,S2fef24394c,Duran Duran,Love Voodoo,,0,1,0,,not_enriched,unreviewed
3722,S2ffada0337,U2,Zoo Station,,0,1,0,,not_enriched,unreviewed
3723,S2ffb72dcb1,Trixter,One in a Million,,0,1,0,,not_enriched,unreviewed
3724,S2ffe6df7f4,Tony Carey,Vigilante,,0,1,0,,not_enriched,unreviewed
3725,S300bd51c68,Cliff Richard,Devil Woman,,0,1,0,,not_enriched,unreviewed
3726,S3017402123,Steve Miller Band,Slinky,,0,1,0,,not_enriched,unreviewed
3727,S30184b32f2,Jimmy Page,Blues Anthem (If I Cannot Have Your Love ...),,0,1,0,,not_enriched,unreviewed
3728,S3024948c0a,Robert Plant,She Said,,0,1,0,,not_enriched,unreviewed
3729,S3027bc0e28,Tommy James & the Shondells,Say I Am (What I Am),,0,1,0,,not_enriched,unreviewed
3730,S302e6c8317,Billy Joel,Prelude / Angry Young Man,,0,1,0,,not_enriched,unreviewed
3731,S302edcbdda,Creedence Clearwater Revival,Don’t Look Now (It Ain’t You or Me),,0,1,0,,not_enriched,unreviewed
3732,S30320707f3,Scandal,Hands Tied,,0,1,0,,not_enriched,unreviewed
3733,S303a5c4b10,John Cafferty & the Beaver Brown Band,Tough All Over,,0,1,0,,not_enriched,unreviewed
3734,S303f516c77,Bonnie Raitt,Not the Only One,,0,1,0,,not_enriched,unreviewed
3735,S3043d16b80,Stevie Nicks,Stand Back,,0,1,0,,not_enriched,unreviewed
3736,S304789da80,Led Zeppelin,For Your Life,,0,1,0,,not_enriched,unreviewed
3737,S3049a156cf,Aerosmith,Write Me a Letter,,0,1,0,,not_enriched,unreviewed
3738,S304c516457,Marc Cohn,Miles Away,,0,1,0,,not_enriched,unreviewed
3739,S304c5b0ef8,The J. Geils Band,Flamethrower,,0,1,0,,not_enriched,unreviewed
3740,S304d66f9ea,Sinéad O’Connor,Jump in the River,,0,1,0,,not_enriched,unreviewed
3741,S30515a6ceb,Sherbs,I’ll Be Faster,,0,1,0,,not_enriched,unreviewed
3742,S30530ef99b,Kenny Rogers & The First Edition,Heed the Call,,0,1,0,,not_enriched,unreviewed
3743,S3058bc7d9a,The Outfield,After the Storm,,0,1,0,,not_enriched,unreviewed
3744,S305a7a5607,Van Halen,Jamie’s Cryin’,,0,1,0,,not_enriched,unreviewed
3745,S305bb9c73f,Adam Ant,Bright Lights Black Leather,,0,1,0,,not_enriched,unreviewed
3746,S307556e7b6,Billy Joel,Code of Silence,,0,1,0,,not_enriched,unreviewed
3747,S3088ff636a,Robert Plant,Ship of Fools,,0,1,0,,not_enriched,unreviewed
3748,S308926dea0,Eddie Money,Runnin’ Away,,0,1,0,,not_enriched,unreviewed
3749,S308ae18f86,Grateful Dead,Tons of Steel,,0,1,0,,not_enriched,unreviewed
3750,S308e15783f,Electric Light Orchestra,I'm Only Dreaming,,0,1,0,,not_enriched,unreviewed
3751,S3093f6fc81,Helix,Shock City Psycho City,,0,1,0,,not_enriched,unreviewed
3752,S30a4bb240f,John Cougar Mellencamp,Rain on the Scarecrow,,0,1,0,,not_enriched,unreviewed
3753,S30a755fd58,Paul McCartney,Here There and Everywhere,,0,1,0,,not_enriched,unreviewed
3754,S30a77e552a,The Four Seasons,Emily's (Salle De Danse),,0,1,0,,not_enriched,unreviewed
3755,S30a8ea2155,Alias,Haunted Heart,,0,1,0,,not_enriched,unreviewed
3756,S30afe2eda1,Dread Zeppelin,Moby Dick,,0,1,0,,not_enriched,unreviewed
3757,S30b05dfe8b,Bob Dylan,Meet Me in the Morning,,0,1,0,,not_enriched,unreviewed
3758,S30bf7f45a0,Tom Petty and the Heartbreakers,All or Nothin’,,0,1,0,,not_enriched,unreviewed
3759,S30c135bbcb,Mr. Mister,Uniform of Youth,,0,1,0,,not_enriched,unreviewed
3760,S30c1d46cc8,Warren Zevon,Even a Dog Can Shake Hands,,0,1,0,,not_enriched,unreviewed
3761,S30c27fb994,Kenny Loggins,Wait a Little While,,0,1,0,,not_enriched,unreviewed
3762,S30d2b26445,Bing Crosby,Adeste Fideles,,0,1,0,,not_enriched,unreviewed
3763,S30dc3735f0,Pat Benatar,Painted Desert,,0,1,0,,not_enriched,unreviewed
3764,S30dc66c285,Michael Stanley Band,When I'm Holding You Tight,,0,1,0,,not_enriched,unreviewed
3765,S30eabe95a1,The Sweet,The 6-Teens,,0,1,0,,not_enriched,unreviewed
3766,S30f7bd1949,Ian Matthews,Don’t Hang Up Your Dancing Shoes,,0,1,0,,not_enriched,unreviewed
3767,S30ffb07279,"Emerson, Lake & Palmer",Tiger in a Spotlight,,0,1,0,,not_enriched,unreviewed
3768,S310a4dbe5c,Journey,Sweet and Simple,,0,1,0,,not_enriched,unreviewed
3769,S3113a5eb01,Fleetwood Mac,Searching for Madge,,0,1,0,,not_enriched,unreviewed
3770,S31153c5c09,Steve Miller Band,Your Saving Grace,,0,1,0,,not_enriched,unreviewed
3771,S311ab8ee92,Shoes,Tomorrow Night,,0,1,0,,not_enriched,unreviewed
3772,S3121b59c32,REO Speedwagon,Back in My Heart Again,,0,1,0,,not_enriched,unreviewed
3773,S3135f8f6cc,Tears for Fears,Sowing the Seeds of Love,,0,1,0,,not_enriched,unreviewed
3774,S31502de7ae,Pink Floyd,The Hero’s Return,,0,1,0,,not_enriched,unreviewed
3775,S3153f83cd4,Don Henley,I Will Not Go Quietly,,0,1,0,,not_enriched,unreviewed
3776,S3156d0c8dd,Jim Croce,One Less Set of Footsteps,,0,1,0,,not_enriched,unreviewed
3777,S315d716967,ZZ Top,Lowdown in the Street,,0,1,0,,not_enriched,unreviewed
3778,S3165eb2de4,Wham!,Credit Card Baby,,0,1,0,,not_enriched,unreviewed
3779,S316bf64b80,Paul McCartney,The Pound Is Sinking,,0,1,0,,not_enriched,unreviewed
3780,S316eb8dff7,Bachman–Turner Overdrive,Don’t Let the Blues Get You Down,,0,1,0,,not_enriched,unreviewed
3781,S31729c51d1,Gerry Rafferty,City to City,,0,1,0,,not_enriched,unreviewed
3782,S3172ec2c3c,Christopher Cross,Spinning,,0,1,0,,not_enriched,unreviewed
3783,S317e056109,Chris Rea,The Road to Hell (Part I),,0,1,0,,not_enriched,unreviewed
3784,S317fa060ae,Joan Jett & the Blackhearts,Bits and Pieces,,0,1,0,,not_enriched,unreviewed
3785,S3189fcc77b,John Stewart,Heart of the Dream,,0,1,0,,not_enriched,unreviewed
3786,S318bc1b5c9,Phil Collins,Why Can’t It Wait ’Til Morning,,0,1,0,,not_enriched,unreviewed
3787,S319cbdde32,Tracy Chapman,She’s Got Her Ticket,,0,1,0,,not_enriched,unreviewed
3788,S319dae2260,The Beach Boys,White Christmas,,0,1,0,,not_enriched,unreviewed
3789,S31a2231b7b,Billy Idol,To Be a Lover,,0,1,0,,not_enriched,unreviewed
3790,S31ace03c59,Natalie Imbruglia,Torn,,0,1,0,,not_enriched,unreviewed
3791,S31b055f101,The Beat Farmers,Big Big Man,,0,1,0,,not_enriched,unreviewed
3792,S31b5cc32b8,The Rolling Stones,Fool to Cry,,0,1,0,,not_enriched,unreviewed
3793,S31c4434026,The Beat Farmers,Hollywood Hills,,0,1,0,,not_enriched,unreviewed
3794,S31d6b47e23,The Beat Farmers,Texas,,0,1,0,,not_enriched,unreviewed
3795,S31dbc00df2,Beck,"Whiskeyclone, Hotel City 1997",,0,1,0,,not_enriched,unreviewed
3796,S31dc986925,Show Your Shoe,Technik City - Jet Skiing,,0,1,0,,not_enriched,unreviewed
3797,S31dd831a35,Split Enz,Poor Boy,,0,1,0,,not_enriched,unreviewed
3798,S31de5951a3,Tom Cochrane & Red Rider,One More Time (Some Old Habits),,0,1,0,,not_enriched,unreviewed
3799,S31e2e8a2cc,The Beat Farmers,Make It Last,,0,1,0,,not_enriched,unreviewed
3800,S31e8b8713a,Daryl Hall + John Oates,At Tension,,0,1,0,,not_enriched,unreviewed
3801,S31eb3b7b6a,Styx,A.D. 1958,,0,1,0,,not_enriched,unreviewed
3802,S31ee46140f,Animotion,Tremble,,0,1,0,,not_enriched,unreviewed
3803,S31ef1ed7f3,Tommy James & the Shondells,Gettin’ Together,,0,1,0,,not_enriched,unreviewed
3804,S31ef62f456,Bruce Springsteen,Hungry Heart,,0,1,0,,not_enriched,unreviewed
3805,S31ef7ea91e,Elton John,Candle in the Wind,,0,1,0,,not_enriched,unreviewed
3806,S31f8a0be95,Night Ranger,Can't Find Me a Thrill,,0,1,0,,not_enriched,unreviewed
3807,S31fb4133d9,Lïve,T.B.D.,,0,1,0,,not_enriched,unreviewed
3808,S31fb764e3b,Fleetwood Mac,Beautiful Child,,0,1,0,,not_enriched,unreviewed
3809,S31fbacb7e1,Aldo Nova,Heart to Heart,,0,1,0,,not_enriched,unreviewed
3810,S31fc9c2dc5,Jefferson Starship,Can't Find Love,,0,1,0,,not_enriched,unreviewed
3811,S3205b7f8c6,Jethro Tull,Minstrel in the Gallery,,0,1,0,,not_enriched,unreviewed
3812,S3230714255,The Cranberries,Not Sorry,,0,1,0,,not_enriched,unreviewed
3813,S32319d60cf,The Beach Boys,T.M. Song,,0,1,0,,not_enriched,unreviewed
3814,S323330c255,The Partridge Family,Jingle Bells,,0,1,0,,not_enriched,unreviewed
3815,S3234b9820c,Daryl Hall + John Oates,Family Man,,0,1,0,,not_enriched,unreviewed
3816,S3237671bc4,Rick Springfield,How Do You Talk to Girls,,0,1,0,,not_enriched,unreviewed
3817,S32433125a4,Planet P Project,"This Perfect Place, Part 2",,0,1,0,,not_enriched,unreviewed
3818,S324a6d3a53,John Cougar,Wild Angel,,0,1,0,,not_enriched,unreviewed
3819,S324e1b4208,INXS,This Time,,0,1,0,,not_enriched,unreviewed
3820,S3266fd20a7,Elvis Presley,Silent Night,,0,1,0,,not_enriched,unreviewed
3821,S32671b4cb7,Jefferson Starship,Cruisin’,,0,1,0,,not_enriched,unreviewed
3822,S327207c10a,Willie Nelson,If You Can Touch Her at All,,0,1,0,,not_enriched,unreviewed
3823,S3289d1adcb,Badfinger,Better Days,,0,1,0,,not_enriched,unreviewed
3824,S328e57e54f,Pearl Jam,Habit,,0,1,0,,not_enriched,unreviewed
3825,S328f28c32b,Go‐Go’s,He’s So Strange,,0,1,0,,not_enriched,unreviewed
3826,S32aeb792e7,The Kingbees,My Mistake,,0,1,0,,not_enriched,unreviewed
3827,S32b1b1f517,England Dan & John Ford Coley,Lady,,0,1,0,,not_enriched,unreviewed
3828,S32ca1c2efa,Lou Gramm,Chain of Love,,0,1,0,,not_enriched,unreviewed
3829,S32d24edee3,George Thorogood & the Destroyers,John Hardy,,0,1,0,,not_enriched,unreviewed
3830,S32d64758be,Porno for Pyros,Meija,,0,1,0,,not_enriched,unreviewed
3831,S32e7464501,Arc Angel,King of the Mountain,,0,1,0,,not_enriched,unreviewed
3832,S32f273badb,A Flock of Seagulls,I Ran,,0,1,0,,not_enriched,unreviewed
3833,S32f75915d6,Keith Sykes,Maybe I’m a Mockingbird,,0,1,0,,not_enriched,unreviewed
3834,S33150342ed,Bonham,Playing to Win,,0,1,0,,not_enriched,unreviewed
3835,S331dd8c29d,The Yardbirds,Good Morning Little Schoolgirl,,0,1,0,,not_enriched,unreviewed
3836,S33290f4a26,The Alan Parsons Project,Winding Me Up (5.1 mix),,0,1,0,,not_enriched,unreviewed
3837,S332c5a67ac,Cracker,[silence],,0,1,0,,not_enriched,unreviewed
3838,S332dd59817,Tower of Fire,The Clam Before the Storm,,0,1,0,,not_enriched,unreviewed
3839,S333c07aa87,Tom Petty,Only a Broken Heart,,0,1,0,,not_enriched,unreviewed
3840,S3344bb6a28,Billy Squier,Reach for the Sky,,0,1,0,,not_enriched,unreviewed
3841,S3346bc2b5c,Tom Cochrane,The Secret Is to Know When to Stop,,0,1,0,,not_enriched,unreviewed
3842,S334fe2d9e5,Van Halen,Secrets,,0,1,0,,not_enriched,unreviewed
3843,S3352ec82f0,Stevie Ray Vaughan & Double Trouble,Close to You,,0,1,0,,not_enriched,unreviewed
3844,S335aa7ae13,The Fixx,Wish,,0,1,0,,not_enriched,unreviewed
3845,S335ee048f6,Elton John,Made in England (Junior’s Sound Factory mix),,0,1,0,,not_enriched,unreviewed
3846,S33658e862b,Alice in Chains,Dam That River,,0,1,0,,not_enriched,unreviewed
3847,S3369d24820,Enya,Shepherd Moons,,0,1,0,,not_enriched,unreviewed
3848,S336a607101,Stone Temple Pilots,Wicked Garden,,0,1,0,,not_enriched,unreviewed
3849,S3376835ac7,Ian Matthews,Let There Be Blues,,0,1,0,,not_enriched,unreviewed
3850,S3376a5ed09,The Alan Parsons Project,"Time, Part 2",,0,1,0,,not_enriched,unreviewed
3851,S33780fe92c,Poco,The Last Goodbye,,0,1,0,,not_enriched,unreviewed
3852,S337893c23f,Go‐Go’s,The Way You Dance,,0,1,0,,not_enriched,unreviewed
3853,S3382e62483,Warren Zevon,I’ll Sleep When I’m Dead,,0,1,0,,not_enriched,unreviewed
3854,S33898dade5,Sammy Hagar,In the Room,,0,1,0,,not_enriched,unreviewed
3855,S339448d69a,Jefferson Starship,Jane,,0,1,0,,not_enriched,unreviewed
3856,S339c3616ee,Alice in Chains,Sunshine,,0,1,0,,not_enriched,unreviewed
3857,S33ab171449,James Gang,Midnight Man,,0,1,0,,not_enriched,unreviewed
3858,S33c31cb250,The Rembrandts,Follow You Down,,0,1,0,,not_enriched,unreviewed
3859,S33daae36d7,The Human League,Get Carter,,0,1,0,,not_enriched,unreviewed
3860,S33db3ec140,The Who,The Quiet One,,0,1,0,,not_enriched,unreviewed
3861,S33dd7e65f0,U2,Mysterious Ways,,0,1,0,,not_enriched,unreviewed
3862,S33e9bbe14b,Todd Rundgren,Emperor of the Highway (re‐recorded),,0,1,0,,not_enriched,unreviewed
3863,S34142a9e3c,Izzy Stradlin and the Ju Ju Hounds,Take a Look at the Guy,,0,1,0,,not_enriched,unreviewed
3864,S3415910154,Nick Lowe,Without Love,,0,1,0,,not_enriched,unreviewed
3865,S341bb8b2ce,Bob Seger & the Silver Bullet Band,Miami,,0,1,0,,not_enriched,unreviewed
3866,S341fd44558,Nirvana,Milk It,,0,1,0,,not_enriched,unreviewed
3867,S34245bcf91,The Black Crowes,Could I've Been So Blind,,0,1,0,,not_enriched,unreviewed
3868,S3426fc93c9,Mariah Carey,Love Takes Time,,0,1,0,,not_enriched,unreviewed
3869,S342f238902,Mad Season,I'm Above,,0,1,0,,not_enriched,unreviewed
3870,S34303ae3b2,Neil Young,When You Dance I Can Really Love,,0,1,0,,not_enriched,unreviewed
3871,S3436ddfd64,Eric Clapton,Hound Dog,,0,1,0,,not_enriched,unreviewed
3872,S343f3442aa,Tom Petty and the Heartbreakers,You and I Will Meet Again,,0,1,0,,not_enriched,unreviewed
3873,S343fd27eed,Scorpions,Tease Me Please Me,,0,1,0,,not_enriched,unreviewed
3874,S3442f7b7be,Gary Wright,Can’t Find the Judge,,0,1,0,,not_enriched,unreviewed
3875,S344677a571,Elton John,I Don't Care,,0,1,0,,not_enriched,unreviewed
3876,S344dbb92ba,REO Speedwagon,The Key,,0,1,0,,not_enriched,unreviewed
3877,S34527dc212,Glenn Frey,Partytown,,0,1,0,,not_enriched,unreviewed
3878,S345b634728,Loverboy,D.O.A.,,0,1,0,,not_enriched,unreviewed
3879,S345e8105e7,Billy Idol,Fatal Charm,,0,1,0,,not_enriched,unreviewed
3880,S346145287d,Lou Reed,There Is No Time,,0,1,0,,not_enriched,unreviewed
3881,S3464f9006a,Nilsson,Remember,,0,1,0,,not_enriched,unreviewed
3882,S3469faceca,Harry Chapin,Winter Song,,0,1,0,,not_enriched,unreviewed
3883,S346f911471,Collective Soul,Full Circle,,0,1,0,,not_enriched,unreviewed
3884,S3482a0b602,Nick Lowe,7 Nights to Rock,,0,1,0,,not_enriched,unreviewed
3885,S3494c18cc2,Richard Wright,"Sysyphus, Part 3",,0,1,0,,not_enriched,unreviewed
3886,S3495d11518,Santana,I Love You Much Too Much,,0,1,0,,not_enriched,unreviewed
3887,S3499ca0d56,Pretenders,Chill Factor,,0,1,0,,not_enriched,unreviewed
3888,S34a1d5c6f8,Elton John,Crystal,,0,1,0,,not_enriched,unreviewed
3889,S34aac8cc41,The Rolling Stones,Heaven,,0,1,0,,not_enriched,unreviewed
3890,S34b5689c3e,Cat Stevens,Two Fine People,,0,1,0,,not_enriched,unreviewed
3891,S34c5dbb0d0,SCANDAL,Take Me Out,,0,1,0,,not_enriched,unreviewed
3892,S34e671b77b,Steely Dan,Babylon Sisters,,0,1,0,,not_enriched,unreviewed
3893,S34e84920f1,The Notting Hillbillies,Weapon of Prayer,,0,1,0,,not_enriched,unreviewed
3894,S34e8d9c771,Jefferson Starship,All Nite Long,,0,1,0,,not_enriched,unreviewed
3895,S34ee0b7f2d,Natalie Merchant,Seven Years,,0,1,0,,not_enriched,unreviewed
3896,S34efa4d089,Animotion,"Fun, Fun, Fun",,0,1,0,,not_enriched,unreviewed
3897,S3501f26ee3,Cinderella,Heartbreak Station,,0,1,0,,not_enriched,unreviewed
3898,S3504f09f5e,Meredith Brooks,I Need,,0,1,0,,not_enriched,unreviewed
3899,S3507a2bebc,Billy Ocean,If I Should Lose You,,0,1,0,,not_enriched,unreviewed
3900,S350ef090ab,Grateful Dead,Blow Away,,0,1,0,,not_enriched,unreviewed
3901,S3511023f30,Jewel,I’m Sensitive,,0,1,0,,not_enriched,unreviewed
3902,S35138afdb4,John Lennon,Happy Xmas (War Is Over)/Give Peace a Chance (reprise),,0,1,0,,not_enriched,unreviewed
3903,S3524a84d94,Stone Temple Pilots,Daisy,,0,1,0,,not_enriched,unreviewed
3904,S352603964a,Bruce Springsteen,Jackson Cage,,0,1,0,,not_enriched,unreviewed
3905,S3526a71f09,Todd Rundgren,Feel It,,0,1,0,,not_enriched,unreviewed
3906,S3539c881e8,Dan Fogelberg,Wishing on the Moon,,0,1,0,,not_enriched,unreviewed
3907,S35400870bb,The Alan Parsons Project,Damned If I Do,,0,1,0,,not_enriched,unreviewed
3908,S35414d29f3,Steve Earle,Hard‐Core Troubadour,,0,1,0,,not_enriched,unreviewed
3909,S35485489c6,Steve Miller Band,Keeps Me Wondering Why,,0,1,0,,not_enriched,unreviewed
3910,S354b530a83,Talking Heads,Sax and Violins,,0,1,0,,not_enriched,unreviewed
3911,S355755d7f3,Robert Palmer,Jealous,,0,1,0,,not_enriched,unreviewed
3912,S356064280e,Bob Welch,Something Strong,,0,1,0,,not_enriched,unreviewed
3913,S35642871cf,Electric Light Orchestra,Here Is the News,,0,1,0,,not_enriched,unreviewed
3914,S356bd586a2,John Mellencamp,Too Much to Think About,,0,1,0,,not_enriched,unreviewed
3915,S356c5cddc1,Jewel,Angel Standing By,,0,1,0,,not_enriched,unreviewed
3916,S357f6018c1,Tommy Tutone,Why Baby Why,,0,1,0,,not_enriched,unreviewed
3917,S357f7af109,Alice in Chains,Confusion,,0,1,0,,not_enriched,unreviewed
3918,S358cce6ad1,Jefferson Starship,Love Too Good,,0,1,0,,not_enriched,unreviewed
3919,S35985c675e,Blue Öyster Cult,Fire of Unknown Origin,,0,1,0,,not_enriched,unreviewed
3920,S3599133c32,Bad Company,Anna,,0,1,0,,not_enriched,unreviewed
3921,S35a4b29dee,Izzy Stradlin and the Ju Ju Hounds,How Will It Go,,0,1,0,,not_enriched,unreviewed
3922,S35b40c21b4,Bob Seger & the Silver Bullet Band,Nutbush City Limits,,0,1,0,,not_enriched,unreviewed
3923,S35b725c328,A Flock of Seagulls,The Fall,,0,1,0,,not_enriched,unreviewed
3924,S35bf5bca7e,Seal,The Beginning,,0,1,0,,not_enriched,unreviewed
3925,S35c5b0663b,Saga,Conversations,,0,1,0,,not_enriched,unreviewed
3926,S35cc271c04,Toto,Live for Today,,0,1,0,,not_enriched,unreviewed
3927,S35d37d5e72,Neil Young,Coupe de Ville,,0,1,0,,not_enriched,unreviewed
3928,S35db2bafc9,Sponge,[silence],,0,1,0,,not_enriched,unreviewed
3929,S35dc8441f6,Bob Seger & the Silver Bullet Band,Turn the Page,,0,1,0,,not_enriched,unreviewed
3930,S35dd340e76,ZZ Top,I Got the Message,,0,1,0,,not_enriched,unreviewed
3931,S35e4bfcb26,Patty Smyth,Downtown Train,,0,1,0,,not_enriched,unreviewed
3932,S35ea2f2039,Billy Joel,My Life,,0,1,0,,not_enriched,unreviewed
3933,S35ead03f99,Cracker,Take Me Down to the Infirmary,,0,1,0,,not_enriched,unreviewed
3934,S35efbd254f,Steve Miller Band,Give It Up,,0,1,0,,not_enriched,unreviewed
3935,S35f771efb6,Smash Mouth,Flo,,0,1,0,,not_enriched,unreviewed
3936,S36060e5e23,Kenny G,Alone,,0,1,0,,not_enriched,unreviewed
3937,S360a82385f,Bob Seger & the Silver Bullet Band,Heavy Music,,0,1,0,,not_enriched,unreviewed
3938,S3624efbc6a,Buckingham Nicks,Races Are Run,,0,1,0,,not_enriched,unreviewed
3939,S362549359a,Bob Seger & the Silver Bullet Band,The Famous Final Scene,,0,1,0,,not_enriched,unreviewed
3940,S362913da62,Glenn Frey,I've Been Born Again,,0,1,0,,not_enriched,unreviewed
3941,S362ff00eb1,Sammy Hagar,What They Gonna Say Now,,0,1,0,,not_enriched,unreviewed
3942,S363aa74f4a,Eric Clapton,The Shape You’re In,,0,1,0,,not_enriched,unreviewed
3943,S364079b432,Bing Crosby,I'll Be Home for Christmas,,0,1,0,,not_enriched,unreviewed
3944,S3646b9e6c1,The Kinks,Word of Mouth,,0,1,0,,not_enriched,unreviewed
3945,S3647d188a3,Aerosmith,Walkin' the Dog,,0,1,0,,not_enriched,unreviewed
3946,S36537b8c49,Lou Reed,Dime Store Mystery,,0,1,0,,not_enriched,unreviewed
3947,S3657d79221,Harry Chapin,Thanksgiving Hunger Drives,,0,1,0,,not_enriched,unreviewed
3948,S365946f1fb,Heart,Nobody Home,,0,1,0,,not_enriched,unreviewed
3949,S365a7ccd68,Elton John,Talking Old Soldiers,,0,1,0,,not_enriched,unreviewed
3950,S365fb2b391,Bruce Springsteen,Out in the Street,,0,1,0,,not_enriched,unreviewed
3951,S36633727c4,Cheap Trick,Sgt. Pepper’s Lonely Hearts Club Band (reprise),,0,1,0,,not_enriched,unreviewed
3952,S3663e5dbd8,38 Special,One in a Million,,0,1,0,,not_enriched,unreviewed
3953,S36652fc5ee,St. Paul,Next Time You See My Girl,,0,1,0,,not_enriched,unreviewed
3954,S3665f68b1f,Britny Fox,Left Me Stray,,0,1,0,,not_enriched,unreviewed
3955,S3666dc8c6b,Poison,Body Talk,,0,1,0,,not_enriched,unreviewed
3956,S36686db57d,Natalie Merchant,Carnival,,0,1,0,,not_enriched,unreviewed
3957,S366945f7f8,Nils Lofgren,Sailor Boy,,0,1,0,,not_enriched,unreviewed
3958,S366e244191,Beck,Sweet Sunshine,,0,1,0,,not_enriched,unreviewed
3959,S367482d782,Blue Rose,Sad but True,,0,1,0,,not_enriched,unreviewed
3960,S367981e80f,Elton John,Ballad of a Well-Known Gun,,0,1,0,,not_enriched,unreviewed
3961,S367f4eae1b,Fleetwood Mac,Love in Store,,0,1,0,,not_enriched,unreviewed
3962,S368e5448ca,Art Garfunkel,I Believe (When I Fall in Love It Will Be Forever),,0,1,0,,not_enriched,unreviewed
3963,S368f41eb16,4 Non Blondes,Dear Mr. President,,0,1,0,,not_enriched,unreviewed
3964,S3697917213,Marc Cohn,Saving the Best for Last,,0,1,0,,not_enriched,unreviewed
3965,S3697ebd2f1,Santana,Tales of Kilimanjaro,,0,1,0,,not_enriched,unreviewed
3966,S369f3b8d07,Santana,El farol,,0,1,0,,not_enriched,unreviewed
3967,S36ac725be7,Tom Cochrane & Red Rider,Vacation (In My Mind),,0,1,0,,not_enriched,unreviewed
3968,S36b3c0b907,Eric Clapton,The Sky Is Crying,,0,1,0,,not_enriched,unreviewed
3969,S36b89d9678,The Knack,Maybe Tonight,,0,1,0,,not_enriched,unreviewed
3970,S36c0fa2b6f,John Lennon,Give Peace a Chance,,0,1,0,,not_enriched,unreviewed
3971,S36c6e129a2,Stray Cats,Rock This Town,,0,1,0,,not_enriched,unreviewed
3972,S36cd71c1f5,John Cougar,Pray for Me,,0,1,0,,not_enriched,unreviewed
3973,S36e8e76a82,John Cafferty & the Beaver Brown Band,Those Oldies but Goodies (Remind Me of You),,0,1,0,,not_enriched,unreviewed
3974,S36ef4b0a71,Steely Dan,Black Cow,,0,1,0,,not_enriched,unreviewed
3975,S36f8696ddc,The Cranberries,Disappointment,,0,1,0,,not_enriched,unreviewed
3976,S36fbad2479,Steve Miller Band,Baby Wanna Dance,,0,1,0,,not_enriched,unreviewed
3977,S37016883e4,Michael Monroe,While You Were Looking at Me,,0,1,0,,not_enriched,unreviewed
3978,S370a089503,Carpenters,B’Wana She No Home,,0,1,0,,not_enriched,unreviewed
3979,S370db62f11,Fleetwood Mac,When the Sun Goes Down,,0,1,0,,not_enriched,unreviewed
3980,S3710e988a9,Winger,Little Dirty Blonde,,0,1,0,,not_enriched,unreviewed
3981,S371319d0f2,Men at Work,I Can See It in Your Eyes,,0,1,0,,not_enriched,unreviewed
3982,S371c1e7838,David Crosby,Tracks in the Dust,,0,1,0,,not_enriched,unreviewed
3983,S371df6383b,Scorpions,Lady Starlight,,0,1,0,,not_enriched,unreviewed
3984,S3720f3caa3,Lisa Loeb,It’s Over,,0,1,0,,not_enriched,unreviewed
3985,S3722d8ccc2,Metallica,The Unforgiven,,0,1,0,,not_enriched,unreviewed
3986,S372500ab17,Dennis DeYoung,Desert Moon,,0,1,0,,not_enriched,unreviewed
3987,S3725156922,Jethro Tull,Thick as a Brick,,0,1,0,,not_enriched,unreviewed
3988,S3729d41f56,Honeymoon Suite,Take My Hand,,0,1,0,,not_enriched,unreviewed
3989,S372b99ca29,Stevie Nicks,Rock a Little (Go Ahead Lily),,0,1,0,,not_enriched,unreviewed
3990,S373b932e15,The Doors,My Eyes Have Seen You,,0,1,0,,not_enriched,unreviewed
3991,S373d6e2fe6,The Rolling Stones,Lies,,0,1,0,,not_enriched,unreviewed
3992,S373d7d8dcf,Rod Stewart,Nobody Knows You When You’re Down and Out,,0,1,0,,not_enriched,unreviewed
3993,S37447302e8,Elton John,I Think I’m Going to Kill Myself,,0,1,0,,not_enriched,unreviewed
3994,S375635c54f,Richard Marx,Lonely Heart,,0,1,0,,not_enriched,unreviewed
3995,S3758661749,Tommy Shaw,Little Girl World,,0,1,0,,not_enriched,unreviewed
3996,S375d3ad185,Andy Gibb,Words and Music,,0,1,0,,not_enriched,unreviewed
3997,S3762082c68,Living Colour,Memories Can’t Wait,,0,1,0,,not_enriched,unreviewed
3998,S3767b4a16e,ZZ Top,Ten Foot Pole,,0,1,0,,not_enriched,unreviewed
3999,S376fc0e60d,Billy Squier,Whadda You Want From Me,,0,1,0,,not_enriched,unreviewed
4000,S377070f990,Honeymoon Suite,Heart on Fire,,0,1,0,,not_enriched,unreviewed
4001,S377b9ba4df,The Alan Parsons Project,Closer to Heaven,,0,1,0,,not_enriched,unreviewed
4002,S378213bc6f,Foreigner,Can’t Wait,,0,1,0,,not_enriched,unreviewed
4003,S37897d51b9,Freedom And Whiskey,The Road,,0,1,0,,not_enriched,unreviewed
4004,S3793ba9b05,Paul McCartney,Motor of Love,,0,1,0,,not_enriched,unreviewed
4005,S37978a6e84,Ted Nugent,Snakeskin Cowboys,,0,1,0,,not_enriched,unreviewed
4006,S379b94bdce,Smash Mouth,Pet Names,,0,1,0,,not_enriched,unreviewed
4007,S37b0b98055,ZZ Top,Thunderbird,,0,1,0,,not_enriched,unreviewed
4008,S37c43bab22,Talking Heads,Gangster of Love,,0,1,0,,not_enriched,unreviewed
4009,S37c5347402,Eric Clapton,Anything for Your Love,,0,1,0,,not_enriched,unreviewed
4010,S37ca099309,Honeymoon Suite,All Along You Knew,,0,1,0,,not_enriched,unreviewed
4011,S37db48fdf2,Lindsey Buckingham,A Satisfied Mind,,0,1,0,,not_enriched,unreviewed
4012,S37dc9d2523,Gin Blossoms,Hands Are Tied,,0,1,0,,not_enriched,unreviewed
4013,S37e20760a2,"10,000 Maniacs",Gold Rush Brides,,0,1,0,,not_enriched,unreviewed
4014,S37e28667d5,Icehouse,Skin,,0,1,0,,not_enriched,unreviewed
4015,S37e499636f,Paul McCartney,Hi‐Heel Sneakers,,0,1,0,,not_enriched,unreviewed
4016,S37e5840000,Commodores,Brickhouse,,0,1,0,,not_enriched,unreviewed
4017,S37e5f56f6a,Poison,Valley of Lost Souls,,0,1,0,,not_enriched,unreviewed
4018,S37e9ef91ee,Greg Kihn,Museum,,0,1,0,,not_enriched,unreviewed
4019,S37f05caab0,Savage Garden,Universe,,0,1,0,,not_enriched,unreviewed
4020,S37f50ce6bb,April Wine,Bad Boys,,0,1,0,,not_enriched,unreviewed
4021,S380bae8865,Giuffria,Call to the Heart,,0,1,0,,not_enriched,unreviewed
4022,S3810a44acb,"10,000 Maniacs",Candy Everybody Wants,,0,1,0,,not_enriched,unreviewed
4023,S381141e110,David Crosby,Distances,,0,1,0,,not_enriched,unreviewed
4024,S3812bee368,George Harrison,That’s What It Takes,,0,1,0,,not_enriched,unreviewed
4025,S381ef7b4dd,Eurythmics,Sisters Are Doin' It for Themselves,,0,1,0,,not_enriched,unreviewed
4026,S38203bf332,Bon Jovi,Come Back,,0,1,0,,not_enriched,unreviewed
4027,S3822e7bb03,Jackson Browne,Stay,,0,1,0,,not_enriched,unreviewed
4028,S38232fe911,Bad Company,Early in the Morning,,0,1,0,,not_enriched,unreviewed
4029,S3832e95a5b,Elton John,Son of Your Father,,0,1,0,,not_enriched,unreviewed
4030,S3834343ce6,Robert Plant,The Way I Feel,,0,1,0,,not_enriched,unreviewed
4031,S3840b4f28b,REO Speedwagon,Love Is a Rock,,0,1,0,,not_enriched,unreviewed
4032,S3855f5e604,Dan Fogelberg,Hurtwood Alley,,0,1,0,,not_enriched,unreviewed
4033,S385b89fc50,Night Ranger,Soul Survivor,,0,1,0,,not_enriched,unreviewed
4034,S3863053cca,The Charlie Daniels Band,Everytime I See Him,,0,1,0,,not_enriched,unreviewed
4035,S387bbfa833,Guns N’ Roses,Anything Goes,,0,1,0,,not_enriched,unreviewed
4036,S387bc2a016,Danny Wilde,The Sound Of My Heart Breaking,,0,1,0,,not_enriched,unreviewed
4037,S387eba5bd9,Danny Wilde,Katherine,,0,1,0,,not_enriched,unreviewed
4038,S387ff601cc,INXS,Wild Life,,0,1,0,,not_enriched,unreviewed
4039,S388b7150e3,Bee Gees,Nights on Broadway,,0,1,0,,not_enriched,unreviewed
4040,S388d463455,The Alan Parsons Project,"The Turn of a Friendly Card, Part 2",,0,1,0,,not_enriched,unreviewed
4041,S388e570db2,Modest Mussorgsky,A Night on Bald Mountain,,0,1,0,,not_enriched,unreviewed
4042,S388f2eaba7,Doors,Cars Hiss by My Window,,0,1,0,,not_enriched,unreviewed
4043,S38a667378b,John Lennon,I’m Moving On,,0,1,0,,not_enriched,unreviewed
4044,S38ae1af017,Jackson Browne,You Love the Thunder,,0,1,0,,not_enriched,unreviewed
4045,S38b267e612,Stevie Nicks,Sister Honey,,0,1,0,,not_enriched,unreviewed
4046,S38bae19019,Glenn Frey,Silent Spring (instrumental prelude),,0,1,0,,not_enriched,unreviewed
4047,S38be5b342f,David Bowie,Let’s Dance,,0,1,0,,not_enriched,unreviewed
4048,S38be7714d5,The Fixx,"Less Cities, More Moving People",,0,1,0,,not_enriched,unreviewed
4049,S38c106cba9,Janet Jackson,When I Think of You,,0,1,0,,not_enriched,unreviewed
4050,S38c7ae0c67,Nils Lofgren,Streets Again,,0,1,0,,not_enriched,unreviewed
4051,S38e22250ec,The Beach Boys,How She Boogalooed It,,0,1,0,,not_enriched,unreviewed
4052,S38e7aad4fa,A Flock of Seagulls,(It’s Not Me) Talking,,0,1,0,,not_enriched,unreviewed
4053,S38e9f420be,Melissa Etheridge,Watching You,,0,1,0,,not_enriched,unreviewed
4054,S38eb1ca8e0,Natalie Imbruglia,One More Addiction,,0,1,0,,not_enriched,unreviewed
4055,S38ec559437,Extreme,Hole Hearted,,0,1,0,,not_enriched,unreviewed
4056,S38f340d959,Michael Jackson,Beat It,,0,1,0,,not_enriched,unreviewed
4057,S38f811404d,Gregg Alexander,[untitled],,0,1,0,,not_enriched,unreviewed
4058,S38fe652d13,Jimmy Page,Prison Blues,,0,1,0,,not_enriched,unreviewed
4059,S3906944891,Kim Mitchell,City Girl,,0,1,0,,not_enriched,unreviewed
4060,S3928f199ee,Pink Floyd,The Post War Dream,,0,1,0,,not_enriched,unreviewed
4061,S392c7bcc78,Queensrÿche,Anybody Listening?,,0,1,0,,not_enriched,unreviewed
4062,S3930b10fdd,Huey Lewis & the News,Whole Lotta Lovin',,0,1,0,,not_enriched,unreviewed
4063,S393dac74fd,"Crosby, Stills, Nash & Young",That Girl,,0,1,0,,not_enriched,unreviewed
4064,S393ee43d4b,Traveling Wilburys,You Took My Breath Away,,0,1,0,,not_enriched,unreviewed
4065,S394e48726a,Mariah Carey,Prisoner,,0,1,0,,not_enriched,unreviewed
4066,S394fb0e587,Nilsson,"Sleep Late, My Lady Friend",,0,1,0,,not_enriched,unreviewed
4067,S395c61191a,Steve Miller Band,Get on Home,,0,1,0,,not_enriched,unreviewed
4068,S3960a27d77,"Hamilton, Joe Frank & Reynolds",Fallin' in Love,,0,1,0,,not_enriched,unreviewed
4069,S3963b2e1c9,Eric Clapton,Lead Me On,,0,1,0,,not_enriched,unreviewed
4070,S3965d12ee6,Giant,I Can’t Get Close Enough,,0,1,0,,not_enriched,unreviewed
4071,S396aa0dd14,Jefferson Starship,Fast Buck Freddie,,0,1,0,,not_enriched,unreviewed
4072,S396e21e310,Rick Derringer,"Rock and Roll, Hoochie Koo",,0,1,0,,not_enriched,unreviewed
4073,S3972c61520,Santana,"Singing Winds, Crying Beasts",,0,1,0,,not_enriched,unreviewed
4074,S397c66de3d,Chilliwack,Something Better,,0,1,0,,not_enriched,unreviewed
4075,S39827b38a2,Bruce Springsteen,The Price You Pay,,0,1,0,,not_enriched,unreviewed
4076,S398e292cc0,The Kingbees,Man Made for Love,,0,1,0,,not_enriched,unreviewed
4077,S398e44a2f5,Stevie Nicks,If You Were My Love,,0,1,0,,not_enriched,unreviewed
4078,S399019e370,Jude Cole,Prove Me Wrong,,0,1,0,,not_enriched,unreviewed
4079,S399ee4abd1,Eric Johnson,High Landrons,,0,1,0,,not_enriched,unreviewed
4080,S39a127602c,Mike & The Mechanics,Taken In,,0,1,0,,not_enriched,unreviewed
4081,S39a78d1a2a,Spandau Ballet,Gold,,0,1,0,,not_enriched,unreviewed
4082,S39b4620a72,Dire Straits,Solid Rock,,0,1,0,,not_enriched,unreviewed
4083,S39bb5c6aab,Jackson Browne,Cocaine,,0,1,0,,not_enriched,unreviewed
4084,S39bdbbf120,Queen,I Want to Break Free,,0,1,0,,not_enriched,unreviewed
4085,S39bf3b808d,Tom Petty and the Heartbreakers,The Best of Everything,,0,1,0,,not_enriched,unreviewed
4086,S39ca031ca2,Heart,Little Queen,,0,1,0,,not_enriched,unreviewed
4087,S39db473b2e,Lïve,I Alone,,0,1,0,,not_enriched,unreviewed
4088,S39dd5a5e66,Mercy,Never My Love,,0,1,0,,not_enriched,unreviewed
4089,S39e06511b3,Boris Karloff,Trim Up the Tree,,0,1,0,,not_enriched,unreviewed
4090,S39e30c4d9a,Thin Lizzy,Cowboy Song,,0,1,0,,not_enriched,unreviewed
4091,S39ea228118,The Del Fuegos,Hold Us Down,,0,1,0,,not_enriched,unreviewed
4092,S39f7a50ec8,The Beach Boys,Cotton Fields (The Cotton Song),,0,1,0,,not_enriched,unreviewed
4093,S39f8169e85,Bryan Adams,Long Gone,,0,1,0,,not_enriched,unreviewed
4094,S3a02f90c04,The Rolling Stones,Winter,,0,1,0,,not_enriched,unreviewed
4095,S3a0856c56a,Grand Funk Railroad,Look at Granny Run Run,,0,1,0,,not_enriched,unreviewed
4096,S3a1f335915,Chilliwack,Tonight,,0,1,0,,not_enriched,unreviewed
4097,S3a23f58812,Styx,Nothing Ever Goes As Planned,,0,1,0,,not_enriched,unreviewed
4098,S3a2a32f192,Pretenders,Hymn to Her,,0,1,0,,not_enriched,unreviewed
4099,S3a2e9301c4,Chilliwack,Roll On,,0,1,0,,not_enriched,unreviewed
4100,S3a35edea98,R.E.M.,So. Central Rain (I'm Sorry),,0,1,0,,not_enriched,unreviewed
4101,S3a3d10c2e9,ZZ Top,I Wanna Drive You Home,,0,1,0,,not_enriched,unreviewed
4102,S3a4d8cb28a,The Beach Boys,Back Home,,0,1,0,,not_enriched,unreviewed
4103,S3a4edb949e,Tom Petty and the Heartbreakers,Too Good to Be True,,0,1,0,,not_enriched,unreviewed
4104,S3a4fd2a334,Todd Rundgren,Time Heals (re‐recorded),,0,1,0,,not_enriched,unreviewed
4105,S3a58c5b25e,The Human League,Love Action (I Believe in Love),,0,1,0,,not_enriched,unreviewed
4106,S3a65a617f5,George Harrison,Wake Up My Love,,0,1,0,,not_enriched,unreviewed
4107,S3a7363328c,Genesis,Afterglow,,0,1,0,,not_enriched,unreviewed
4108,S3a7c9650b7,Bing Crosby,Christmas in Killarney,,0,1,0,,not_enriched,unreviewed
4109,S3a8b7c4f64,Kenny Loggins,I Gotta Try,,0,1,0,,not_enriched,unreviewed
4110,S3a90bea732,Brother Cane,Stain,,0,1,0,,not_enriched,unreviewed
4111,S3a917184ae,Rossington Collins Band,Don't Stop Me Now,,0,1,0,,not_enriched,unreviewed
4112,S3a964b6c8c,The Church,Terra Nova Cain,,0,1,0,,not_enriched,unreviewed
4113,S3aa7e5600b,Marillion,Bitter Suite: I. Brief Encounter / II. Lost Weekend / III. Blue Angel,,0,1,0,,not_enriched,unreviewed
4114,S3aaa412a43,Genesis,Fading Lights,,0,1,0,,not_enriched,unreviewed
4115,S3aab87631d,Cliff Richard,Junior Cowboy,,0,1,0,,not_enriched,unreviewed
4116,S3ab47b6afc,Alice in Chains,Real Thing,,0,1,0,,not_enriched,unreviewed
4117,S3ab5f8064b,Walter Egan,I Wannit,,0,1,0,,not_enriched,unreviewed
4118,S3ab8872ca1,Queen,Back Chat,,0,1,0,,not_enriched,unreviewed
4119,S3ab8a682da,Martin Briley,I Don’t Feel Better,,0,1,0,,not_enriched,unreviewed
4120,S3abe5f410a,Ugly Kid Joe,So Damn Cool,,0,1,0,,not_enriched,unreviewed
4121,S3ad13f2311,Eagles,Good Day in Hell,,0,1,0,,not_enriched,unreviewed
4122,S3ad8f1b975,The B‐52’s,Give Me Back My Man,,0,1,0,,not_enriched,unreviewed
4123,S3ad970ef79,38 Special,Like No Other Night,,0,1,0,,not_enriched,unreviewed
4124,S3adc761d6e,Jackson Browne,My Problem Is You,,0,1,0,,not_enriched,unreviewed
4125,S3ae979cc24,The Vaughan Brothers,Good Texan,,0,1,0,,not_enriched,unreviewed
4126,S3af52c8bcb,Eddie Money,Bring on the Rain,,0,1,0,,not_enriched,unreviewed
4127,S3af61cd0ed,Melissa Etheridge,If I Wanted To,,0,1,0,,not_enriched,unreviewed
4128,S3af804db69,Led Zeppelin,Poor Tom,,0,1,0,,not_enriched,unreviewed
4129,S3b01c96f5b,The Cranberries,Empty,,0,1,0,,not_enriched,unreviewed
4130,S3b132b56af,Bad English,Ghost in Your Heart,,0,1,0,,not_enriched,unreviewed
4131,S3b1bb3ad85,Roxy Music,While My Heart Is Still Beating,,0,1,0,,not_enriched,unreviewed
4132,S3b35d142c8,AC/DC,Get It Hot,,0,1,0,,not_enriched,unreviewed
4133,S3b44ace3b7,Cracker,Kerosene Hat,,0,1,0,,not_enriched,unreviewed
4134,S3b50867ed7,John Tesh,"O Come, All Ye Faithful",,0,1,0,,not_enriched,unreviewed
4135,S3b531cab33,Gary Wright,Close to You,,0,1,0,,not_enriched,unreviewed
4136,S3b5aadbcd3,Steely Dan,Your Gold Teeth,,0,1,0,,not_enriched,unreviewed
4137,S3b6c4110ae,"Blood, Sweat & Tears",I Love You More Than You’ll Ever Know,,0,1,0,,not_enriched,unreviewed
4138,S3b7053b696,Elton John,Suit of Wolves,,0,1,0,,not_enriched,unreviewed
4139,S3b88373d81,Cyndi Lauper,All Through the Night,,0,1,0,,not_enriched,unreviewed
4140,S3ba0c5bbd2,Neil Young,Violent Side,,0,1,0,,not_enriched,unreviewed
4141,S3ba7eddf0a,Bachman–Turner Overdrive,Free Wheelin’,,0,1,0,,not_enriched,unreviewed
4142,S3bb1126c3c,Pink Floyd,Seamus,,0,1,0,,not_enriched,unreviewed
4143,S3bb5d8e245,Gun,Shame on You,,0,1,0,,not_enriched,unreviewed
4144,S3bb8065ff1,St. Paul,I Never Knew What Love Could Do,,0,1,0,,not_enriched,unreviewed
4145,S3bc1ffb61b,Extreme,Get the Funk Out,,0,1,0,,not_enriched,unreviewed
4146,S3bc31b37e5,Freedom And Whiskey,Madman,,0,1,0,,not_enriched,unreviewed
4147,S3bc7e69dc5,Blind Melon,Deserted,,0,1,0,,not_enriched,unreviewed
4148,S3bd4288faf,Talk Talk,Hate,,0,1,0,,not_enriched,unreviewed
4149,S3bdc4c150c,Collective Soul,Dandy Life,,0,1,0,,not_enriched,unreviewed
4150,S3bef4550b5,Collective Soul,Crowded Head,,0,1,0,,not_enriched,unreviewed
4151,S3bf8400a2f,Genesis,Duke’s Travels,,0,1,0,,not_enriched,unreviewed
4152,S3bfdcdc198,Rush,Marathon,,0,1,0,,not_enriched,unreviewed
4153,S3c003ee328,Huey Lewis and the News,Buzz Buzz Buzz,,0,1,0,,not_enriched,unreviewed
4154,S3c035c1876,Eric Clapton,Tearing Us Apart,,0,1,0,,not_enriched,unreviewed
4155,S3c05020978,Toto,How Does It Feel,,0,1,0,,not_enriched,unreviewed
4156,S3c0e0b7c8d,John Cougar Mellencamp,The Kind of Fella I Am,,0,1,0,,not_enriched,unreviewed
4157,S3c3d6a2dc2,Bruce Hornsby and the Range,The Red Plains,,0,1,0,,not_enriched,unreviewed
4158,S3c44e3ee87,Fleetwood Mac,The Ledge,,0,1,0,,not_enriched,unreviewed
4159,S3c4e1e8438,Daryl Hall + John Oates,Guessing Games,,0,1,0,,not_enriched,unreviewed
4160,S3c5dd38129,Genesis,Evidence of Autumn,,0,1,0,,not_enriched,unreviewed
4161,S3c5df07231,Steve Miller Band,Space Cowboy,,0,1,0,,not_enriched,unreviewed
4162,S3c642b3f42,Talking Heads,Once in a Lifetime,,0,1,0,,not_enriched,unreviewed
4163,S3c69885fd8,Robert Plant,Like I've Never Been Gone,,0,1,0,,not_enriched,unreviewed
4164,S3c7da9b2de,Garth Brooks,Mr. Right,,0,1,0,,not_enriched,unreviewed
4165,S3c89393a25,Bob Seger & the Silver Bullet Band,Ramblin’ Gamblin’ Man,,0,1,0,,not_enriched,unreviewed
4166,S3c957d3d61,Genesis,Paperlate,,0,1,0,,not_enriched,unreviewed
4167,S3c96138019,Waylon Jennings & Willie Nelson,Mammas Don’t Let Your Babies Grow Up to Be Cowboys,,0,1,0,,not_enriched,unreviewed
4168,S3c990edaaa,Nirvana,In Bloom,,0,1,0,,not_enriched,unreviewed
4169,S3ca06672c3,Robert Plant,Billy’s Revenge,,0,1,0,,not_enriched,unreviewed
4170,S3cad4d1da0,ZZ Top,Groovy Little Hippie Pad,,0,1,0,,not_enriched,unreviewed
4171,S3cad7378c6,Elton John,Madman Across the Water,,0,1,0,,not_enriched,unreviewed
4172,S3cb461f6a2,The Motels,Change My Mind,,0,1,0,,not_enriched,unreviewed
4173,S3cb62a3849,Tom Petty & the Heartbreakers,Jammin’ Me,,0,1,0,,not_enriched,unreviewed
4174,S3cb6d8376a,Split Enz,Double Happy,,0,1,0,,not_enriched,unreviewed
4175,S3cbb092554,Neil Young,Touch the Night,,0,1,0,,not_enriched,unreviewed
4176,S3cc0691d71,Elton John,Dan Dare (Pilot of the Future),,0,1,0,,not_enriched,unreviewed
4177,S3cc73072fa,Ugly Kid Joe,I’ll Keep Tryin’,,0,1,0,,not_enriched,unreviewed
4178,S3ccfd379ce,Bad Company,Weep No More,,0,1,0,,not_enriched,unreviewed
4179,S3cd88ec894,Firefall,"Goodbye, I Love You",,0,1,0,,not_enriched,unreviewed
4180,S3ce87f1610,Romeo Void,Instincts,,0,1,0,,not_enriched,unreviewed
4181,S3cf0431e7c,REO Speedwagon,Love to Hate,,0,1,0,,not_enriched,unreviewed
4182,S3cf98c0859,U2,Acrobat,,0,1,0,,not_enriched,unreviewed
4183,S3d0451d046,Eric Clapton,May You Never,,0,1,0,,not_enriched,unreviewed
4184,S3d09a65114,Stray Cats,Double Talkin' Baby,,0,1,0,,not_enriched,unreviewed
4185,S3d0ccb1b73,The Alan Parsons Project,Can't Take It With You,,0,1,0,,not_enriched,unreviewed
4186,S3d1cdf2a35,Van Stephenson,The Cure Will Kill You,,0,1,0,,not_enriched,unreviewed
4187,S3d291769db,Tubes,Amnesia,,0,1,0,,not_enriched,unreviewed
4188,S3d2c414798,Rolling Stones,Hold on to Your Hat,,0,1,0,,not_enriched,unreviewed
4189,S3d4cf8aca0,The Beach Boys,Christmas Day,,0,1,0,,not_enriched,unreviewed
4190,S3d554f4cb4,ZZ Top,Party on the Patio,,0,1,0,,not_enriched,unreviewed
4191,S3d56e8d20f,Duffy Bishop & The Rhythm Dogs,Can't Get It Together With You,,0,1,0,,not_enriched,unreviewed
4192,S3d656ea34c,The Cranberries,Ode to My Family,,0,1,0,,not_enriched,unreviewed
4193,S3d7e9bfd80,The Knack,That's What the Little Girls Do,,0,1,0,,not_enriched,unreviewed
4194,S3d817ecceb,The Del Fuegos,Fade to Blue,,0,1,0,,not_enriched,unreviewed
4195,S3d822f918a,Eddie Money,Trinidad,,0,1,0,,not_enriched,unreviewed
4196,S3d8356dd5c,Santana,Incident at Neshabur,,0,1,0,,not_enriched,unreviewed
4197,S3d83da58d1,Nilsson,As Time Goes By,,0,1,0,,not_enriched,unreviewed
4198,S3d8da48c83,Robert Plant,Big Love,,0,1,0,,not_enriched,unreviewed
4199,S3d8f7ea9db,Chicago,Once in a Lifetime,,0,1,0,,not_enriched,unreviewed
4200,S3d958f4c77,Tesla,"Lazy Days, Crazy Nights",,0,1,0,,not_enriched,unreviewed
4201,S3da0394b71,Counting Crows,A Murder of One,,0,1,0,,not_enriched,unreviewed
4202,S3da1058599,Icehouse,My Obsession,,0,1,0,,not_enriched,unreviewed
4203,S3db2bc4f69,John Fogerty,I Saw It on T.V.,,0,1,0,,not_enriched,unreviewed
4204,S3db4652875,Yes,Shock to the System,,0,1,0,,not_enriched,unreviewed
4205,S3db808eba6,Tool,Crawl Away,,0,1,0,,not_enriched,unreviewed
4206,S3dc1d42f45,The Rembrandts,Everyday People,,0,1,0,,not_enriched,unreviewed
4207,S3dcae8bebb,George Harrison,All Those Years Ago,,0,1,0,,not_enriched,unreviewed
4208,S3dd073aacd,Meat Loaf,You Took the Words Right Out of My Mouth (Hot Summer Night) (Beginning),,0,1,0,,not_enriched,unreviewed
4209,S3dd0f862ff,Jefferson Starship,Take Your Time,,0,1,0,,not_enriched,unreviewed
4210,S3dd15bc517,Britny Fox,Livin' on a Dream,,0,1,0,,not_enriched,unreviewed
4211,S3dd86a7db4,Bob Welch,The Ghost of Flight 401,,0,1,0,,not_enriched,unreviewed
4212,S3dd9bfbda7,Stevie Nicks,Beauty and the Beast,,0,1,0,,not_enriched,unreviewed
4213,S3ddeccf4e4,Lindsey Buckingham,I’ll Tell You Now,,0,1,0,,not_enriched,unreviewed
4214,S3df2d18173,Mountain,Pride and Passion,,0,1,0,,not_enriched,unreviewed
4215,S3df41638b1,Ian Matthews,Shake It,,0,1,0,,not_enriched,unreviewed
4216,S3df9b3e9e4,Fleetwood Mac,My Little Demon,,0,1,0,,not_enriched,unreviewed
4217,S3e09ebd973,The Babys,She's My Girl,,0,1,0,,not_enriched,unreviewed
4218,S3e0c10958d,Madonna,Don’t Stop,,0,1,0,,not_enriched,unreviewed
4219,S3e135e7a48,Stone Temple Pilots,Big Empty,,0,1,0,,not_enriched,unreviewed
4220,S3e165c3c7a,Bachman–Turner Overdrive,Welcome Home,,0,1,0,,not_enriched,unreviewed
4221,S3e18c0a935,Van Stephenson,Others Only Dream,,0,1,0,,not_enriched,unreviewed
4222,S3e1e1c5f6c,Heart,Say Hello,,0,1,0,,not_enriched,unreviewed
4223,S3e21164659,Toto,Change of Heart,,0,1,0,,not_enriched,unreviewed
4224,S3e3a6aa708,The Alan Parsons Project,Stereotomy Two,,0,1,0,,not_enriched,unreviewed
4225,S3e3acc7bd1,Traveling Wilburys,If You Belonged to Me,,0,1,0,,not_enriched,unreviewed
4226,S3e3bae2983,Al Stewart,Time Passages,,0,1,0,,not_enriched,unreviewed
4227,S3e4446be50,Billy Squier,Lady With a Tenor Sax,,0,1,0,,not_enriched,unreviewed
4228,S3e53548912,Commodores,Zoom,,0,1,0,,not_enriched,unreviewed
4229,S3e7ecc05de,Pink Floyd,Signs of Life,,0,1,0,,not_enriched,unreviewed
4230,S3e85589337,Julian Lennon,You Don't Have to Tell Me,,0,1,0,,not_enriched,unreviewed
4231,S3e90a46c02,Bram Tchaikovsky,Hollywood Nightmare,,0,1,0,,not_enriched,unreviewed
4232,S3e97b76c3b,Greg Kihn Band,Every Love Song,,0,1,0,,not_enriched,unreviewed
4233,S3eab95b9a9,John Mayall’s Bluesbreakers,Hideaway,,0,1,0,,not_enriched,unreviewed
4234,S3eb58b3a99,Pearl Jam,Low Light,,0,1,0,,not_enriched,unreviewed
4235,S3ec2444186,AC/DC,Highway to Hell,,0,1,0,,not_enriched,unreviewed
4236,S3ed8376ea3,Def Leppard,Rock! Rock! (Till You Drop),,0,1,0,,not_enriched,unreviewed
4237,S3ee320e2de,Bryan Adams,Run Rudolph Run,,0,1,0,,not_enriched,unreviewed
4238,S3eeca59157,Wham!,Like a Baby,,0,1,0,,not_enriched,unreviewed
4239,S3eed21b20a,Paul McCartney & Wings,Must Do Something About It (Paul vocal),,0,1,0,,not_enriched,unreviewed
4240,S3ef185387a,USA for Africa,We Are the World,,0,1,0,,not_enriched,unreviewed
4241,S3ef57c1909,John Lennon,Hard Times Are Over,,0,1,0,,not_enriched,unreviewed
4242,S3ef85ffe47,Warrant,Heaven,,0,1,0,,not_enriched,unreviewed
4243,S3efc72eebf,Icehouse,Nothing to Do,,0,1,0,,not_enriched,unreviewed
4244,S3f0176db32,Player,Baby Come Back,,0,1,0,,not_enriched,unreviewed
4245,S3f11a9d4d8,The Rolling Stones,Rocks Off,,0,1,0,,not_enriched,unreviewed
4246,S3f13b2d3e6,Supertramp,Not the Moment,,0,1,0,,not_enriched,unreviewed
4247,S3f356a7eab,Harry Chapin,Old College Avenue,,0,1,0,,not_enriched,unreviewed
4248,S3f392550d6,Carpenters,Touch Me When We're Dancing,,0,1,0,,not_enriched,unreviewed
4249,S3f3aa1a042,Stephen Stills,No Hiding Place,,0,1,0,,not_enriched,unreviewed
4250,S3f4060d799,Phil Collins,It Don’t Matter to Me,,0,1,0,,not_enriched,unreviewed
4251,S3f42158241,Blue Öyster Cult,Morning Final,,0,1,0,,not_enriched,unreviewed
4252,S3f46551035,Lïve,Lightning Crashes,,0,1,0,,not_enriched,unreviewed
4253,S3f4f295c41,"Hamilton, Joe Frank & Reynolds",Winners and Losers,,0,1,0,,not_enriched,unreviewed
4254,S3f5b0ab55a,Kenny Rogers & The First Edition,Poem for My Little Lady,,0,1,0,,not_enriched,unreviewed
4255,S3f6afb3241,Elvis Presley,Mansion Over the Hilltop,,0,1,0,,not_enriched,unreviewed
4256,S3f6f7a5193,Roxy Music,To Turn You On,,0,1,0,,not_enriched,unreviewed
4257,S3f7664db09,Greg Kihn Band,Someday,,0,1,0,,not_enriched,unreviewed
4258,S3f76776631,The Romantics,What I Like About You,,0,1,0,,not_enriched,unreviewed
4259,S3fa74cc6c6,Pure Moods,Bubble Boy,,0,1,0,,not_enriched,unreviewed
4260,S3fb00dbdb2,Cheap Trick,Rock and Roll Tonight,,0,1,0,,not_enriched,unreviewed
4261,S3fb1ecfe83,Gerry Rafferty,Waiting for the Day,,0,1,0,,not_enriched,unreviewed
4262,S3fb8b632b8,The B‐52’s,Party Out of Bounds,,0,1,0,,not_enriched,unreviewed
4263,S3fbabcd2ec,Giant,I’m a Believer,,0,1,0,,not_enriched,unreviewed
4264,S3fc21ec86c,Lou Reed,"Power and Glory, Part II (Magic Transformation)",,0,1,0,,not_enriched,unreviewed
4265,S3fc4b2141b,Bonnie Raitt,Thing Called Love,,0,1,0,,not_enriched,unreviewed
4266,S3fc9ffb02e,Badfinger,Midnight Caller,,0,1,0,,not_enriched,unreviewed
4267,S3fcddfb4f2,The Babys,Love Won't Wait,,0,1,0,,not_enriched,unreviewed
4268,S3fce5ee3ba,Blind Faith,Presence of the Lord,,0,1,0,,not_enriched,unreviewed
4269,S3fe7cb5a20,Pure Moods,Blurb,,0,1,0,,not_enriched,unreviewed
4270,S40078a89e2,Commodores,Three Times a Lady,,0,1,0,,not_enriched,unreviewed
4271,S402ec03612,Steve Miller Band,Living in the 20th Century,,0,1,0,,not_enriched,unreviewed
4272,S402f0b4626,Def Leppard,Don’t Shoot Shotgun,,0,1,0,,not_enriched,unreviewed
4273,S40388b7b84,INXS,The Loved One,,0,1,0,,not_enriched,unreviewed
4274,S403cdb6134,The Beach Boys,Barbara Ann,,0,1,0,,not_enriched,unreviewed
4275,S403e9570ba,Go‐Go’s,Vacation,,0,1,0,,not_enriched,unreviewed
4276,S4040884b0f,Def Leppard,Animal,,0,1,0,,not_enriched,unreviewed
4277,S4044e14827,Commodores,Sweet Love,,0,1,0,,not_enriched,unreviewed
4278,S404a23d484,Blue Öyster Cult,Sinful Love,,0,1,0,,not_enriched,unreviewed
4279,S406271ced2,The Police,Tea in the Sahara,,0,1,0,,not_enriched,unreviewed
4280,S4065c425c4,Rolling Stones,Blinded by Love,,0,1,0,,not_enriched,unreviewed
4281,S407e09f94d,John Mellencamp,Dance Naked,,0,1,0,,not_enriched,unreviewed
4282,S407ebe147d,The Firm,Midnight Moonlight,,0,1,0,,not_enriched,unreviewed
4283,S4093c71afc,Garth Brooks,The Fever,,0,1,0,,not_enriched,unreviewed
4284,S409a1f7808,Bad Company,Both Feet in the Water,,0,1,0,,not_enriched,unreviewed
4285,S409bb11af7,Pretenders,Bad Boys Get Spanked,,0,1,0,,not_enriched,unreviewed
4286,S40a2ad3513,Bad Company,Run With the Pack,,0,1,0,,not_enriched,unreviewed
4287,S40a48cec57,Elton John,Billy Bones and the White Bird,,0,1,0,,not_enriched,unreviewed
4288,S40ae917e3a,Jackson Browne,Disco Apocalypse,,0,1,0,,not_enriched,unreviewed
4289,S40b55d6914,Bob Dylan,"Lily, Rosemary and the Jack of Hearts",,0,1,0,,not_enriched,unreviewed
4290,S40b6a510f6,Stevie Ray Vaughan & Double Trouble,May I Have a Talk With You,,0,1,0,,not_enriched,unreviewed
4291,S40b6dcfab5,Phil Collins,The Roof Is Leaking,,0,1,0,,not_enriched,unreviewed
4292,S40b823cc0f,Collective Soul,Precious Declaration,,0,1,0,,not_enriched,unreviewed
4293,S40bdc6935f,The Babys,Postcard,,0,1,0,,not_enriched,unreviewed
4294,S40c39b3761,Loggins & Messina,Native Son,,0,1,0,,not_enriched,unreviewed
4295,S40cdad282c,Paul McCartney & Wings,Time to Hide,,0,1,0,,not_enriched,unreviewed
4296,S40cdfc04cb,Sammy Hagar,I Can't Drive 55,,0,1,0,,not_enriched,unreviewed
4297,S40d58d6ff5,Eddie Money,When You Took My Heart,,0,1,0,,not_enriched,unreviewed
4298,S40d65e4267,Red Hot Chili Peppers,Apache Rose Peacock,,0,1,0,,not_enriched,unreviewed
4299,S40da5f4cd1,Van Stephenson,Righteous Anger,,0,1,0,,not_enriched,unreviewed
4300,S40e1106a75,Lisa Loeb,Waiting for Wednesday,,0,1,0,,not_enriched,unreviewed
4301,S40e54fcea7,Neil Diamond,Yesterday's Songs,,0,1,0,,not_enriched,unreviewed
4302,S40e991a22a,Van Halen,On Fire,,0,1,0,,not_enriched,unreviewed
4303,S40ea3893f2,Steve Miller Band,All Your Love (I Miss Loving),,0,1,0,,not_enriched,unreviewed
4304,S40ecccc299,Brother Cane,Hung on a Rope,,0,1,0,,not_enriched,unreviewed
4305,S40f5b5a722,The Motels,Little Robbers,,0,1,0,,not_enriched,unreviewed
4306,S40f654a874,Triumph,Spellbound,,0,1,0,,not_enriched,unreviewed
4307,S40f8458281,Stevie Nicks,Think About It,,0,1,0,,not_enriched,unreviewed
4308,S40fbbdb794,The Rolling Stones,Fight,,0,1,0,,not_enriched,unreviewed
4309,S40fcedfde2,Yes,Take the Water to the Mountain,,0,1,0,,not_enriched,unreviewed
4310,S40fdf8dbd6,Robbie Robertson,Fallen Angel,,0,1,0,,not_enriched,unreviewed
4311,S410f6e7ec8,Garth Brooks,Everytime That It Rains,,0,1,0,,not_enriched,unreviewed
4312,S4113331fc6,Joe Walsh,Rivers (of the Hidden Funk),,0,1,0,,not_enriched,unreviewed
4313,S411793c224,Ian Matthews,Slip Away,,0,1,0,,not_enriched,unreviewed
4314,S411d4ee1e1,Genesis,No Son of Mine,,0,1,0,,not_enriched,unreviewed
4315,S4123f24ced,Eddie Money,Gamblin’ Man,,0,1,0,,not_enriched,unreviewed
4316,S412f6e2678,David Bowie,Right,,0,1,0,,not_enriched,unreviewed
4317,S41345c7f87,Alison Moyet,The Coventry Carol,,0,1,0,,not_enriched,unreviewed
4318,S413486aad5,Electric Light Orchestra,Epilogue,,0,1,0,,not_enriched,unreviewed
4319,S413617e2db,Enya,The Longships,,0,1,0,,not_enriched,unreviewed
4320,S4139dbb0e2,Don Henley,All She Wants to Do Is Dance,,0,1,0,,not_enriched,unreviewed
4321,S4139f8296d,Led Zeppelin,Fool in the Rain,,0,1,0,,not_enriched,unreviewed
4322,S413f392cda,Simple Minds,Once Upon a Time,,0,1,0,,not_enriched,unreviewed
4323,S41416873b7,Bad English,Rockin' Horse,,0,1,0,,not_enriched,unreviewed
4324,S414278036d,Marcy Playground,Gone Crazy,,0,1,0,,not_enriched,unreviewed
4325,S4142c9d8a7,Steve Winwood,While You See a Chance,,0,1,0,,not_enriched,unreviewed
4326,S41446f5f1b,Dan Fogelberg,In the Passage,,0,1,0,,not_enriched,unreviewed
4327,S41467a21de,Jesus Jones,International Bright Young Thing,,0,1,0,,not_enriched,unreviewed
4328,S414c31523f,Loggins & Messina,Pretty Princess,,0,1,0,,not_enriched,unreviewed
4329,S416bab0bda,Neil Young,Downtown,,0,1,0,,not_enriched,unreviewed
4330,S416d0aa878,Bad English,Don't Walk Away,,0,1,0,,not_enriched,unreviewed
4331,S416dbed6fa,Toad the Wet Sprocket,In My Ear,,0,1,0,,not_enriched,unreviewed
4332,S4172a6a9a2,SCANDAL,Koe,,0,1,0,,not_enriched,unreviewed
4333,S41785ae1dc,The Rolling Stones,Rip This Joint,,0,1,0,,not_enriched,unreviewed
4334,S41847e3024,Foreigner,Urgent,,0,1,0,,not_enriched,unreviewed
4335,S4184b80bc4,INXS,Guns in the Sky,,0,1,0,,not_enriched,unreviewed
4336,S41879c06d6,The Church,City,,0,1,0,,not_enriched,unreviewed
4337,S418807a221,Steely Dan,Show Biz Kids,,0,1,0,,not_enriched,unreviewed
4338,S418e80ab30,ZZ Top,Balinese,,0,1,0,,not_enriched,unreviewed
4339,S418ee1e311,Chris Isaak,Heart Shaped World,,0,1,0,,not_enriched,unreviewed
4340,S41988ad6bc,Billy Joel,Two Thousand Years,,0,1,0,,not_enriched,unreviewed
4341,S41a3c57291,L.A. Guns,17 Crash,,0,1,0,,not_enriched,unreviewed
4342,S41bc44942e,Trixter,Ride the Whip,,0,1,0,,not_enriched,unreviewed
4343,S41bde09442,The B‐52’s,Dry County,,0,1,0,,not_enriched,unreviewed
4344,S41c7634971,The Notting Hillbillies,Feel Like Going Home,,0,1,0,,not_enriched,unreviewed
4345,S41c7ae036f,Dennis DeYoung,Gravity,,0,1,0,,not_enriched,unreviewed
4346,S41d1dbd10f,Joe Walsh,You Never Know,,0,1,0,,not_enriched,unreviewed
4347,S41dabd7405,The Doors,End of the Night,,0,1,0,,not_enriched,unreviewed
4348,S41e3997ecc,Joe Jackson,A Slow Song,,0,1,0,,not_enriched,unreviewed
4349,S41e6add713,Damn Yankees,Coming of Age,,0,1,0,,not_enriched,unreviewed
4350,S41e84122a9,Luther Vandross,The Christmas Song,,0,1,0,,not_enriched,unreviewed
4351,S41e8b0b4e1,Chilliwack,She Keeps On Cryin',,0,1,0,,not_enriched,unreviewed
4352,S42006470ad,Counting Crows,Round Here,,0,1,0,,not_enriched,unreviewed
4353,S420f74226c,Tommy James & the Shondells,Get Out Now,,0,1,0,,not_enriched,unreviewed
4354,S4212223999,George Thorogood & the Destroyers,I’m Moving On,,0,1,0,,not_enriched,unreviewed
4355,S4220d86ded,Robert Palmer,In Walks Love Again,,0,1,0,,not_enriched,unreviewed
4356,S422a8d94c3,The Moody Blues,Nervous,,0,1,0,,not_enriched,unreviewed
4357,S423765466b,Paula Abdul,Forever Your Girl,,0,1,0,,not_enriched,unreviewed
4358,S423f129a38,Neil Diamond,Longfellow Serenade,,0,1,0,,not_enriched,unreviewed
4359,S424a715e8c,4 Non Blondes,Morphine & Chocolate,,0,1,0,,not_enriched,unreviewed
4360,S424eae4540,Barry Manilow,Something’s Comin’ Up,,0,1,0,,not_enriched,unreviewed
4361,S424f07a3c0,Slade,Keep Your Hands Off My Power Supply,,0,1,0,,not_enriched,unreviewed
4362,S425f5b86fe,Giuffria,Lonely in Love,,0,1,0,,not_enriched,unreviewed
4363,S4262d6926f,Stevie Ray Vaughan and Double Trouble,Voodoo Chile (slight return),,0,1,0,,not_enriched,unreviewed
4364,S427311afb9,Jewel,Fat Boy,,0,1,0,,not_enriched,unreviewed
4365,S427951c6a7,Foreigner,Dirty White Boy,,0,1,0,,not_enriched,unreviewed
4366,S427e566964,Pure Moods,Open Book,,0,1,0,,not_enriched,unreviewed
4367,S42a7ec1012,Sly & the Family Stone,Fun,,0,1,0,,not_enriched,unreviewed
4368,S42b6532aea,The Alan Parsons Project,Light of the World,,0,1,0,,not_enriched,unreviewed
4369,S42bea5b23a,Loverboy,Prissy Prissy,,0,1,0,,not_enriched,unreviewed
4370,S42c70f42d8,Steve Miller Band,While I'm Waiting,,0,1,0,,not_enriched,unreviewed
4371,S42c8545523,Foreigner,You're All I Am,,0,1,0,,not_enriched,unreviewed
4372,S42cf5bd5c1,Collective Soul,Forgiveness,,0,1,0,,not_enriched,unreviewed
4373,S42dd0aa478,Santana,Love of My Life,,0,1,0,,not_enriched,unreviewed
4374,S42e808a7ca,Martin Briley,First to Know,,0,1,0,,not_enriched,unreviewed
4375,S42ed410eec,The Black Crowes,Jealous Guy,,0,1,0,,not_enriched,unreviewed
4376,S42f25072aa,Squeeze,Vanity Fair,,0,1,0,,not_enriched,unreviewed
4377,S42fb917e4d,Survivor,Feels Like Love,,0,1,0,,not_enriched,unreviewed
4378,S43011f7d3e,Paul Simon,Still Crazy After All These Years,,0,1,0,,not_enriched,unreviewed
4379,S4305098a25,Gary Wright,Blind Feeling,,0,1,0,,not_enriched,unreviewed
4380,S431e1baa8d,Joe Cocker,With a Little Help From My Friends,,0,1,0,,not_enriched,unreviewed
4381,S432a29433a,The Firm,Someone to Love,,0,1,0,,not_enriched,unreviewed
4382,S432fd1e947,Carpenters,Merry Christmas Darling,,0,1,0,,not_enriched,unreviewed
4383,S433483ee3f,Starship,Private Room,,0,1,0,,not_enriched,unreviewed
4384,S434710e488,The Beach Boys,California Dreamin',,0,1,0,,not_enriched,unreviewed
4385,S434b01aac9,Jefferson Starship,I Want to See Another World,,0,1,0,,not_enriched,unreviewed
4386,S435766a34e,U2,Tryin’ to Throw Your Arms Around the World,,0,1,0,,not_enriched,unreviewed
4387,S435eb2fe14,Eagles,Doolin‐Dalton,,0,1,0,,not_enriched,unreviewed
4388,S4363d8b05f,Steve Earle,CCKMP,,0,1,0,,not_enriched,unreviewed
4389,S4364519167,Pete Bardens,Many Happy Returns,,0,1,0,,not_enriched,unreviewed
4390,S4369440543,Jefferson Starship,Quit Wasting Time,,0,1,0,,not_enriched,unreviewed
4391,S436b606863,Billy Joel,She’s Got a Way,,0,1,0,,not_enriched,unreviewed
4392,S437d925178,Rod Stewart,Blondes (Have More Fun),,0,1,0,,not_enriched,unreviewed
4393,S437e29e7b5,Natalie Imbruglia,Don’t You Think?,,0,1,0,,not_enriched,unreviewed
4394,S438114bdcb,Tower of Fire,BONUS: Six Minutes To Minotaur,,0,1,0,,not_enriched,unreviewed
4395,S438229fd35,The Firm,You've Lost That Lovin' Feeling,,0,1,0,,not_enriched,unreviewed
4396,S43828dd790,Pearl Jam,Red Mosquito,,0,1,0,,not_enriched,unreviewed
4397,S43a84e30d1,The Rolling Stones,Where the Boys Go,,0,1,0,,not_enriched,unreviewed
4398,S43b5bda972,Collective Soul,Compliment,,0,1,0,,not_enriched,unreviewed
4399,S43b76389cd,Metallica,Disposable Heroes,,0,1,0,,not_enriched,unreviewed
4400,S43c2069935,Sneaker,Easy With Your Love,,0,1,0,,not_enriched,unreviewed
4401,S43c2c9066f,Nick Lowe,"Big Kick, Plain Scrap",,0,1,0,,not_enriched,unreviewed
4402,S43c498e514,Billy Squier,Break the Silence,,0,1,0,,not_enriched,unreviewed
4403,S43db5f310a,Blue Öyster Cult,You're Not the One (I Was Looking For),,0,1,0,,not_enriched,unreviewed
4404,S43e11c6168,The Pretenders,Kid,,0,1,0,,not_enriched,unreviewed
4405,S43e35d78d8,Nils Lofgren,A Fool Like Me,,0,1,0,,not_enriched,unreviewed
4406,S43e9a05923,Def Leppard,Run Riot,,0,1,0,,not_enriched,unreviewed
4407,S43ef9a777b,The Alan Parsons Project,"The Gold Bug, Part 1",,0,1,0,,not_enriched,unreviewed
4408,S43f5de01f3,George Michael,"A Last Request (I Want Your Sex, Part 3)",,0,1,0,,not_enriched,unreviewed
4409,S43f71ffdd8,Quarterflash,Shakin’ the Jinx,,0,1,0,,not_enriched,unreviewed
4410,S4400bf9a71,Tom Petty and the Heartbreakers,The Dark of the Sun,,0,1,0,,not_enriched,unreviewed
4411,S44012d9608,The J. Geils Band,"Insane, Insane Again",,0,1,0,,not_enriched,unreviewed
4412,S440bcc4dd0,Sly & the Family Stone,Life,,0,1,0,,not_enriched,unreviewed
4413,S440bfba147,Natalie Imbruglia,Leave Me Alone,,0,1,0,,not_enriched,unreviewed
4414,S441277673b,George Thorogood & the Destroyers,Can’t Stop Lovin’,,0,1,0,,not_enriched,unreviewed
4415,S44197d214e,Elvis Presley,Oh Little Town of Bethlehem,,0,1,0,,not_enriched,unreviewed
4416,S4420ccb2ba,Warren Zevon,The Envoy,,0,1,0,,not_enriched,unreviewed
4417,S442228e94b,Jay Ferguson,Babylon,,0,1,0,,not_enriched,unreviewed
4418,S4423c6b810,Roger McGuinn,You Bowed Down,,0,1,0,,not_enriched,unreviewed
4419,S4426addd5c,Head East,Every Little Bit Of My Heart,,0,1,0,,not_enriched,unreviewed
4420,S442aadf1b5,Lisa Loeb,Alone,,0,1,0,,not_enriched,unreviewed
4421,S442f5fd9cc,Firefall,Just Think,,0,1,0,,not_enriched,unreviewed
4422,S442f61432f,Elton John,No Shoe Strings on Louise,,0,1,0,,not_enriched,unreviewed
4423,S4432132b9a,Three Dog Night,Dreaming Isn't Good for You,,0,1,0,,not_enriched,unreviewed
4424,S4437b60e3a,Tom Cochrane & Red Rider,Big League,,0,1,0,,not_enriched,unreviewed
4425,S4438c0465d,Sammy Hagar,Baby’s on Fire,,0,1,0,,not_enriched,unreviewed
4426,S4447146913,Sammy Hagar,Dick in the Dirt,,0,1,0,,not_enriched,unreviewed
4427,S4448e9cd4a,Supertramp,It’s Alright,,0,1,0,,not_enriched,unreviewed
4428,S444f6b3225,Bonnie Raitt,Nick of Time,,0,1,0,,not_enriched,unreviewed
4429,S4453726c13,Phil Collins,Who Said I Would,,0,1,0,,not_enriched,unreviewed
4430,S4455c867c9,Planet P Project,The Shepherd,,0,1,0,,not_enriched,unreviewed
4431,S4456346a5a,Phil Collins,If Leaving Me Is Easy,,0,1,0,,not_enriched,unreviewed
4432,S4456948344,Jackson Browne,World in Motion,,0,1,0,,not_enriched,unreviewed
4433,S44585cdc21,Talking Heads,Psycho Killer,,0,1,0,,not_enriched,unreviewed
4434,S445949f165,Elton John,Dixie Lily,,0,1,0,,not_enriched,unreviewed
4435,S445b47e079,The Doors,Spanish Caravan,,0,1,0,,not_enriched,unreviewed
4436,S445d3e680c,Lou Reed,Romeo Had Juliette,,0,1,0,,not_enriched,unreviewed
4437,S44654ae337,Red Hot Chili Peppers,Funky Monks,,0,1,0,,not_enriched,unreviewed
4438,S446563e134,Wham!,Careless Whisper,,0,1,0,,not_enriched,unreviewed
4439,S4467b9fa36,Eddie Money,"My Friends, My Friends",,0,1,0,,not_enriched,unreviewed
4440,S44697f47dc,George Michael,Monkey,,0,1,0,,not_enriched,unreviewed
4441,S446abd6d14,Tom Cochrane,Emotional Truth,,0,1,0,,not_enriched,unreviewed
4442,S446fc5253b,Daryl Hall + John Oates,Crime Pays,,0,1,0,,not_enriched,unreviewed
4443,S447adb0a3c,Queen,More of That Jazz,,0,1,0,,not_enriched,unreviewed
4444,S4481fe63fe,Nick Lowe,Cruel to Be Kind,,0,1,0,,not_enriched,unreviewed
4445,S44885547c1,Three Dog Night,Circle for a Landing,,0,1,0,,not_enriched,unreviewed
4446,S4489bf05d7,Ugly Kid Joe,Don’t Go,,0,1,0,,not_enriched,unreviewed
4447,S4489f0981e,R.E.M.,The Sidewinder Sleeps Tonite,,0,1,0,,not_enriched,unreviewed
4448,S448cee8469,Janet Jackson,The Knowledge,,0,1,0,,not_enriched,unreviewed
4449,S449708ae8c,Lindsey Buckingham,Johnny Stew,,0,1,0,,not_enriched,unreviewed
4450,S449af1d232,Madonna,Human Nature,,0,1,0,,not_enriched,unreviewed
4451,S44a5f35aa8,Great White,Livin’ in the U.S.A.,,0,1,0,,not_enriched,unreviewed
4452,S44a76c2a90,The Pretenders,Have Yourself a Merry Little Christmas,,0,1,0,,not_enriched,unreviewed
4453,S44adbba7f1,Franke & the Knockouts,Shakedown,,0,1,0,,not_enriched,unreviewed
4454,S44c0dea387,Buckingham Nicks,Crying in the Night,,0,1,0,,not_enriched,unreviewed
4455,S44cc1cfb92,Jefferson Starship,Stairway to Cleveland,,0,1,0,,not_enriched,unreviewed
4456,S44ce1dd3a9,Genesis,Home by the Sea,,0,1,0,,not_enriched,unreviewed
4457,S44ce2000aa,Rossington Collins Band,Seems Like Every Day,,0,1,0,,not_enriched,unreviewed
4458,S44d05c36a2,Helix,Rock You,,0,1,0,,not_enriched,unreviewed
4459,S44e3ae880d,The Alan Parsons Project,One Good Reason,,0,1,0,,not_enriched,unreviewed
4460,S44ebbffa2c,Queen,The Show Must Go On,,0,1,0,,not_enriched,unreviewed
4461,S4503865129,The Who,It’s Hard,,0,1,0,,not_enriched,unreviewed
4462,S45043e68b3,Dennis DeYoung,Boys Will Be Boys,,0,1,0,,not_enriched,unreviewed
4463,S450483c043,Scorpions,Money and Fame,,0,1,0,,not_enriched,unreviewed
4464,S450bdcb470,Kenny Loggins,Heartlight,,0,1,0,,not_enriched,unreviewed
4465,S451585a673,Savage Garden,Santa Monica,,0,1,0,,not_enriched,unreviewed
4466,S45178c91bf,Aerosmith,My Girl,,0,1,0,,not_enriched,unreviewed
4467,S4520252c5d,Tom Cochrane,Everything Comes Around,,0,1,0,,not_enriched,unreviewed
4468,S45384b94e5,Gibson Brothers,Cuba,,0,1,0,,not_enriched,unreviewed
4469,S454fe533c1,The Pretenders,My City Was Gone,,0,1,0,,not_enriched,unreviewed
4470,S4552824488,Fleetwood Mac,Empire State,,0,1,0,,not_enriched,unreviewed
4471,S456523d121,Talk Talk,Candy,,0,1,0,,not_enriched,unreviewed
4472,S45660441ba,Steely Dan,Daddy Don’t Live in That New York City No More,,0,1,0,,not_enriched,unreviewed
4473,S45745ab40f,REO Speedwagon,Screams and Whispers,,0,1,0,,not_enriched,unreviewed
4474,S4579792f33,St. Paul,Maybe in Another World,,0,1,0,,not_enriched,unreviewed
4475,S457f8537a2,Sam Harris,In Your Eyes,,0,1,0,,not_enriched,unreviewed
4476,S4587e2c7ae,R.E.M.,Strange Currencies,,0,1,0,,not_enriched,unreviewed
4477,S458915c6e6,George Thorogood & the Destroyers,Miss Luann,,0,1,0,,not_enriched,unreviewed
4478,S458de17786,Chris Isaak,In the Heat of the Jungle,,0,1,0,,not_enriched,unreviewed
4479,S4591a4f9e6,U2,Daddy’s Gonna Pay for Your Crashed Car,,0,1,0,,not_enriched,unreviewed
4480,S4593b890b7,Bad Company,My Only One,,0,1,0,,not_enriched,unreviewed
4481,S45a37e3be3,The Breeders,Saints,,0,1,0,,not_enriched,unreviewed
4482,S45a717f8d6,Phil Collins,All of My Life,,0,1,0,,not_enriched,unreviewed
4483,S45afbccd8a,Shania Twain,Love Gets Me Every Time (dance mix),,0,1,0,,not_enriched,unreviewed
4484,S45b14a0917,Grand Funk Railroad,All the Girls in the World Beware,,0,1,0,,not_enriched,unreviewed
4485,S45c3e8f982,Foreigner,The Modern Day,,0,1,0,,not_enriched,unreviewed
4486,S45c88b25ce,Bob Welch,Carolene,,0,1,0,,not_enriched,unreviewed
4487,S45e0b2ebf6,Paula Cole,Where Have All the Cowboys Gone?,,0,1,0,,not_enriched,unreviewed
4488,S45e3a33df6,Lou Reed,What’s Good (The Thesis),,0,1,0,,not_enriched,unreviewed
4489,S45ea6c1bc6,Brother Cane,Rise on Water,,0,1,0,,not_enriched,unreviewed
4490,S460a3ba724,Freedom And Whiskey,Austin,,0,1,0,,not_enriched,unreviewed
4491,S460a3e8029,Neil Young,Fallen Angel,,0,1,0,,not_enriched,unreviewed
4492,S460d0e1d3f,Poco,Crazy Love,,0,1,0,,not_enriched,unreviewed
4493,S4613561dcb,The Doors,Unhappy Girl,,0,1,0,,not_enriched,unreviewed
4494,S46145f5e0a,KISS,Dance All Over Your Face,,0,1,0,,not_enriched,unreviewed
4495,S461caa8407,38 Special,Twentieth Century Fox,,0,1,0,,not_enriched,unreviewed
4496,S462287ec8e,Bachman–Turner Overdrive,Takin' Care Of Business,,0,1,0,,not_enriched,unreviewed
4497,S46306d8fef,Sweet,Solid Gold Brass,,0,1,0,,not_enriched,unreviewed
4498,S4633f7f8b7,Neil Young,Days That Used to Be,,0,1,0,,not_enriched,unreviewed
4499,S4635e335ca,The Kingbees,Sweet Sweet Girl to Me,,0,1,0,,not_enriched,unreviewed
4500,S46363641ee,Prince,Baby I’m a Star,,0,1,0,,not_enriched,unreviewed
4501,S4638da25aa,Molly Hatchet,Boogie No More,,0,1,0,,not_enriched,unreviewed
4502,S463ccb5a7e,ZZ Top,Leila,,0,1,0,,not_enriched,unreviewed
4503,S465683d135,Cat Stevens,Peace Train,,0,1,0,,not_enriched,unreviewed
4504,S4663e19dea,Cheap Trick,I Know What I Want,,0,1,0,,not_enriched,unreviewed
4505,S466cc5264e,Neil Young,Hippie Dream,,0,1,0,,not_enriched,unreviewed
4506,S466fa031b2,Billy Squier,In Your Eyes,,0,1,0,,not_enriched,unreviewed
4507,S4677f5e78c,Elton John,Saint,,0,1,0,,not_enriched,unreviewed
4508,S467cce013d,John Lennon,Mind Games,,0,1,0,,not_enriched,unreviewed
4509,S46844a42aa,Def Leppard,Stagefright,,0,1,0,,not_enriched,unreviewed
4510,S4687daac18,Neil Young,Mother Earth (Natural Anthem),,0,1,0,,not_enriched,unreviewed
4511,S4690e5a1bb,Golden Earring,"Big Tree, Blue Sea",,0,1,0,,not_enriched,unreviewed
4512,S46980031a6,The Sweet,Sixties Man,,0,1,0,,not_enriched,unreviewed
4513,S46a2391e47,Dan Fogelberg,Along the Road,,0,1,0,,not_enriched,unreviewed
4514,S46a4af587f,Rick Springfield,Don't Talk to Strangers,,0,1,0,,not_enriched,unreviewed
4515,S46a7357d83,Mr. Mister,Into My Own Hands,,0,1,0,,not_enriched,unreviewed
4516,S46a760acd4,Stone Temple Pilots,Piece of Pie,,0,1,0,,not_enriched,unreviewed
4517,S46be734603,Foghat,Drive Me Home,,0,1,0,,not_enriched,unreviewed
4518,S46c733e9f9,Lou Reed,Magic and Loss (The Summation),,0,1,0,,not_enriched,unreviewed
4519,S46d223010c,America,Sandman,,0,1,0,,not_enriched,unreviewed
4520,S46d6a60348,The Monkees,I Wanna Be Free,,0,1,0,,not_enriched,unreviewed
4521,S46edfa101e,Jefferson Airplane,Somebody to Love,,0,1,0,,not_enriched,unreviewed
4522,S470542817a,Foreigner,Women,,0,1,0,,not_enriched,unreviewed
4523,S47088a9b40,April Wine,All Over Town,,0,1,0,,not_enriched,unreviewed
4524,S4714ef379d,Foreigner,Luanne,,0,1,0,,not_enriched,unreviewed
4525,S4715798f41,Jefferson Starship,Lightning Rose,,0,1,0,,not_enriched,unreviewed
4526,S47192f5ac9,Go‐Go’s,Lust to Love,,0,1,0,,not_enriched,unreviewed
4527,S471a47aec8,The Police,Hungry for You (j’aurais toujours faim de toi),,0,1,0,,not_enriched,unreviewed
4528,S471a538287,Rush,Natural Science,,0,1,0,,not_enriched,unreviewed
4529,S471ad76fe5,Stone Temple Pilots,Sin,,0,1,0,,not_enriched,unreviewed
4530,S471ea0f2c1,John Lennon,(Just Like) Starting Over,,0,1,0,,not_enriched,unreviewed
4531,S4721face63,Shania Twain,That Don’t Impress Me Much (dance mix),,0,1,0,,not_enriched,unreviewed
4532,S4725c2c298,Van Halen,Ice Cream Man,,0,1,0,,not_enriched,unreviewed
4533,S47341935a9,Nilsson,Caroline,,0,1,0,,not_enriched,unreviewed
4534,S47343739f0,The Outfield,For You,,0,1,0,,not_enriched,unreviewed
4535,S473d9efacc,Jefferson Airplane,She Has Funny Cars,,0,1,0,,not_enriched,unreviewed
4536,S4740b379e1,TNT,Desperate Night,,0,1,0,,not_enriched,unreviewed
4537,S47495cc353,Poco,Spellbound,,0,1,0,,not_enriched,unreviewed
4538,S474e81872e,John Cafferty & the Beaver Brown Band,Voice of America's Sons,,0,1,0,,not_enriched,unreviewed
4539,S47579c9a54,The Rolling Stones,Hide Your Love,,0,1,0,,not_enriched,unreviewed
4540,S4758e8fab5,America,Ventura Highway,,0,1,0,,not_enriched,unreviewed
4541,S4765b51ae6,Commodores,Machine Gun,,0,1,0,,not_enriched,unreviewed
4542,S47693dad9b,Eddie Money,Calm Before the Storm,,0,1,0,,not_enriched,unreviewed
4543,S476d3fc12c,Nirvana,Radio Friendly Unit Shifter,,0,1,0,,not_enriched,unreviewed
4544,S476e01dff0,Bram Tchaikovsky,Letter From The USA,,0,1,0,,not_enriched,unreviewed
4545,S47764b488e,Men at Work,Down Under,,0,1,0,,not_enriched,unreviewed
4546,S4778bbd732,En Vogue,Hip Hop Lover,,0,1,0,,not_enriched,unreviewed
4547,S4778bec9b0,Ugly Kid Joe,Busy Bee,,0,1,0,,not_enriched,unreviewed
4548,S477df9d94a,Todd Rundgren,Hello It’s Me (re‐recorded),,0,1,0,,not_enriched,unreviewed
4549,S47877f2f20,Dan Fogelberg,Paris Nocturne,,0,1,0,,not_enriched,unreviewed
4550,S478cdb8a33,The Beach Boys,Cabinessence,,0,1,0,,not_enriched,unreviewed
4551,S4797b80bcc,Van Halen,Intruder,,0,1,0,,not_enriched,unreviewed
4552,S479fe52bc5,Rod Stewart,Crazy About Her,,0,1,0,,not_enriched,unreviewed
4553,S47a486ff68,A Flock of Seagulls,Wishing (If I Had a Photograph of You),,0,1,0,,not_enriched,unreviewed
4554,S47a4f3c0b0,Billy Joel,Through the Long Night,,0,1,0,,not_enriched,unreviewed
4555,S47ad59bf41,Queen,If You Can’t Beat Them,,0,1,0,,not_enriched,unreviewed
4556,S47b03c9a9d,Journey,Good Morning Girl,,0,1,0,,not_enriched,unreviewed
4557,S47e56515cb,Bad Company,Evil Wind,,0,1,0,,not_enriched,unreviewed
4558,S47e828bac2,Red Hot Chili Peppers,Mellowship Slinky in B major,,0,1,0,,not_enriched,unreviewed
4559,S47e8829519,Eric Clapton,Hello Old Friend,,0,1,0,,not_enriched,unreviewed
4560,S48008f1c03,Dan Fogelberg,The Reach,,0,1,0,,not_enriched,unreviewed
4561,S48020597a2,The Alan Parsons Project,Winding Me Up,,0,1,0,,not_enriched,unreviewed
4562,S48097409f2,The Motels,Where Do We Go From Here (Nothing Sacred),,0,1,0,,not_enriched,unreviewed
4563,S480d83d8cb,The Breeders,S.O.S.,,0,1,0,,not_enriched,unreviewed
4564,S480dadce8c,Chilliwack,In Love With A Look,,0,1,0,,not_enriched,unreviewed
4565,S480ecc5f45,Boston,Rock & Roll Band,,0,1,0,,not_enriched,unreviewed
4566,S4812cd3a45,The Animals,The Night,,0,1,0,,not_enriched,unreviewed
4567,S481379fe5e,Yes,Starship Trooper: Life Seeker / Disillusion / Würm,,0,1,0,,not_enriched,unreviewed
4568,S4813d98ce3,Stevie Nicks,Kind of Woman,,0,1,0,,not_enriched,unreviewed
4569,S481601651a,Roger Hodgson,Right Place,,0,1,0,,not_enriched,unreviewed
4570,S481681e952,EMF,Unbelievable,,0,1,0,,not_enriched,unreviewed
4571,S481f0ffb8e,Grateful Dead,St. Stephen,,0,1,0,,not_enriched,unreviewed
4572,S48277278f5,Grateful Dead,West L.A. Fadeaway,,0,1,0,,not_enriched,unreviewed
4573,S482951a456,Poison,Don’t Give Up an Inch,,0,1,0,,not_enriched,unreviewed
4574,S482db6644a,Don McLean,"Everybody Loves Me, Baby",,0,1,0,,not_enriched,unreviewed
4575,S482eb425aa,John Mellencamp,Small Town (acoustic),,0,1,0,,not_enriched,unreviewed
4576,S4830648500,R.E.M.,Monty Got a Raw Deal,,0,1,0,,not_enriched,unreviewed
4577,S483debb9bf,Eddie Money,Shakin’,,0,1,0,,not_enriched,unreviewed
4578,S484ef54335,Natalie Imbruglia,Big Mistake,,0,1,0,,not_enriched,unreviewed
4579,S485147c34d,Poison,Poor Boy Blues,,0,1,0,,not_enriched,unreviewed
4580,S4854cfc71e,John Lennon,Beautiful Boys,,0,1,0,,not_enriched,unreviewed
4581,S4854e8010c,The Motels,Tables Turned,,0,1,0,,not_enriched,unreviewed
4582,S485c3a4902,Steely Dan,Charlie Freak,,0,1,0,,not_enriched,unreviewed
4583,S487fc7151d,The Rolling Stones,Tops,,0,1,0,,not_enriched,unreviewed
4584,S489febf2fd,KISS,A Million to One,,0,1,0,,not_enriched,unreviewed
4585,S48b0515a05,Harry Chapin,Sunday Morning Sunshine,,0,1,0,,not_enriched,unreviewed
4586,S48b1e282b6,Journey,Daydream,,0,1,0,,not_enriched,unreviewed
4587,S48b794b59c,Warren Zevon,Reconsider Me,,0,1,0,,not_enriched,unreviewed
4588,S48be777317,Roxy Music,The Space Between,,0,1,0,,not_enriched,unreviewed
4589,S48bf377314,Sammy Hagar,I Wouldn't Change a Thing,,0,1,0,,not_enriched,unreviewed
4590,S48ca3e92d5,The Rolling Stones,She’s So Cold,,0,1,0,,not_enriched,unreviewed
4591,S48cdd7f67b,The Beach Boys,Mama Says,,0,1,0,,not_enriched,unreviewed
4592,S48cf86a18c,Eric Clapton,Breaking Point,,0,1,0,,not_enriched,unreviewed
4593,S48d8e33da0,Elton John,Heart in the Right Place,,0,1,0,,not_enriched,unreviewed
4594,S48f8f8dbb6,Blue Öyster Cult,True Confessions,,0,1,0,,not_enriched,unreviewed
4595,S4903451be6,Queen,Tear It Up,,0,1,0,,not_enriched,unreviewed
4596,S49056627c7,Fastball,Out of My Head,,0,1,0,,not_enriched,unreviewed
4597,S4909c31bbd,April Wine,Let Yourself Go,,0,1,0,,not_enriched,unreviewed
4598,S490a410ac8,Waylon Jennings,Lookin’ for a Feeling,,0,1,0,,not_enriched,unreviewed
4599,S49108492cd,Gerry Rafferty,Baker Street,,0,1,0,,not_enriched,unreviewed
4600,S49137d7662,Rush,The Big Money,,0,1,0,,not_enriched,unreviewed
4601,S4915b67a35,Sly & the Family Stone,Everybody Is a Star,,0,1,0,,not_enriched,unreviewed
4602,S4916b5a703,Glenn Frey,Long Hot Summer,,0,1,0,,not_enriched,unreviewed
4603,S491a4dabc4,The Kingbees,No Respect,,0,1,0,,not_enriched,unreviewed
4604,S492dad78d0,Joan Jett & the Blackhearts,Be Straight,,0,1,0,,not_enriched,unreviewed
4605,S4937ea193d,Eric Clapton,Kristen and Jim,,0,1,0,,not_enriched,unreviewed
4606,S493de45c0e,Tommy James & the Shondells,Ball of Fire,,0,1,0,,not_enriched,unreviewed
4607,S494040b3b1,Cat Stevens,Wild World,,0,1,0,,not_enriched,unreviewed
4608,S4940e41638,Rush,The Spirit of Radio,,0,1,0,,not_enriched,unreviewed
4609,S4953313dca,Chris Rea,Texas,,0,1,0,,not_enriched,unreviewed
4610,S495620b8a7,Bruce Springsteen,Two Hearts,,0,1,0,,not_enriched,unreviewed
4611,S49620acbc4,The Outfield,Your Love,,0,1,0,,not_enriched,unreviewed
4612,S4966ba3340,Fleetwood Mac,Never Make Me Cry,,0,1,0,,not_enriched,unreviewed
4613,S4973a3eb89,The Caroleers,Jingle Bells,,0,1,0,,not_enriched,unreviewed
4614,S49753d9f42,Warrant,Blind Faith,,0,1,0,,not_enriched,unreviewed
4615,S49788e12eb,Phil Collins,Thunder and Lightning,,0,1,0,,not_enriched,unreviewed
4616,S497a9bca28,The Beach Boys,Girl Don't Tell Me,,0,1,0,,not_enriched,unreviewed
4617,S498c571ccc,Grateful Dead,Standing on the Moon,,0,1,0,,not_enriched,unreviewed
4618,S498ed526e9,Little River Band,The Night Owls,,0,1,0,,not_enriched,unreviewed
4619,S499ab22f0d,George Carlin,Son of WINO,,0,1,0,,not_enriched,unreviewed
4620,S49a5d7a2c9,Hall & Oates,Say It Isn’t So,,0,1,0,,not_enriched,unreviewed
4621,S49aa186f9d,Lou Reed,Goodby Mass (In a Chapel Bodily Termination),,0,1,0,,not_enriched,unreviewed
4622,S49abccde11,Phil Collins,Colours,,0,1,0,,not_enriched,unreviewed
4623,S49b9db8b61,Survivor,I Can't Hold Back,,0,1,0,,not_enriched,unreviewed
4624,S49bc0ef4be,Jesus Jones,Are You Satisfied?,,0,1,0,,not_enriched,unreviewed
4625,S49c0e641cc,REO Speedwagon,Live It Up,,0,1,0,,not_enriched,unreviewed
4626,S49c51f3b02,R.E.M.,Nightswimming,,0,1,0,,not_enriched,unreviewed
4627,S49c73e0f8b,Triumph,In the Middle of the Night,,0,1,0,,not_enriched,unreviewed
4628,S49cd31cb4b,Steve Miller Band,Abracadabra,,0,1,0,,not_enriched,unreviewed
4629,S49d6cb734e,Foghat,Fool for the City,,0,1,0,,not_enriched,unreviewed
4630,S49d8f6e3d6,The Kinks,Missing Persons,,0,1,0,,not_enriched,unreviewed
4631,S49e3e9d1f6,Billy Joel,Where's the Orchestra?,,0,1,0,,not_enriched,unreviewed
4632,S49f1d135cf,Saga,Time’s Up,,0,1,0,,not_enriched,unreviewed
4633,S49f51ecbdb,The Charlie Daniels Band,The South's Gonna Do It Again,,0,1,0,,not_enriched,unreviewed
4634,S49ffdb0ee5,Neil Young,Computer Age,,0,1,0,,not_enriched,unreviewed
4635,S4a19eac113,Van Halen,I'll Wait,,0,1,0,,not_enriched,unreviewed
4636,S4a1eeca3f9,Gerry Rafferty,Home and Dry,,0,1,0,,not_enriched,unreviewed
4637,S4a1fe62f69,The Alan Parsons Project,You Won’t Be There (5.1 mix),,0,1,0,,not_enriched,unreviewed
4638,S4a20806a07,Joe Jackson,I’m the Man,,0,1,0,,not_enriched,unreviewed
4639,S4a2e8f7bdb,Fastball,G.O.D. (Good Old Days),,0,1,0,,not_enriched,unreviewed
4640,S4a30faf0ee,Supertramp,Ever Open Door,,0,1,0,,not_enriched,unreviewed
4641,S4a31bcc345,Alice Cooper,He’s Back (The Man Behind the Mask),,0,1,0,,not_enriched,unreviewed
4642,S4a31bdabe1,Eric Clapton,Hung Up on Your Love,,0,1,0,,not_enriched,unreviewed
4643,S4a3c37e856,Mike & The Mechanics,All I Need Is a Miracle,,0,1,0,,not_enriched,unreviewed
4644,S4a448a9d12,Bonham,The Disregard of Timekeeping,,0,1,0,,not_enriched,unreviewed
4645,S4a46bb012f,Sly & the Family Stone,You Can Make It If You Try,,0,1,0,,not_enriched,unreviewed
4646,S4a4a4019b6,Stephen Stills,Only Love Can Break Your Heart,,0,1,0,,not_enriched,unreviewed
4647,S4a522ef549,Santana,Over and Over,,0,1,0,,not_enriched,unreviewed
4648,S4a56be90da,Planet P Project,Armageddon,,0,1,0,,not_enriched,unreviewed
4649,S4a5ea60327,Brother Cane,And Fools Shine On,,0,1,0,,not_enriched,unreviewed
4650,S4a6421f5f0,Helix,Billy Oxygen,,0,1,0,,not_enriched,unreviewed
4651,S4a69eed26d,Damn Yankees,Come Again,,0,1,0,,not_enriched,unreviewed
4652,S4a6c1c9199,Bob Dylan,Shelter From the Storm,,0,1,0,,not_enriched,unreviewed
4653,S4a6c797e30,The Rembrandts,Goodnight,,0,1,0,,not_enriched,unreviewed
4654,S4a6e7e0142,Cheap Trick,Being for the Benefit of Mr. Kite,,0,1,0,,not_enriched,unreviewed
4655,S4a755a769a,ZZ Top,She’s a Heartbreaker,,0,1,0,,not_enriched,unreviewed
4656,S4a77bc34cd,Yes,Evensong,,0,1,0,,not_enriched,unreviewed
4657,S4a77cfaf03,Cyndi Lauper,Yeah Yeah,,0,1,0,,not_enriched,unreviewed
4658,S4a8736d624,SCANDAL,HELLO,,0,1,0,,not_enriched,unreviewed
4659,S4a8d3098bf,Seals & Crofts,Intone My Servant,,0,1,0,,not_enriched,unreviewed
4660,S4a9126b2ce,Kansas,Down the Road,,0,1,0,,not_enriched,unreviewed
4661,S4aa83cb79d,The Alan Parsons Project,Limelight,,0,1,0,,not_enriched,unreviewed
4662,S4ab57a7ae6,Cheap Trick,Walk Away,,0,1,0,,not_enriched,unreviewed
4663,S4ac0aaba36,Chilliwack,Fly at Night (reprise),,0,1,0,,not_enriched,unreviewed
4664,S4ac6583add,Tommy Shaw,Heads Up,,0,1,0,,not_enriched,unreviewed
4665,S4acab99633,Meat Loaf,For Crying Out Loud (Conclusion),,0,1,0,,not_enriched,unreviewed
4666,S4ad012383a,Neil Diamond,Silent Night,,0,1,0,,not_enriched,unreviewed
4667,S4ad218fd2b,Greg Kihn Band,Dedication,,0,1,0,,not_enriched,unreviewed
4668,S4ad2751620,Walter Egan,Sweet South Breeze,,0,1,0,,not_enriched,unreviewed
4669,S4ada18182b,Bonham,Cross Me and See,,0,1,0,,not_enriched,unreviewed
4670,S4ae89e6345,The Knack,Lucinda,,0,1,0,,not_enriched,unreviewed
4671,S4aec8b9619,David Bowie,Fashion,,0,1,0,,not_enriched,unreviewed
4672,S4af4a86440,Eric Johnson,Steve’s Boogie,,0,1,0,,not_enriched,unreviewed
4673,S4afc105a4f,AC/DC,Let’s Make It,,0,1,0,,not_enriched,unreviewed
4674,S4afcef8869,Burton Cummings,You Ain't Seen Nothing Yet,,0,1,0,,not_enriched,unreviewed
4675,S4b0ad5fa42,Bob Seger & the Silver Bullet Band,Lookin’ Back,,0,1,0,,not_enriched,unreviewed
4676,S4b1466dc94,Blind Melon,Seed to a Tree,,0,1,0,,not_enriched,unreviewed
4677,S4b18bd2e94,Billy Squier,Listen to the Heartbeat,,0,1,0,,not_enriched,unreviewed
4678,S4b2729579c,Roger Hodgson,My Magazine,,0,1,0,,not_enriched,unreviewed
4679,S4b29b24a42,Marc Cohn,Walking in Memphis,,0,1,0,,not_enriched,unreviewed
4680,S4b307760b0,Stevie Ray Vaughan and Double Trouble,Couldn’t Stand the Weather,,0,1,0,,not_enriched,unreviewed
4681,S4b367c29a7,Sly & the Family Stone,Sing a Simple Song,,0,1,0,,not_enriched,unreviewed
4682,S4b46afc38b,Tower of Fire,The Chodpistols Are Coming,,0,1,0,,not_enriched,unreviewed
4683,S4b4b38dc06,Harry Chapin,Circle,,0,1,0,,not_enriched,unreviewed
4684,S4b4ba53586,KISS,Hard Luck Woman,,0,1,0,,not_enriched,unreviewed
4685,S4b503910d1,Lisa Loeb,Taffy,,0,1,0,,not_enriched,unreviewed
4686,S4b5c526309,Rossington Collins Band,Fancy Ideas,,0,1,0,,not_enriched,unreviewed
4687,S4b75171a6c,Tom Petty and the Heartbreakers,When the Time Comes,,0,1,0,,not_enriched,unreviewed
4688,S4b7528f6c9,Stray Cats,Little Miss Prissy,,0,1,0,,not_enriched,unreviewed
4689,S4b768792c0,Novo Combo,Sorry (for the Delay),,0,1,0,,not_enriched,unreviewed
4690,S4b7ce51b33,The Doors,You Make Me Real,,0,1,0,,not_enriched,unreviewed
4691,S4b7e8cb695,Roger Hodgson,You Make Me Love You,,0,1,0,,not_enriched,unreviewed
4692,S4b866d0312,George Harrison,Life Itself,,0,1,0,,not_enriched,unreviewed
4693,S4b8b8d31c0,Little River Band,Take It Easy on Me,,0,1,0,,not_enriched,unreviewed
4694,S4b8e2ddef2,Nilsson,Without Her,,0,1,0,,not_enriched,unreviewed
4695,S4b8e854d77,The Caroleers,Silent Night,,0,1,0,,not_enriched,unreviewed
4696,S4b8eff09db,Elton John,Harmony,,0,1,0,,not_enriched,unreviewed
4697,S4ba8f0a7dc,Hall & Oates,Adult Education,,0,1,0,,not_enriched,unreviewed
4698,S4bac7b8181,Neil Diamond,Silver Bells,,0,1,0,,not_enriched,unreviewed
4699,S4baed6ecb6,Giant,Hold Back the Night,,0,1,0,,not_enriched,unreviewed
4700,S4bb31621a0,The Alan Parsons Project,Separate Lives,,0,1,0,,not_enriched,unreviewed
4701,S4bb6746552,Nilsson,Coconut,,0,1,0,,not_enriched,unreviewed
4702,S4bb8c2e920,Freedom And Whiskey,A Long While,,0,1,0,,not_enriched,unreviewed
4703,S4bbade42f1,A Flock of Seagulls,2:30,,0,1,0,,not_enriched,unreviewed
4704,S4bcb26a5a3,Icehouse,Lucky Me,,0,1,0,,not_enriched,unreviewed
4705,S4bccdbfe11,Pink Floyd,Southampton Dock,,0,1,0,,not_enriched,unreviewed
4706,S4bd6882d25,The Alan Parsons Project,Inside Looking Out,,0,1,0,,not_enriched,unreviewed
4707,S4bda06f307,Billy Idol,Dancing With Myself,,0,1,0,,not_enriched,unreviewed
4708,S4bdfee0746,Steve Earle,Back to the Wall,,0,1,0,,not_enriched,unreviewed
4709,S4be04addf9,Bryan Adams,Somebody,,0,1,0,,not_enriched,unreviewed
4710,S4be19290f3,Derek and the Dominos,Snake Lake Blues,,0,1,0,,not_enriched,unreviewed
4711,S4be76394de,Billy Ocean,Suddenly,,0,1,0,,not_enriched,unreviewed
4712,S4bf2644d0e,Warrant,Sure Feels Good to Me,,0,1,0,,not_enriched,unreviewed
4713,S4bf73b5928,Alias,Standing in the Darkness,,0,1,0,,not_enriched,unreviewed
4714,S4bf957dc01,The 50 Guitars of Tommy Garrett,Have Yourself a Merry Little Christmas,,0,1,0,,not_enriched,unreviewed
4715,S4bfbdeebfe,Tommy Tutone,Bernadiah,,0,1,0,,not_enriched,unreviewed
4716,S4c009835df,Dire Straits,Heavy Fuel,,0,1,0,,not_enriched,unreviewed
4717,S4c1002fbb3,Jim Croce,These Dreams,,0,1,0,,not_enriched,unreviewed
4718,S4c1107ef44,Jimmy Page,Wanna Make Love,,0,1,0,,not_enriched,unreviewed
4719,S4c16bacd39,England Dan & John Ford Coley,Westward Wind,,0,1,0,,not_enriched,unreviewed
4720,S4c16d10a41,Eddie Money,Endless Nights,,0,1,0,,not_enriched,unreviewed
4721,S4c204112ea,The Outfield,Voices of Babylon,,0,1,0,,not_enriched,unreviewed
4722,S4c2284e966,The Sweet,The Lies in Your Eyes,,0,1,0,,not_enriched,unreviewed
4723,S4c26fd0e3b,Warren Zevon,Ain’t That Pretty at All,,0,1,0,,not_enriched,unreviewed
4724,S4c3371add1,Buckingham Nicks,Without You,,0,1,0,,not_enriched,unreviewed
4725,S4c3957dc48,Daryl Hall & John Oates,Dance on Your Knees,,0,1,0,,not_enriched,unreviewed
4726,S4c546dbcfd,Cyndi Lauper,I’ll Kiss You,,0,1,0,,not_enriched,unreviewed
4727,S4c5cb9e5ec,Electric Light Orchestra,So Fine,,0,1,0,,not_enriched,unreviewed
4728,S4c6c6a1c35,ZZ Top,Asleep in the Desert,,0,1,0,,not_enriched,unreviewed
4729,S4c91d972b8,Phil Collins,Behind the Lines,,0,1,0,,not_enriched,unreviewed
4730,S4c94bbd585,ZZ Top,"Heaven, Hell or Houston",,0,1,0,,not_enriched,unreviewed
4731,S4c96aae520,Harry Chapin,Commitment and Pete Seeger,,0,1,0,,not_enriched,unreviewed
4732,S4c98ebc609,Baltimora,"Woody Boogie (12"" Jump mix)",,0,1,0,,not_enriched,unreviewed
4733,S4c9e021eb2,Vernell Brown Jr.,New Shoes,,0,1,0,,not_enriched,unreviewed
4734,S4ca06e105d,Eric Johnson,Trademark,,0,1,0,,not_enriched,unreviewed
4735,S4ca8584900,Iron Butterfly,Most Anything You Want,,0,1,0,,not_enriched,unreviewed
4736,S4cb166c413,Carpenters,Yesterday Once More,,0,1,0,,not_enriched,unreviewed
4737,S4cb2e78dd6,Billy Joel,52nd Street,,0,1,0,,not_enriched,unreviewed
4738,S4cb3e7e4b6,Joe Walsh,I Broke My Leg,,0,1,0,,not_enriched,unreviewed
4739,S4cb7176a52,Natalie Imbruglia,Impressed,,0,1,0,,not_enriched,unreviewed
4740,S4cb8097a8d,Billy Idol,Beyond Belief,,0,1,0,,not_enriched,unreviewed
4741,S4cbb5c7587,Eric Clapton,Heaven Is One Step Away,,0,1,0,,not_enriched,unreviewed
4742,S4cd48e851e,Eric Clapton,Mean Old World,,0,1,0,,not_enriched,unreviewed
4743,S4cdffab1bd,Rick Springfield,The Light of Love,,0,1,0,,not_enriched,unreviewed
4744,S4ce2122725,Queen,Don’t Stop Me Now,,0,1,0,,not_enriched,unreviewed
4745,S4ce67d5452,Jefferson Starship,Fire,,0,1,0,,not_enriched,unreviewed
4746,S4ce87b8250,Don McLean,Sister Fatima,,0,1,0,,not_enriched,unreviewed
4747,S4cfc0ef2d9,Bob Welch,Outskirts,,0,1,0,,not_enriched,unreviewed
4748,S4d02608ed0,Thin Lizzy,Jailbreak,,0,1,0,,not_enriched,unreviewed
4749,S4d0731e01e,Dan Fogelberg,Beggar's Game,,0,1,0,,not_enriched,unreviewed
4750,S4d09c469d9,Jay Ferguson,Happy Too!,,0,1,0,,not_enriched,unreviewed
4751,S4d0dd6e29a,XTC,Earn Enough for Us,,0,1,0,,not_enriched,unreviewed
4752,S4d122abac7,Van Halen,Feel Your Love Tonight,,0,1,0,,not_enriched,unreviewed
4753,S4d26238bc0,Huey Lewis and the News,Tell Me a Little Lie,,0,1,0,,not_enriched,unreviewed
4754,S4d2b65d7e1,INXS,Listen Like Thieves,,0,1,0,,not_enriched,unreviewed
4755,S4d37c7438d,Bob Welch,Mystery Train,,0,1,0,,not_enriched,unreviewed
4756,S4d4a17e151,Neil Diamond,Happy Christmas (War Is Over),,0,1,0,,not_enriched,unreviewed
4757,S4d4d0834be,George Thorogood & the Destroyers,Memphis / Marie,,0,1,0,,not_enriched,unreviewed
4758,S4d4d35c7d8,Georgia Satellites,Golden Light,,0,1,0,,not_enriched,unreviewed
4759,S4d5a639cc0,TNT,Tell No Tales,,0,1,0,,not_enriched,unreviewed
4760,S4d6524fcd5,Counting Crows,Time and Time Again,,0,1,0,,not_enriched,unreviewed
4761,S4d702cc42d,Carpenters,An Old-Fashioned Christmas,,0,1,0,,not_enriched,unreviewed
4762,S4d730a22bb,Stevie Nicks,Nothing Ever Changes,,0,1,0,,not_enriched,unreviewed
4763,S4d75b97109,The Breeders,Mad Lucas,,0,1,0,,not_enriched,unreviewed
4764,S4d7aad36c4,Van Morrison,Crazy Love,,0,1,0,,not_enriched,unreviewed
4765,S4d97a84a07,Collective Soul,"No More, No Less",,0,1,0,,not_enriched,unreviewed
4766,S4da9ab6d41,Lisa Loeb,Sandalwood,,0,1,0,,not_enriched,unreviewed
4767,S4daa9346fc,Quarterflash,Harden My Heart,,0,1,0,,not_enriched,unreviewed
4768,S4daaddc618,Joan Jett & the Blackhearts,Nag,,0,1,0,,not_enriched,unreviewed
4769,S4dbb7c131f,Bonnie Raitt,Nobody’s Girl,,0,1,0,,not_enriched,unreviewed
4770,S4dbbb684f1,Don Henley,I Can’t Stand Still,,0,1,0,,not_enriched,unreviewed
4771,S4dc9eef38e,Rush,Entre nous,,0,1,0,,not_enriched,unreviewed
4772,S4ddc1ff419,Scorpions,Don’t Make No Promises (Your Body Can’t Keep),,0,1,0,,not_enriched,unreviewed
4773,S4de1973de0,The Animals,Loose Change,,0,1,0,,not_enriched,unreviewed
4774,S4de448c692,Timbuk 3,I Love You in the Strangest Way,,0,1,0,,not_enriched,unreviewed
4775,S4de58b2920,The Cranberries,How,,0,1,0,,not_enriched,unreviewed
4776,S4de60cdb63,Red Hot Chili Peppers,Breaking the Girl,,0,1,0,,not_enriched,unreviewed
4777,S4de91e23e0,Cliff Richard,Lovers,,0,1,0,,not_enriched,unreviewed
4778,S4dec95ad55,The Romantics,When I Look Into Your Eyes,,0,1,0,,not_enriched,unreviewed
4779,S4ded22362a,Jay Ferguson,Thunder Island,,0,1,0,,not_enriched,unreviewed
4780,S4df076167d,Sammy Hagar,Two Sides of Love,,0,1,0,,not_enriched,unreviewed
4781,S4df3ed8e2b,Steve Miller Band,Don’t Let Nobody Turn You Around,,0,1,0,,not_enriched,unreviewed
4782,S4df8f01eeb,Keith Richards,Rockawhile,,0,1,0,,not_enriched,unreviewed
4783,S4dffd923d5,Jackson Browne,Too Many Angels,,0,1,0,,not_enriched,unreviewed
4784,S4e023eefee,Gibson Brothers,Better Do It Salsa,,0,1,0,,not_enriched,unreviewed
4785,S4e05ce70ea,Carly Simon,I've Got to Have You,,0,1,0,,not_enriched,unreviewed
4786,S4e1598fcca,Tom Cochrane,Bigger Man,,0,1,0,,not_enriched,unreviewed
4787,S4e260e6e71,Heart,Magazine,,0,1,0,,not_enriched,unreviewed
4788,S4e33a31bc7,Tesla,Down Fo' Boogie,,0,1,0,,not_enriched,unreviewed
4789,S4e49e664c1,Elton John,Curtains,,0,1,0,,not_enriched,unreviewed
4790,S4e4e664870,Tears for Fears,Head Over Heels,,0,1,0,,not_enriched,unreviewed
4791,S4e565c06ff,Keith Sykes,When My Work Is Done,,0,1,0,,not_enriched,unreviewed
4792,S4e59d21389,George Harrison,Love Comes to Everyone,,0,1,0,,not_enriched,unreviewed
4793,S4e5b723a6b,Extreme,More Than Words,,0,1,0,,not_enriched,unreviewed
4794,S4e602ce167,The Who,Another Tricky Day,,0,1,0,,not_enriched,unreviewed
4795,S4e639ca55c,Eddie Money,Baby Hold On,,0,1,0,,not_enriched,unreviewed
4796,S4e66810025,EMF,Strange Brew,,0,1,0,,not_enriched,unreviewed
4797,S4e73bf9983,Alice Cooper,Give It Up,,0,1,0,,not_enriched,unreviewed
4798,S4e7a19e933,Pearl Jam,Given to Fly,,0,1,0,,not_enriched,unreviewed
4799,S4e847b2b31,Bruce Springsteen,One Step Up,,0,1,0,,not_enriched,unreviewed
4800,S4e87067848,England Dan & John Ford Coley,The Prisoner,,0,1,0,,not_enriched,unreviewed
4801,S4e9f2d4350,Lou Gramm,Heartache,,0,1,0,,not_enriched,unreviewed
4802,S4eab1b71a1,Fastball,Warm Fuzzy Feeling,,0,1,0,,not_enriched,unreviewed
4803,S4eacb7cb70,Garth Brooks,I've Got a Good Thing Going,,0,1,0,,not_enriched,unreviewed
4804,S4eb99198e5,Gregg Allman,Midnight Rider,,0,1,0,,not_enriched,unreviewed
4805,S4ebc106a65,Franke & the Knockouts,Keep On Fighting,,0,1,0,,not_enriched,unreviewed
4806,S4ec3beb6b0,Jackson Browne,Knock on Any Door,,0,1,0,,not_enriched,unreviewed
4807,S4ed0f3dd1c,The Black Crowes,Gone,,0,1,0,,not_enriched,unreviewed
4808,S4ee38fc9c0,Robert Plant,Messin' With the Mekon,,0,1,0,,not_enriched,unreviewed
4809,S4eea95145c,Carpenters,Top of the World,,0,1,0,,not_enriched,unreviewed
4810,S4eeb0958e5,Gary,You and Me,,0,1,0,,not_enriched,unreviewed
4811,S4ef51a6a21,Paul Simon,Stranded in a Limousine,,0,1,0,,not_enriched,unreviewed
4812,S4f18a7bd2b,Bachman–Turner Overdrive,Don't Get Yourself In Trouble,,0,1,0,,not_enriched,unreviewed
4813,S4f2550c244,The Notting Hillbillies,Please Baby,,0,1,0,,not_enriched,unreviewed
4814,S4f2707387c,Duran Duran,Drowning Man,,0,1,0,,not_enriched,unreviewed
4815,S4f2d2010a1,The Beach Boys,Sloop John B.,,0,1,0,,not_enriched,unreviewed
4816,S4f38f8e605,The Outfield,Everytime You Cry,,0,1,0,,not_enriched,unreviewed
4817,S4f3f74e3de,Mariah Carey,Sent From Up Above,,0,1,0,,not_enriched,unreviewed
4818,S4f50a7f3e5,John Cafferty & the Beaver Brown Band,Boardwalk Angel,,0,1,0,,not_enriched,unreviewed
4819,S4f595ca3ca,Michael Jackson,Thriller,,0,1,0,,not_enriched,unreviewed
4820,S4f5dfed2aa,The Robert Cray Band,Foul Play,,0,1,0,,not_enriched,unreviewed
4821,S4f5f048ae8,Red Hot Chili Peppers,My Lovely Man,,0,1,0,,not_enriched,unreviewed
4822,S4f6e47dc6a,Bryan Adams,It’s Only Love,,0,1,0,,not_enriched,unreviewed
4823,S4f709aa032,The Wallflowers,Bleeders,,0,1,0,,not_enriched,unreviewed
4824,S4f80a5066d,Van Halen,Hot for Teacher,,0,1,0,,not_enriched,unreviewed
4825,S4f85c299db,AC/DC,Let Me Put My Love Into You,,0,1,0,,not_enriched,unreviewed
4826,S4f8a534d74,London Philharmonic Orchestra,Nobody Home,,0,1,0,,not_enriched,unreviewed
4827,S4f94ff215e,.38 Special,Bring It On,,0,1,0,,not_enriched,unreviewed
4828,S4f9eba6528,The Human League,Do or Die,,0,1,0,,not_enriched,unreviewed
4829,S4f9f7a783d,The Del Fuegos,It's Alright,,0,1,0,,not_enriched,unreviewed
4830,S4fa290f556,The Rolling Stones,Short and Curlies,,0,1,0,,not_enriched,unreviewed
4831,S4fa410c731,The Rolling Stones,Bitch,,0,1,0,,not_enriched,unreviewed
4832,S4fa46014f3,John Mellencamp,When Jesus Left Birmingham (feat. Sounds of Blackness),,0,1,0,,not_enriched,unreviewed
4833,S4fafc65c28,XTC,Grass,,0,1,0,,not_enriched,unreviewed
4834,S4fb54b7529,"Peter, Paul & Mary",I Wonder as I Wander,,0,1,0,,not_enriched,unreviewed
4835,S4fb95378d9,Toad the Wet Sprocket,Hold Her Down,,0,1,0,,not_enriched,unreviewed
4836,S4fb99c59e9,Tony Carey,I Don’t Care,,0,1,0,,not_enriched,unreviewed
4837,S4fbb6ca055,Chris Isaak,Wrong to Love You,,0,1,0,,not_enriched,unreviewed
4838,S4fbe59c848,Elton John,Razor Face,,0,1,0,,not_enriched,unreviewed
4839,S4fc088ce09,The Police,Bombs Away,,0,1,0,,not_enriched,unreviewed
4840,S4fc67ab706,Electric Light Orchestra,Oh No Not Susan,,0,1,0,,not_enriched,unreviewed
4841,S4fd106b21b,Chris Isaak,Blue Spanish Sky,,0,1,0,,not_enriched,unreviewed
4842,S4fd521c44f,Night Ranger,Jane’s Interlude,,0,1,0,,not_enriched,unreviewed
4843,S4fd96701e9,Ozzy Osbourne,Tonight,,0,1,0,,not_enriched,unreviewed
4844,S4fe635d951,Joe Cocker,Feeling Alright,,0,1,0,,not_enriched,unreviewed
4845,S4fe6d5960a,Missing Persons,Here and Now,,0,1,0,,not_enriched,unreviewed
4846,S4fe6ef0c60,Gibson Brothers,Limbo,,0,1,0,,not_enriched,unreviewed
4847,S4fe929b2e4,Chris Isaak,5:15,,0,1,0,,not_enriched,unreviewed
4848,S4ffae22c4c,Bruce Springsteen,The River,,0,1,0,,not_enriched,unreviewed
4849,S5001e007d5,Slaughter,Gave Me Your Heart,,0,1,0,,not_enriched,unreviewed
4850,S50093e0d06,Fleetwood Mac,Fighting for Madge,,0,1,0,,not_enriched,unreviewed
4851,S500a7dcd40,April Wine,Roller,,0,1,0,,not_enriched,unreviewed
4852,S50178816bf,Michael Bolton,Back in My Arms Again,,0,1,0,,not_enriched,unreviewed
4853,S501f8cc910,Savage Garden,Break Me Shake Me,,0,1,0,,not_enriched,unreviewed
4854,S50207a8201,The Beach Boys,In the Still of the Night (I'll Remember),,0,1,0,,not_enriched,unreviewed
4855,S5023122cd8,Warrant,Sometimes She Cries,,0,1,0,,not_enriched,unreviewed
4856,S5031b2e2ba,Aerosmith,One Way Street,,0,1,0,,not_enriched,unreviewed
4857,S50344ec49f,Steel Breeze,Lost In The 80's,,0,1,0,,not_enriched,unreviewed
4858,S503f06bde0,R.E.M.,New Orleans Instrumental No. 1,,0,1,0,,not_enriched,unreviewed
4859,S504670f498,ZZ Top,Brown Sugar,,0,1,0,,not_enriched,unreviewed
4860,S5046c2c411,Tracy Chapman,At This Point in My Life,,0,1,0,,not_enriched,unreviewed
4861,S505b6703a6,Billy Joel,I Go to Extremes,,0,1,0,,not_enriched,unreviewed
4862,S5061aed49d,Tom Petty,To Find a Friend,,0,1,0,,not_enriched,unreviewed
4863,S50633ab890,John Cougar Mellencamp,Country Gentleman,,0,1,0,,not_enriched,unreviewed
4864,S50697fc67f,Steely Dan,Doctor Wu,,0,1,0,,not_enriched,unreviewed
4865,S5074c52a44,Grateful Dead,Victim or the Crime,,0,1,0,,not_enriched,unreviewed
4866,S507db760be,The Moody Blues,"22,000 Days",,0,1,0,,not_enriched,unreviewed
4867,S508c532c0b,Scorpions,Hold Me Tight,,0,1,0,,not_enriched,unreviewed
4868,S50938bba2b,City Boy,5.7.0.5.,,0,1,0,,not_enriched,unreviewed
4869,S50951e0ac6,Willie Nelson,It’s Not Supposed to Be That Way,,0,1,0,,not_enriched,unreviewed
4870,S509bea6afb,Bonham,Room for Us All,,0,1,0,,not_enriched,unreviewed
4871,S50a89f3a0f,Collective Soul,Simple,,0,1,0,,not_enriched,unreviewed
4872,S50b6b3d0b7,Poco,Legend,,0,1,0,,not_enriched,unreviewed
4873,S50bd95c339,Planet P Project,Send It in a Letter,,0,1,0,,not_enriched,unreviewed
4874,S50c1617a05,Stevie Nicks,I Sing for the Things,,0,1,0,,not_enriched,unreviewed
4875,S50c4ba4b70,"Crosby, Stills, Nash & Young",Compass,,0,1,0,,not_enriched,unreviewed
4876,S50ea014f2e,Pat Benatar,Suffer the Little Children / Hell Is for Children,,0,1,0,,not_enriched,unreviewed
4877,S50f16ce4c1,Bon Jovi,Shot Through the Heart,,0,1,0,,not_enriched,unreviewed
4878,S50f90017be,Steve Earle,"Hurtin’ Me, Hurtin’ You",,0,1,0,,not_enriched,unreviewed
4879,S50fbc12fe9,KISS,Young and Wasted,,0,1,0,,not_enriched,unreviewed
4880,S51121f3de8,Steve Miller Band,Big Boss Man,,0,1,0,,not_enriched,unreviewed
4881,S51128a2bc0,The Beach Boys,Let the Wind Blow,,0,1,0,,not_enriched,unreviewed
4882,S5112fcc3be,Grateful Dead,Picasso Moon,,0,1,0,,not_enriched,unreviewed
4883,S5116416386,The Lovin’ Spoonful,Summer in the City,,0,1,0,,not_enriched,unreviewed
4884,S51187ab958,Stevie Ray Vaughan & Double Trouble,Chitlins Con Carne,,0,1,0,,not_enriched,unreviewed
4885,S5118dc4a14,Tom Petty and the Heartbreakers,Makin’ Some Noise,,0,1,0,,not_enriched,unreviewed
4886,S512b96630b,Santana,Se a Cabo,,0,1,0,,not_enriched,unreviewed
4887,S512cbb1fa9,The Four Seasons,Storybook Lovers,,0,1,0,,not_enriched,unreviewed
4888,S512cd0065a,Robert Plant,Liars Dance,,0,1,0,,not_enriched,unreviewed
4889,S51311fb890,The Motels,Footsteps,,0,1,0,,not_enriched,unreviewed
4890,S5134c886b7,Neil Young,Words (Between the Lines of Age),,0,1,0,,not_enriched,unreviewed
4891,S5137c375f8,The Rembrandts,If Not for Misery,,0,1,0,,not_enriched,unreviewed
4892,S5141e773dc,Three Dog Night,Ain't That a Lotta Love,,0,1,0,,not_enriched,unreviewed
4893,S5144c1d811,Natalie Merchant,The Letter,,0,1,0,,not_enriched,unreviewed
4894,S5154cfea0c,Neil Diamond,White Christmas,,0,1,0,,not_enriched,unreviewed
4895,S51579b4a1d,George Thorogood & the Destroyers,What a Price,,0,1,0,,not_enriched,unreviewed
4896,S515950429d,John Cougar Mellencamp,We Are the People,,0,1,0,,not_enriched,unreviewed
4897,S51614e173f,Chilliwack,California Girl,,0,1,0,,not_enriched,unreviewed
4898,S51729b7fe0,The Romantics,One in a Million,,0,1,0,,not_enriched,unreviewed
4899,S5174d37d57,Elton John,Made in England (Junior’s Factory dub),,0,1,0,,not_enriched,unreviewed
4900,S517555fa28,Mountain,Crossroader,,0,1,0,,not_enriched,unreviewed
4901,S517ca2ae71,Elton John,Shine on Through,,0,1,0,,not_enriched,unreviewed
4902,S5183b0281c,Enya,River,,0,1,0,,not_enriched,unreviewed
4903,S51844b5b45,Bon Jovi,Breakout,,0,1,0,,not_enriched,unreviewed
4904,S51894e2ca8,Bob Seger & the Silver Bullet Band,Shame on the Moon,,0,1,0,,not_enriched,unreviewed
4905,S51903a2e6b,Gun,Better Days,,0,1,0,,not_enriched,unreviewed
4906,S5190e043ae,Cream,Crossroads,,0,1,0,,not_enriched,unreviewed
4907,S5191abf25a,Rick Springfield,Everybody’s Girl,,0,1,0,,not_enriched,unreviewed
4908,S519bd22dfd,Bruce Hornsby and the Range,Down the Road Tonight,,0,1,0,,not_enriched,unreviewed
4909,S51a108ec32,Cruzados,Blue Sofa (Still a Fool),,0,1,0,,not_enriched,unreviewed
4910,S51ba87a91a,Neil Young,Prime of Life,,0,1,0,,not_enriched,unreviewed
4911,S51c188a34f,Meredith Brooks,My Little Town,,0,1,0,,not_enriched,unreviewed
4912,S51d300a634,The Firm,Satisfaction Guaranteed,,0,1,0,,not_enriched,unreviewed
4913,S51d9ca5806,Go‐Go’s,It’s Everything but Partytime,,0,1,0,,not_enriched,unreviewed
4914,S51e36a1891,Ronnie Spector,Rockin' Around the Christmas Tree,,0,1,0,,not_enriched,unreviewed
4915,S51e86891e0,Splinter,The Place I Love,,0,1,0,,not_enriched,unreviewed
4916,S51f03bcb8e,L.A. Guns,No Mercy,,0,1,0,,not_enriched,unreviewed
4917,S51f057e7b6,Bob Welch,Lose Your...,,0,1,0,,not_enriched,unreviewed
4918,S51f5ccdb0c,Elton John,Return to Paradise,,0,1,0,,not_enriched,unreviewed
4919,S51fa56ef32,James Gang,Woman,,0,1,0,,not_enriched,unreviewed
4920,S51fbb14ba0,Sam Harris,I've Heard It All Before,,0,1,0,,not_enriched,unreviewed
4921,S5203d3b9ee,Helix,Even Jesus (Wasn't Loved In His Home Town),,0,1,0,,not_enriched,unreviewed
4922,S5204dbae88,Quiet Riot,Run for Cover,,0,1,0,,not_enriched,unreviewed
4923,S5206578ffa,Buckingham Nicks,Nomad,,0,1,0,,not_enriched,unreviewed
4924,S520c1cc9d3,Quarterflash,Shane,,0,1,0,,not_enriched,unreviewed
4925,S521db3084d,Grand Funk Railroad,Ain’t Got Nobody,,0,1,0,,not_enriched,unreviewed
4926,S5220dbb350,Gilbert O’Sullivan,Independent Air,,0,1,0,,not_enriched,unreviewed
4927,S52390a1fa7,Eagles,The Greeks Don’t Want No Freaks,,0,1,0,,not_enriched,unreviewed
4928,S525bc1cef9,George Thorogood & the Destroyers,The Sky Is Crying,,0,1,0,,not_enriched,unreviewed
4929,S52669f224d,Bad Company,Rock of America,,0,1,0,,not_enriched,unreviewed
4930,S5268fcb0cd,The Moody Blues,Sorry,,0,1,0,,not_enriched,unreviewed
4931,S526d0a3405,Atlanta Rhythm Section,The Great Escape,,0,1,0,,not_enriched,unreviewed
4932,S527c62db49,38-Special,Rockin' Into the Night,,0,1,0,,not_enriched,unreviewed
4933,S5286090b5a,The Vaughan Brothers,Baboom / Mama Said,,0,1,0,,not_enriched,unreviewed
4934,S5289239f2f,Grand Funk Railroad,Creepin’,,0,1,0,,not_enriched,unreviewed
4935,S5289b8691e,Queen,Seaside Rendezvous,,0,1,0,,not_enriched,unreviewed
4936,S52986d47ef,Pink Floyd,Echoes,,0,1,0,,not_enriched,unreviewed
4937,S52b0435822,Joe Cocker,Cry Me a River,,0,1,0,,not_enriched,unreviewed
4938,S52b2563ae4,Matchbox 20,Long Day,,0,1,0,,not_enriched,unreviewed
4939,S52b5d4a462,Billy Squier,(Another) 1984,,0,1,0,,not_enriched,unreviewed
4940,S52b8a2ac16,Heart,RSVP,,0,1,0,,not_enriched,unreviewed
4941,S52b9b44166,Warrant,Down Boys,,0,1,0,,not_enriched,unreviewed
4942,S52c3441827,Planet P Project,King for a Day,,0,1,0,,not_enriched,unreviewed
4943,S52d17e659b,Supertramp,Cannonball,,0,1,0,,not_enriched,unreviewed
4944,S52dbd73db0,Nils Lofgren,Steal Away,,0,1,0,,not_enriched,unreviewed
4945,S52dde63de5,Pearl Jam,Aye Davanita,,0,1,0,,not_enriched,unreviewed
4946,S52e10928f2,Fleetwood Mac,Save Me,,0,1,0,,not_enriched,unreviewed
4947,S52e3265e97,Tommy James & the Shondells,It’s Only Love Tryin’ to Get Through,,0,1,0,,not_enriched,unreviewed
4948,S52e7433101,Jesus Jones,"Real, Real, Real",,0,1,0,,not_enriched,unreviewed
4949,S52f8e956e3,Duffy Bishop & The Rhythm Dogs,Sitdown,,0,1,0,,not_enriched,unreviewed
4950,S52fa201baa,Bruce Springsteen,All or Nothin’ at All,,0,1,0,,not_enriched,unreviewed
4951,S52fe088be9,Eagles,Out of Control,,0,1,0,,not_enriched,unreviewed
4952,S530153659d,Neil Young,What Happened Yesterday,,0,1,0,,not_enriched,unreviewed
4953,S5306b96cb2,Toad the Wet Sprocket,Butterflies,,0,1,0,,not_enriched,unreviewed
4954,S530857cb30,Firefall,Stardust,,0,1,0,,not_enriched,unreviewed
4955,S53134befb4,Jefferson Starship,Play on Love,,0,1,0,,not_enriched,unreviewed
4956,S532199c683,Cat Stevens,Oh Very Young,,0,1,0,,not_enriched,unreviewed
4957,S5323898e3d,Night Ranger,Sign of the Times,,0,1,0,,not_enriched,unreviewed
4958,S53244513d9,Talking Heads,Mr. Jones,,0,1,0,,not_enriched,unreviewed
4959,S5329475eee,Joe Walsh,All of a Sudden,,0,1,0,,not_enriched,unreviewed
4960,S533e0f2d25,Icehouse,Spanish Gold,,0,1,0,,not_enriched,unreviewed
4961,S534602a12e,Tony Carey,Something for Nothing,,0,1,0,,not_enriched,unreviewed
4962,S53567c6f60,Quarterflash,Love Should Be So Kind,,0,1,0,,not_enriched,unreviewed
4963,S535aa89925,Billy Idol,The Loveless,,0,1,0,,not_enriched,unreviewed
4964,S5367c07cc4,"Crosby, Stills & Nash",Into the Darkness,,0,1,0,,not_enriched,unreviewed
4965,S536a62c1d4,Shania Twain,Medley: Home Ain’t Where His Heart Is / The Woman in Me / You’ve Got a Way,,0,1,0,,not_enriched,unreviewed
4966,S536f77b6d8,Matchbox 20,Argue,,0,1,0,,not_enriched,unreviewed
4967,S5373ac3591,Shoes,Every Girl,,0,1,0,,not_enriched,unreviewed
4968,S53839e1bd4,The Partridge Family,Blue Christmas,,0,1,0,,not_enriched,unreviewed
4969,S538c1200ad,Cheap Trick,With a Little Help From My Friends,,0,1,0,,not_enriched,unreviewed
4970,S53904f40cc,"Hamilton, Joe Frank & Reynolds",Love Is,,0,1,0,,not_enriched,unreviewed
4971,S53925c3b81,Duran Duran,My Own Way,,0,1,0,,not_enriched,unreviewed
4972,S5394854863,The Rolling Stones,If You Really Want to Be My Friend,,0,1,0,,not_enriched,unreviewed
4973,S5395338b88,Animotion,Run to Me,,0,1,0,,not_enriched,unreviewed
4974,S53a69b0f6f,Jude Cole,Hallowed Ground,,0,1,0,,not_enriched,unreviewed
4975,S53a6e9d623,Rolling Stones,Terrifying,,0,1,0,,not_enriched,unreviewed
4976,S53a7bc44d9,REO Speedwagon,I’ll Follow You,,0,1,0,,not_enriched,unreviewed
4977,S53b19537ba,Tesla,Gettin' Better,,0,1,0,,not_enriched,unreviewed
4978,S53be60c56d,The Romantics,Do Me Any Way You Wanna,,0,1,0,,not_enriched,unreviewed
4979,S53c4696dfe,Romeo Void,Billy’s Birthday,,0,1,0,,not_enriched,unreviewed
4980,S53ce0f7640,Tarney–Spencer Band,The Race Is Almost Run,,0,1,0,,not_enriched,unreviewed
4981,S53d1ff3057,Asia,Without You,,0,1,0,,not_enriched,unreviewed
4982,S53d29cd0ca,Talking Heads,Stay Up Late,,0,1,0,,not_enriched,unreviewed
4983,S53f2dce670,Journey,Homemade Love,,0,1,0,,not_enriched,unreviewed
4984,S53fa027038,Chris Isaak,Forever Young,,0,1,0,,not_enriched,unreviewed
4985,S53fe0685c2,Whitesnake,All or Nothing,,0,1,0,,not_enriched,unreviewed
4986,S5405405e1d,U2,Who’s Gonna Ride Your Wild Horses,,0,1,0,,not_enriched,unreviewed
4987,S54087cdb22,Rush,YYZ,,0,1,0,,not_enriched,unreviewed
4988,S5410d2a278,Don Henley,You're Not Drinking Enough,,0,1,0,,not_enriched,unreviewed
4989,S5412449df1,Neil Young,Married Man,,0,1,0,,not_enriched,unreviewed
4990,S5416b8abb1,Jefferson Airplane,How Do You Feel,,0,1,0,,not_enriched,unreviewed
4991,S541a27fad9,Blondie,Island of Lost Souls,,0,1,0,,not_enriched,unreviewed
4992,S541fe2dd54,Metallica,My Friend of Misery,,0,1,0,,not_enriched,unreviewed
4993,S5420d91633,Tesla,Yesterdaze Gone,,0,1,0,,not_enriched,unreviewed
4994,S5428e8c476,AC/DC,The Razors Edge,,0,1,0,,not_enriched,unreviewed
4995,S54300f14aa,"Crosby, Stills, Nash & Young",Out of Control,,0,1,0,,not_enriched,unreviewed
4996,S5433fbefb9,The Yardbirds,For Your Love,,0,1,0,,not_enriched,unreviewed
4997,S54362aed38,REO Speedwagon,Heavy on Your Love,,0,1,0,,not_enriched,unreviewed
4998,S5437645940,Lou Reed,Good Evening Mr. Waldheim,,0,1,0,,not_enriched,unreviewed
4999,S543f232449,Led Zeppelin,Houses of the Holy,,0,1,0,,not_enriched,unreviewed
5000,S5459a4fe0a,Nilsson,Everybody’s Talkin’,,0,1,0,,not_enriched,unreviewed
5001,S545bc3b07f,Pete Bardens,Seascape,,0,1,0,,not_enriched,unreviewed
5002,S545ea82a52,Gerry Rafferty,Island,,0,1,0,,not_enriched,unreviewed
5003,S545eea53db,Metallica,The Struggle Within,,0,1,0,,not_enriched,unreviewed
5004,S546467e72a,Neil Diamond,Hark the Herald Angels Sing,,0,1,0,,not_enriched,unreviewed
5005,S546947901b,Tool,Sober,,0,1,0,,not_enriched,unreviewed
5006,S548c172cf7,Andy Gibb,Starlight,,0,1,0,,not_enriched,unreviewed
5007,S549089d28a,Sweet,The Six Teens,,0,1,0,,not_enriched,unreviewed
5008,S549a60c594,Jeff Beck,Ecstasy,,0,1,0,,not_enriched,unreviewed
5009,S549df8efc3,Paul McCartney,So Bad,,0,1,0,,not_enriched,unreviewed
5010,S54a13da41f,John Mayall’s Bluesbreakers,Have You Ever Loved a Woman,,0,1,0,,not_enriched,unreviewed
5011,S54a1f399bb,Art Garfunkel,Rag Doll,,0,1,0,,not_enriched,unreviewed
5012,S54a20c50ea,The Call,For Love,,0,1,0,,not_enriched,unreviewed
5013,S54a6d926cf,The Alan Parsons Project,Shadow of a Lonely Man,,0,1,0,,not_enriched,unreviewed
5014,S54ad18598c,Whitesnake,Give Me More Time,,0,1,0,,not_enriched,unreviewed
5015,S54bc3ed894,Bob Seger & the Silver Bullet Band,Fortunate Son,,0,1,0,,not_enriched,unreviewed
5016,S54c28b3869,XTC,The Man Who Sailed Around His Soul,,0,1,0,,not_enriched,unreviewed
5017,S54cdb7d8fc,America,Sister Golden Hair,,0,1,0,,not_enriched,unreviewed
5018,S54cfdca89e,The Allman Brothers Band,Loaded Dice,,0,1,0,,not_enriched,unreviewed
5019,S54db2a03e1,The Police,Canary in a Coalmine,,0,1,0,,not_enriched,unreviewed
5020,S54dcfdc60a,Bruce Springsteen,Cadillac Ranch,,0,1,0,,not_enriched,unreviewed
5021,S54e1a686a0,Bette Midler,When a Man Loves a Woman,,0,1,0,,not_enriched,unreviewed
5022,S54f28c0e40,Queensrÿche,Another Rainy Night (Without You),,0,1,0,,not_enriched,unreviewed
5023,S54f6b1abc2,Donnie Iris,She’s So Wild,,0,1,0,,not_enriched,unreviewed
5024,S54f7be2478,George Thorogood & the Destroyers,Homesick Boy,,0,1,0,,not_enriched,unreviewed
5025,S54fdbcc920,Glenn Frey,I Got Love,,0,1,0,,not_enriched,unreviewed
5026,S54ff12916c,Johnny Nash,Cream Puff,,0,1,0,,not_enriched,unreviewed
5027,S5502c4b368,Santana,Winning,,0,1,0,,not_enriched,unreviewed
5028,S5507c3cb0e,Gary Wright,Much Higher,,0,1,0,,not_enriched,unreviewed
5029,S55143c324f,James Taylor,Secret o’ Life,,0,1,0,,not_enriched,unreviewed
5030,S5525487a5e,Planet P Project,In the Woods,,0,1,0,,not_enriched,unreviewed
5031,S5526cdee17,The Caroleers,It Came Upon a Midnight Clear,,0,1,0,,not_enriched,unreviewed
5032,S5531e5fbb0,Little River Band,Full Circle,,0,1,0,,not_enriched,unreviewed
5033,S55369655c7,T. Rex,Girl,,0,1,0,,not_enriched,unreviewed
5034,S5550fc424a,Queen,Innuendo,,0,1,0,,not_enriched,unreviewed
5035,S5551f84d6a,Duffy Bishop & The Rhythm Dogs,I Am on a Journey,,0,1,0,,not_enriched,unreviewed
5036,S555344a54c,A Flock of Seagulls,Messages,,0,1,0,,not_enriched,unreviewed
5037,S5554201148,Johnny Mathis,"Caroling, Caroling / Happy Holiday",,0,1,0,,not_enriched,unreviewed
5038,S555fa05858,The Motels,Tragic Surf,,0,1,0,,not_enriched,unreviewed
5039,S556df7ef36,Night Ranger,Kong,,0,1,0,,not_enriched,unreviewed
5040,S55817cebdd,Stevie Nicks,Nightbird,,0,1,0,,not_enriched,unreviewed
5041,S558f85b072,Julian Lennon,Always Think Twice,,0,1,0,,not_enriched,unreviewed
5042,S559fc4bf3a,Blondie,Hanging on the Telephone,,0,1,0,,not_enriched,unreviewed
5043,S55aa9b774d,Nils Lofgren,Kool Skool,,0,1,0,,not_enriched,unreviewed
5044,S55abf3738d,Roy Orbison,The Comedians,,0,1,0,,not_enriched,unreviewed
5045,S55c5ce27af,Poison,Bring It Home,,0,1,0,,not_enriched,unreviewed
5046,S55c658c196,Melissa Etheridge,Precious Pain,,0,1,0,,not_enriched,unreviewed
5047,S55cc683ae6,Izzy Stradlin and the Ju Ju Hounds,Somebody Knockin’,,0,1,0,,not_enriched,unreviewed
5048,S55cca1cbfa,SCANDAL,Taiyou Scandalous,,0,1,0,,not_enriched,unreviewed
5049,S55d019887d,Badfinger,Midnight Sun,,0,1,0,,not_enriched,unreviewed
5050,S55d3069323,Nils Lofgren,Night Fades Away,,0,1,0,,not_enriched,unreviewed
5051,S55d578e2eb,Robert Plant,Slow Dancer,,0,1,0,,not_enriched,unreviewed
5052,S55d67b84ec,Dan Fogelberg,Aireshire Lament,,0,1,0,,not_enriched,unreviewed
5053,S55d841c18b,Ten Years After,One of These Days,,0,1,0,,not_enriched,unreviewed
5054,S55ecd9ed7e,Bob Seger & the Silver Bullet Band,Comin’ Home,,0,1,0,,not_enriched,unreviewed
5055,S55efc6a362,Steely Dan,Chain Lightning,,0,1,0,,not_enriched,unreviewed
5056,S55f46579ad,Styx,Show Me the Way,,0,1,0,,not_enriched,unreviewed
5057,S55f887c568,David Bowie,Changes,,0,1,0,,not_enriched,unreviewed
5058,S56005c14fc,Eddie Money,One Chance,,0,1,0,,not_enriched,unreviewed
5059,S561d1a9b3b,The Kinks,Good Day,,0,1,0,,not_enriched,unreviewed
5060,S561f782672,The Hooters,Nervous Night,,0,1,0,,not_enriched,unreviewed
5061,S5623f33444,Fleetwood Mac,Love Is Dangerous,,0,1,0,,not_enriched,unreviewed
5062,S56253bfbee,Baltimora,Tarzan Boy,,0,1,0,,not_enriched,unreviewed
5063,S563589bb2b,Lou Reed,Strawman,,0,1,0,,not_enriched,unreviewed
5064,S563ab21f60,John Waite,Missing You,,0,1,0,,not_enriched,unreviewed
5065,S563dfead83,Smash Mouth,Let’s Rock,,0,1,0,,not_enriched,unreviewed
5066,S56460ade1c,Phil Collins,Only You Know and I Know,,0,1,0,,not_enriched,unreviewed
5067,S5646b857a3,R.E.M.,Fall on Me,,0,1,0,,not_enriched,unreviewed
5068,S565d3d76f0,"Emerson, Lake & Palmer","Karn Evil 9: 1st Impression, Part 2",,0,1,0,,not_enriched,unreviewed
5069,S5662329a34,Genesis,Jesus He Knows Me,,0,1,0,,not_enriched,unreviewed
5070,S5668c0d37e,Queen,Don’t Try So Hard,,0,1,0,,not_enriched,unreviewed
5071,S56765eb45b,George Michael,They Won’t Go When I Go,,0,1,0,,not_enriched,unreviewed
5072,S567866c377,Russ Ballard,She Said ‘’Yeah’’,,0,1,0,,not_enriched,unreviewed
5073,S5680bac661,Jewel,Enter From the East,,0,1,0,,not_enriched,unreviewed
5074,S568daf86ba,Heart,I Want You So Bad,,0,1,0,,not_enriched,unreviewed
5075,S56914815f1,Bob Welch,Easy to Fall,,0,1,0,,not_enriched,unreviewed
5076,S5699845bcb,Gary,Heart of Love,,0,1,0,,not_enriched,unreviewed
5077,S56a05bba43,Gilbert O’Sullivan,Bye-Bye,,0,1,0,,not_enriched,unreviewed
5078,S56a2eaa99a,John Cougar Mellencamp,Void in My Heart,,0,1,0,,not_enriched,unreviewed
5079,S56a31add7b,Rod Stewart,Scarred and Scared,,0,1,0,,not_enriched,unreviewed
5080,S56a607fc16,Foghat,Slow Ride,,0,1,0,,not_enriched,unreviewed
5081,S56ab3ccc42,Night Ranger,At Night She Sleeps,,0,1,0,,not_enriched,unreviewed
5082,S56ac437080,Billy Joel,Modern Woman,,0,1,0,,not_enriched,unreviewed
5083,S56bb738f8b,TNT,Child's Play,,0,1,0,,not_enriched,unreviewed
5084,S56bf5aceb1,Bob Dylan,Idiot Wind,,0,1,0,,not_enriched,unreviewed
5085,S56c63ebf61,The Robert Cray Band,Laugh Out Loud,,0,1,0,,not_enriched,unreviewed
5086,S56c9373f61,Jethro Tull,Wind-Up,,0,1,0,,not_enriched,unreviewed
5087,S56ca0a516f,Van Halen,Panama,,0,1,0,,not_enriched,unreviewed
5088,S56d52bcdaa,4 Non Blondes,Drifting,,0,1,0,,not_enriched,unreviewed
5089,S56db6f993b,The Church,Laughing,,0,1,0,,not_enriched,unreviewed
5090,S56e21991f8,Bruce Springsteen,Ramrod,,0,1,0,,not_enriched,unreviewed
5091,S56e45736e0,Sammy Hagar,Privacy,,0,1,0,,not_enriched,unreviewed
5092,S56e5b2a220,Tommy Shaw,Lonely School,,0,1,0,,not_enriched,unreviewed
5093,S56f0104e59,Sniff ’n’ the Tears,Looking for You,,0,1,0,,not_enriched,unreviewed
5094,S56f6b4dbeb,SCANDAL,Flashback No.5,,0,1,0,,not_enriched,unreviewed
5095,S56fa5528c9,Jefferson Starship,Sweeter Than Honey,,0,1,0,,not_enriched,unreviewed
5096,S5703c30c65,Duran Duran,The Seventh Stranger,,0,1,0,,not_enriched,unreviewed
5097,S5704eb8323,New Radicals,Gotta Stay High,,0,1,0,,not_enriched,unreviewed
5098,S57055df80b,Pat Benatar,We Live for Love,,0,1,0,,not_enriched,unreviewed
5099,S570802e9df,Bad Company,I Don’t Care,,0,1,0,,not_enriched,unreviewed
5100,S570a90dfe8,Tubes,Let’s Make Some Noise,,0,1,0,,not_enriched,unreviewed
5101,S573ecbcc85,The Fixx,Cameras in Paris,,0,1,0,,not_enriched,unreviewed
5102,S573f83e45b,Rod Stewart,Ain’t Love a Bitch,,0,1,0,,not_enriched,unreviewed
5103,S574a58a1df,Nilsson,Me and My Arrow,,0,1,0,,not_enriched,unreviewed
5104,S5750276913,Dan Fogelberg,Leader of the Band / Washington Post March,,0,1,0,,not_enriched,unreviewed
5105,S575193d135,Blondie,Denis,,0,1,0,,not_enriched,unreviewed
5106,S5757e92e7a,Brother Cane,High Speed Freezin’,,0,1,0,,not_enriched,unreviewed
5107,S57666a9ad3,Duran Duran,None of the Above,,0,1,0,,not_enriched,unreviewed
5108,S576945f6e8,Tina Turner,Keep Your Hands Off My Baby,,0,1,0,,not_enriched,unreviewed
5109,S5770c3a67d,Nils Lofgren,I Go to Pieces,,0,1,0,,not_enriched,unreviewed
5110,S577bb6950c,Tom Petty and the Heartbreakers,Kings Highway,,0,1,0,,not_enriched,unreviewed
5111,S5788bfdc7e,Genesis,Illegal Alien,,0,1,0,,not_enriched,unreviewed
5112,S5796926a16,Alias,What to Do,,0,1,0,,not_enriched,unreviewed
5113,S57a30c04bb,The Monkees,Take a Giant Step,,0,1,0,,not_enriched,unreviewed
5114,S57a7d8bac1,Fleetwood Mac,Do You Know,,0,1,0,,not_enriched,unreviewed
5115,S57acb2a229,Timbuk 3,Shame on You,,0,1,0,,not_enriched,unreviewed
5116,S57b1b821f6,Whitesnake,Standing in the Shadow,,0,1,0,,not_enriched,unreviewed
5117,S57b1c841c5,David & David,Swimming in the Ocean,,0,1,0,,not_enriched,unreviewed
5118,S57ba14875d,Bad Company,Don't Let Me Down,,0,1,0,,not_enriched,unreviewed
5119,S57ced3c726,The Romantics,Keep In Touch,,0,1,0,,not_enriched,unreviewed
5120,S57cff9ead2,Mercy,Heard You Went Away,,0,1,0,,not_enriched,unreviewed
5121,S57dd05cdf2,Nilsson,One,,0,1,0,,not_enriched,unreviewed
5122,S57dd46de46,INXS,Need You Tonight,,0,1,0,,not_enriched,unreviewed
5123,S57e69d2cd7,KISS,Love ’em and Leave ’em (pt. 2),,0,1,0,,not_enriched,unreviewed
5124,S57f399fe39,Rossington Collins Band,Winners and Losers,,0,1,0,,not_enriched,unreviewed
5125,S57f573aad5,Animotion,Open Door,,0,1,0,,not_enriched,unreviewed
5126,S5806ffd4cf,Patti Smith Group,Because the Night,,0,1,0,,not_enriched,unreviewed
5127,S580b62429a,Toto,Waiting for Your Love,,0,1,0,,not_enriched,unreviewed
5128,S581346e0cc,Van Halen,Cathedral,,0,1,0,,not_enriched,unreviewed
5129,S58290fe4de,Bon Jovi,Runaway,,0,1,0,,not_enriched,unreviewed
5130,S582c576a90,ZZ Top,Precious and Grace,,0,1,0,,not_enriched,unreviewed
5131,S582d3af9d4,Jimi Hendrix Experience,Can You See Me,,0,1,0,,not_enriched,unreviewed
5132,S583355d892,Icehouse,Into the Wild,,0,1,0,,not_enriched,unreviewed
5133,S58456cf152,Barry Manilow,It’s a Miracle,,0,1,0,,not_enriched,unreviewed
5134,S5846c755e1,Ozzy Osbourne,S.I.N.,,0,1,0,,not_enriched,unreviewed
5135,S584ef746f9,Pretenders,The English Roses,,0,1,0,,not_enriched,unreviewed
5136,S586cc17dd0,Jefferson Starship,Awakening,,0,1,0,,not_enriched,unreviewed
5137,S5873bd97ca,R.E.M.,Tongue,,0,1,0,,not_enriched,unreviewed
5138,S587d4c8a01,Glenn Frey,"Part of Me, Part of You",,0,1,0,,not_enriched,unreviewed
5139,S5897f9d400,Art Garfunkel,My Little Town,,0,1,0,,not_enriched,unreviewed
5140,S589938b143,The Church,Disappointment,,0,1,0,,not_enriched,unreviewed
5141,S58a4305560,Journey,Where Were You,,0,1,0,,not_enriched,unreviewed
5142,S58a70d263e,Scorpions,To Be With You in Heaven,,0,1,0,,not_enriched,unreviewed
5143,S58ad4770a4,Nick Lowe,Lovers Jamboree,,0,1,0,,not_enriched,unreviewed
5144,S58aeaad7e0,The Knack,Good Girls Don't,,0,1,0,,not_enriched,unreviewed
5145,S58b78a0d7b,KISS,See You in Your Dreams,,0,1,0,,not_enriched,unreviewed
5146,S58bac8981b,Blue Öyster Cult,In Thee,,0,1,0,,not_enriched,unreviewed
5147,S58c3b62b61,Jewel,Barcelona,,0,1,0,,not_enriched,unreviewed
5148,S58cd3ee338,America,Don’t Cross the River,,0,1,0,,not_enriched,unreviewed
5149,S58da0f0146,Scorpions,Make It Real,,0,1,0,,not_enriched,unreviewed
5150,S58db13d6fc,Blondie,Call Me,,0,1,0,,not_enriched,unreviewed
5151,S58df6f5bf5,The Beach Boys,Wendy,,0,1,0,,not_enriched,unreviewed
5152,S58e0f7102e,Sam Harris,Ba-Doom Ba-Doom,,0,1,0,,not_enriched,unreviewed
5153,S58ee045d9c,George Carlin,Shoot,,0,1,0,,not_enriched,unreviewed
5154,S58f0254e08,Counting Crows,Anna Begins,,0,1,0,,not_enriched,unreviewed
5155,S58f05b9a38,Steve Earle,Even When I'm Blue,,0,1,0,,not_enriched,unreviewed
5156,S58f31b348e,Jim Croce,Roller Derby Queen,,0,1,0,,not_enriched,unreviewed
5157,S58f4bff44f,Aerosmith,Draw the Line,,0,1,0,,not_enriched,unreviewed
5158,S58fbe7fbbc,Madonna,I’d Rather Be Your Lover,,0,1,0,,not_enriched,unreviewed
5159,S590256aa85,Eagles,Doolin‐Dalton (instrumental),,0,1,0,,not_enriched,unreviewed
5160,S5902bb6522,Yes,Mood for a Day,,0,1,0,,not_enriched,unreviewed
5161,S5903754e69,The Alan Parsons Project,The Cask of Amontillado,,0,1,0,,not_enriched,unreviewed
5162,S590d0f1860,Pat Travers,Stand Up,,0,1,0,,not_enriched,unreviewed
5163,S590e6a403f,Blue Öyster Cult,Joan Crawford,,0,1,0,,not_enriched,unreviewed
5164,S591045a19f,The Church,Pharaoh,,0,1,0,,not_enriched,unreviewed
5165,S5911cfe93c,Pearl Jam,Elderly Woman Behind the Counter in a Small Town,,0,1,0,,not_enriched,unreviewed
5166,S591264e0ef,The 50 Guitars of Tommy Garrett,Silent Night,,0,1,0,,not_enriched,unreviewed
5167,S591f8ef88f,Michael Stanley Band,Fire in the Hole,,0,1,0,,not_enriched,unreviewed
5168,S5922c1dc0b,Beck,%*! @?# With My Head (Mountain Dew Rock),,0,1,0,,not_enriched,unreviewed
5169,S592e5fa159,The Clocks,Sleep Hurts,,0,1,0,,not_enriched,unreviewed
5170,S5938c0f862,Chicago,Together Again,,0,1,0,,not_enriched,unreviewed
5171,S593acefed5,The Cars,Dangerous Type,,0,1,0,,not_enriched,unreviewed
5172,S5940671065,Steve Winwood,Split Decision,,0,1,0,,not_enriched,unreviewed
5173,S59479340e9,Sponge,Molly,,0,1,0,,not_enriched,unreviewed
5174,S5947f8fe7c,Sammy Hagar,Standin’ at the Same Old Crossroads,,0,1,0,,not_enriched,unreviewed
5175,S594c4a7eb8,Aldo Nova,Ball and Chain,,0,1,0,,not_enriched,unreviewed
5176,S595192b11a,EMF,Search and Destroy,,0,1,0,,not_enriched,unreviewed
5177,S5952bfe14f,Joe Jackson,Get That Girl,,0,1,0,,not_enriched,unreviewed
5178,S59564a3bde,Pink Floyd,One of the Few,,0,1,0,,not_enriched,unreviewed
5179,S5957fa6ada,Aerosmith,Last Child,,0,1,0,,not_enriched,unreviewed
5180,S595a157ffd,Night Ranger,Why Does Love Have to Change,,0,1,0,,not_enriched,unreviewed
5181,S595c4c39ab,The Who,5:15,,0,1,0,,not_enriched,unreviewed
5182,S595dca839a,SCANDAL,SCANDAL BABY,,0,1,0,,not_enriched,unreviewed
5183,S5980a16404,Counting Crows,Ghost Train,,0,1,0,,not_enriched,unreviewed
5184,S59840c96cc,James Taylor,I Was Only Telling a Lie,,0,1,0,,not_enriched,unreviewed
5185,S59898d267a,Run‐D.M.C.,Christmas in Hollis,,0,1,0,,not_enriched,unreviewed
5186,S599d7d7bea,The Doors,Touch Me,,0,1,0,,not_enriched,unreviewed
5187,S599fe95924,Smash Mouth,Padrino,,0,1,0,,not_enriched,unreviewed
5188,S59a1054bd6,Barry Manilow,Home Again,,0,1,0,,not_enriched,unreviewed
5189,S59b2d7a1da,"Peter, Paul & Mary",The Cherry Tree Carol,,0,1,0,,not_enriched,unreviewed
5190,S59b3ea77d0,Toto,Stranger in Town,,0,1,0,,not_enriched,unreviewed
5191,S59b4aafc72,Ozzy Osbourne,Little Dolls,,0,1,0,,not_enriched,unreviewed
5192,S59beb559b3,Little River Band,No More Tears,,0,1,0,,not_enriched,unreviewed
5193,S59c428b0bf,Loggins & Messina,Boogie Man,,0,1,0,,not_enriched,unreviewed
5194,S59c84d8514,Electric Light Orchestra,21st Century Man,,0,1,0,,not_enriched,unreviewed
5195,S59ce37c0cc,Paul McCartney,This One,,0,1,0,,not_enriched,unreviewed
5196,S59cf291ced,Triumph,Time Canon,,0,1,0,,not_enriched,unreviewed
5197,S59d2a34f2d,Rush,Digital Man,,0,1,0,,not_enriched,unreviewed
5198,S59da57c50c,Go‐Go’s,Get Up and Go,,0,1,0,,not_enriched,unreviewed
5199,S59dda3203a,Garth Brooks,Cowboys and Angels,,0,1,0,,not_enriched,unreviewed
5200,S59de879677,Roger Waters,4:33 AM (Running Shoes),,0,1,0,,not_enriched,unreviewed
5201,S59eb4853b5,Brother Cane,Breadmaker,,0,1,0,,not_enriched,unreviewed
5202,S59f046fbdc,Electric Light Orchestra,Second Time Around,,0,1,0,,not_enriched,unreviewed
5203,S59f4f84aa7,Pink Floyd,Yet Another Movie / Round and Around,,0,1,0,,not_enriched,unreviewed
5204,S5a01304b18,Tarney–Spencer Band,No Time to Lose,,0,1,0,,not_enriched,unreviewed
5205,S5a08249c3e,America,Daisy Jane,,0,1,0,,not_enriched,unreviewed
5206,S5a0b532970,Nick Lowe,American Squirm,,0,1,0,,not_enriched,unreviewed
5207,S5a173fa055,Billy Thorpe,Goddess of the Night,,0,1,0,,not_enriched,unreviewed
5208,S5a1a2077d0,Blind Melon,Drive,,0,1,0,,not_enriched,unreviewed
5209,S5a26b9e303,Queensrÿche,One and Only,,0,1,0,,not_enriched,unreviewed
5210,S5a4cc1e0ae,Martin Briley,Fear of the Unknown,,0,1,0,,not_enriched,unreviewed
5211,S5a52c6985c,Gilbert O’Sullivan,Alone Again (Naturally),,0,1,0,,not_enriched,unreviewed
5212,S5a53f5520d,Winger,Loosen Up,,0,1,0,,not_enriched,unreviewed
5213,S5a69c51312,Ugly Kid Joe,Same Side,,0,1,0,,not_enriched,unreviewed
5214,S5a6e8c6f84,Matchbox 20,Back 2 Good,,0,1,0,,not_enriched,unreviewed
5215,S5a747605b4,Kenny Rogers & The First Edition,Me and Bobby McGee,,0,1,0,,not_enriched,unreviewed
5216,S5a7bfb336b,Dan Fogelberg,Intimidation,,0,1,0,,not_enriched,unreviewed
5217,S5a84abc280,David Bowie,Golden Years,,0,1,0,,not_enriched,unreviewed
5218,S5a86142881,Loggins & Messina,Sweet Marie,,0,1,0,,not_enriched,unreviewed
5219,S5a98134c11,RTZ,There's Another Side,,0,1,0,,not_enriched,unreviewed
5220,S5aa151480c,Boston,I Think I Like It,,0,1,0,,not_enriched,unreviewed
5221,S5aa370f94d,Kenny Rogers & The First Edition,Trying Just as Hard,,0,1,0,,not_enriched,unreviewed
5222,S5aa6443287,Chicago,Only You,,0,1,0,,not_enriched,unreviewed
5223,S5aa9309988,U2,New Year’s Day,,0,1,0,,not_enriched,unreviewed
5224,S5ab6ac369d,The 50 Guitars of Tommy Garrett,Santa Claus Is Coming to Town,,0,1,0,,not_enriched,unreviewed
5225,S5aba17329b,Cracker,Sweet Potato,,0,1,0,,not_enriched,unreviewed
5226,S5abb2bdf87,Alannah Myles,Love Is,,0,1,0,,not_enriched,unreviewed
5227,S5ac6c871a2,England Dan & John Ford Coley,Showboat Gambler,,0,1,0,,not_enriched,unreviewed
5228,S5ad402fbac,Steve Miller Band,Cool Magic,,0,1,0,,not_enriched,unreviewed
5229,S5ad6169d38,Alice in Chains,We Die Young,,0,1,0,,not_enriched,unreviewed
5230,S5ae834e234,The Beat Farmers,Key to the World,,0,1,0,,not_enriched,unreviewed
5231,S5aebc77d55,The Black Crowes,High Head Blues,,0,1,0,,not_enriched,unreviewed
5232,S5aed7e192f,Ugly Kid Joe,Come Tomorrow,,0,1,0,,not_enriched,unreviewed
5233,S5af0004252,Icehouse,Sons,,0,1,0,,not_enriched,unreviewed
5234,S5af9142ce4,ZZ Top,"I’m Bad, I’m Nationwide",,0,1,0,,not_enriched,unreviewed
5235,S5afb33c8b0,Stray Cats,"Jeanie, Jeanie, Jeanie",,0,1,0,,not_enriched,unreviewed
5236,S5afc4ddb50,EMF,Getting Through,,0,1,0,,not_enriched,unreviewed
5237,S5afd25a87b,Garth Brooks,Kickin' And Screamin',,0,1,0,,not_enriched,unreviewed
5238,S5b00dafd48,Little River Band,Just Say That You Love Me,,0,1,0,,not_enriched,unreviewed
5239,S5b09d8f0ff,Jesus Jones,Nothing to Hold Me,,0,1,0,,not_enriched,unreviewed
5240,S5b15ec5c1d,Corey Hart,Peruvian Lady,,0,1,0,,not_enriched,unreviewed
5241,S5b253441dd,John Cougar Mellencamp,R.O.C.K. in the U.S.A. (A Salute to 60’s Rock),,0,1,0,,not_enriched,unreviewed
5242,S5b35ccbaf4,"Emerson, Lake & Palmer",Lucky Man,,0,1,0,,not_enriched,unreviewed
5243,S5b453bdca7,Marcy Playground,Ancient Walls of Flowers,,0,1,0,,not_enriched,unreviewed
5244,S5b4807242c,Triumph,Time Goes By,,0,1,0,,not_enriched,unreviewed
5245,S5b4f703a1b,Cheap Trick,Need Your Love,,0,1,0,,not_enriched,unreviewed
5246,S5b506ea304,Chris Rea,That’s What They Always Say,,0,1,0,,not_enriched,unreviewed
5247,S5b5a445794,Boris Karloff,Welcome Christmas (reprise),,0,1,0,,not_enriched,unreviewed
5248,S5b63e2f0ed,Honeymoon Suite,Stay in the Light,,0,1,0,,not_enriched,unreviewed
5249,S5b670b37da,Alice in Chains,"Love, Hate, Love",,0,1,0,,not_enriched,unreviewed
5250,S5b6a2a1534,Wham!,Heartbeat,,0,1,0,,not_enriched,unreviewed
5251,S5b756beacb,The Edgar Winter Group,Round & Round,,0,1,0,,not_enriched,unreviewed
5252,S5b75bf99cb,David & David,Swallowed by the Cracks,,0,1,0,,not_enriched,unreviewed
5253,S5b76971473,Jackson Browne,Say It Isn’t True,,0,1,0,,not_enriched,unreviewed
5254,S5b781b6d44,Kansas,Lonely Street,,0,1,0,,not_enriched,unreviewed
5255,S5b8c035974,Pretenders,Tradition of Love,,0,1,0,,not_enriched,unreviewed
5256,S5b9612f1b2,Cat Stevens,Morning Has Broken,,0,1,0,,not_enriched,unreviewed
5257,S5b97ce9714,David Crosby,Drop Down Mama,,0,1,0,,not_enriched,unreviewed
5258,S5b986631ad,Tom Petty,It’s Good to Be King,,0,1,0,,not_enriched,unreviewed
5259,S5ba55498e1,Peter Frampton,Don’t Have to Worry,,0,1,0,,not_enriched,unreviewed
5260,S5bbacc538d,Paul McCartney & Wings,The Note You Never Wrote (No Strings),,0,1,0,,not_enriched,unreviewed
5261,S5bbdf946c1,Lïve,Pillar of Davidson,,0,1,0,,not_enriched,unreviewed
5262,S5bc2cc2503,Steve Earle,More Than I Can Do,,0,1,0,,not_enriched,unreviewed
5263,S5bc31bd374,Stevie Nicks,Silent Night,,0,1,0,,not_enriched,unreviewed
5264,S5bcb609462,Queen,Don’t Try Suicide,,0,1,0,,not_enriched,unreviewed
5265,S5bd6f51882,Sammy Hagar,Heavy Metal,,0,1,0,,not_enriched,unreviewed
5266,S5bda28389b,The Romantics,Do Me Anyway You Wanna,,0,1,0,,not_enriched,unreviewed
5267,S5bda723f17,Slaughter,Mad About You,,0,1,0,,not_enriched,unreviewed
5268,S5bee84cca4,Extreme,When I’m President,,0,1,0,,not_enriched,unreviewed
5269,S5bfd955303,Loverboy,Queen of the Broken Hearts,,0,1,0,,not_enriched,unreviewed
5270,S5bffd4792c,Player,This Time I’m in It for Love,,0,1,0,,not_enriched,unreviewed
5271,S5c23f4fb80,Jackson Browne,Everywhere I Go,,0,1,0,,not_enriched,unreviewed
5272,S5c2643b552,Tom Petty and the Heartbreakers,Make It Better (Forget About Me),,0,1,0,,not_enriched,unreviewed
5273,S5c296931df,REO Speedwagon,Go for Broke,,0,1,0,,not_enriched,unreviewed
5274,S5c338c7432,Aerosmith,Round and Round,,0,1,0,,not_enriched,unreviewed
5275,S5c3a91ba8c,Ten Years After,Let the Sky Fall,,0,1,0,,not_enriched,unreviewed
5276,S5c3ac80fbb,Bette Midler,Hello in There,,0,1,0,,not_enriched,unreviewed
5277,S5c3bd922a4,Jimi Hendrix Experience,Stone Free,,0,1,0,,not_enriched,unreviewed
5278,S5c444d2a35,Supertramp,No Inbetween,,0,1,0,,not_enriched,unreviewed
5279,S5c4f3a7f8c,Donnie Iris,You’re Only Dreaming,,0,1,0,,not_enriched,unreviewed
5280,S5c550348c0,Greg Kihn,Cold Hard Cash,,0,1,0,,not_enriched,unreviewed
5281,S5c58bcf666,David & David,Heroes,,0,1,0,,not_enriched,unreviewed
5282,S5c5ae73b42,Billy Squier,Powerhouse,,0,1,0,,not_enriched,unreviewed
5283,S5c6884d5d0,The Alan Parsons Project,May Be a Price to Pay,,0,1,0,,not_enriched,unreviewed
5284,S5c6ea11543,Sniff ’n’ the Tears,Carve Your Name on My Door,,0,1,0,,not_enriched,unreviewed
5285,S5c7e68a37d,Robert Plant,Stranger Here... Than Over There,,0,1,0,,not_enriched,unreviewed
5286,S5c7eb4ec1d,The Lovin’ Spoonful,You Didn’t Have to Be So Nice,,0,1,0,,not_enriched,unreviewed
5287,S5c90b61439,Pat Travers,Rockin',,0,1,0,,not_enriched,unreviewed
5288,S5c94d94ea7,Blue Öyster Cult,Tenderloin,,0,1,0,,not_enriched,unreviewed
5289,S5c9af2ef47,Eddie Money,Running Back,,0,1,0,,not_enriched,unreviewed
5290,S5ca8733ce6,Gin Blossoms,Mrs. Rita,,0,1,0,,not_enriched,unreviewed
5291,S5cabd0a8a7,Steve Perry,She’s Mine,,0,1,0,,not_enriched,unreviewed
5292,S5cb3da385c,The B‐52’s,Channel Z,,0,1,0,,not_enriched,unreviewed
5293,S5cc3cb3172,Donnie Iris,Daddy Don’t Live Here Anymore,,0,1,0,,not_enriched,unreviewed
5294,S5cd7537662,Billy Joel,Big Shot,,0,1,0,,not_enriched,unreviewed
5295,S5cece5f7e6,Queen,Jealousy,,0,1,0,,not_enriched,unreviewed
5296,S5cf4cd2cf8,Enya,Book of Days,,0,1,0,,not_enriched,unreviewed
5297,S5cf694e0f4,Eddie Money,Two Tickets to Paradise,,0,1,0,,not_enriched,unreviewed
5298,S5cfa7e9325,Al Stewart,End of the Day,,0,1,0,,not_enriched,unreviewed
5299,S5cfbad8d40,T. Rex,Mambo Sun,,0,1,0,,not_enriched,unreviewed
5300,S5cfe43368e,Eric Clapton,Next Time You See Her,,0,1,0,,not_enriched,unreviewed
5301,S5d18a76dff,Grand Funk Railroad,Memories,,0,1,0,,not_enriched,unreviewed
5302,S5d2421b4e0,Styx,Shooz,,0,1,0,,not_enriched,unreviewed
5303,S5d26bb23ef,Nine Inch Nails,Eraser,,0,1,0,,not_enriched,unreviewed
5304,S5d2c3ae42f,Jefferson Starship,Rock Music,,0,1,0,,not_enriched,unreviewed
5305,S5d2fc6129a,The Call,Jealousy,,0,1,0,,not_enriched,unreviewed
5306,S5d34d9cb99,Nilsson,Jump Into the Fire,,0,1,0,,not_enriched,unreviewed
5307,S5d3bad8385,Metallica,Leper Messiah,,0,1,0,,not_enriched,unreviewed
5308,S5d4255ff08,Jethro Tull,Cheap Day Return,,0,1,0,,not_enriched,unreviewed
5309,S5d474adf3a,David Bowie,Can You Hear Me,,0,1,0,,not_enriched,unreviewed
5310,S5d4ce8866c,Blue Öyster Cult,We Gotta Get Out of This Place,,0,1,0,,not_enriched,unreviewed
5311,S5d63264246,Jackson Browne,That Girl Could Sing,,0,1,0,,not_enriched,unreviewed
5312,S5d7029d1df,Tom Petty,Wake Up Time,,0,1,0,,not_enriched,unreviewed
5313,S5d89a55ee6,Chicago,Hard Habit to Break,,0,1,0,,not_enriched,unreviewed
5314,S5d99a1b86f,Keith Richards,How I Wish,,0,1,0,,not_enriched,unreviewed
5315,S5d9a84aef7,The Doobie Brothers,Time Is Here and Gone,,0,1,0,,not_enriched,unreviewed
5316,S5da6eda479,Lïve,"White, Discussion",,0,1,0,,not_enriched,unreviewed
5317,S5dae28abe5,Eric Clapton,Behind the Mask,,0,1,0,,not_enriched,unreviewed
5318,S5daef8bb03,Dread Zeppelin,Bring It on Home,,0,1,0,,not_enriched,unreviewed
5319,S5db2b6ef59,Night Ranger,Peace Sign,,0,1,0,,not_enriched,unreviewed
5320,S5dc20845ea,The Kingbees,Shake-Bop,,0,1,0,,not_enriched,unreviewed
5321,S5dc6864c9d,Toto,A Million Miles Away,,0,1,0,,not_enriched,unreviewed
5322,S5dcc989321,Pure Moods,Dolphin Interlude,,0,1,0,,not_enriched,unreviewed
5323,S5dcea1cd19,Eagles,Take It to the Limit,,0,1,0,,not_enriched,unreviewed
5324,S5dd3c07c41,Icehouse,Trojan Blue,,0,1,0,,not_enriched,unreviewed
5325,S5df60c4c83,Tracy Chapman,Save a Place for Me,,0,1,0,,not_enriched,unreviewed
5326,S5df7146d98,The Fixx,Are We Ourselves?,,0,1,0,,not_enriched,unreviewed
5327,S5df9b78708,Robert Plant,Nirvana,,0,1,0,,not_enriched,unreviewed
5328,S5dffb611d3,Rolling Stones,Mixed Emotions,,0,1,0,,not_enriched,unreviewed
5329,S5e048ead7e,Eddie Money,Got to Get Another Girl,,0,1,0,,not_enriched,unreviewed
5330,S5e145b8e4e,St. Paul,Heart to Heart,,0,1,0,,not_enriched,unreviewed
5331,S5e1820faa0,AC/DC,Shoot to Thrill,,0,1,0,,not_enriched,unreviewed
5332,S5e28cc96f6,Journey,Happy to Give,,0,1,0,,not_enriched,unreviewed
5333,S5e34379167,Pat Benatar,Looking for a Stranger,,0,1,0,,not_enriched,unreviewed
5334,S5e3759a34f,Missing Persons,Tears,,0,1,0,,not_enriched,unreviewed
5335,S5e3989f2ad,The Rolling Stones,Moonlight Mile,,0,1,0,,not_enriched,unreviewed
5336,S5e399655b4,Bram Tchaikovsky,Can't Give You Reasons,,0,1,0,,not_enriched,unreviewed
5337,S5e410df1d7,Sam Harris,Always / The Bells / I Need You,,0,1,0,,not_enriched,unreviewed
5338,S5e4617c03a,Lindsey Buckingham,Bwana,,0,1,0,,not_enriched,unreviewed
5339,S5e46e230fa,Pretenders,Jealous Dogs,,0,1,0,,not_enriched,unreviewed
5340,S5e476a3cac,Peter Frampton,(I’m a) Roadrunner,,0,1,0,,not_enriched,unreviewed
5341,S5e496f387f,John Tesh,"Jesu, Joy of Man's Desiring",,0,1,0,,not_enriched,unreviewed
5342,S5e4b288c30,Spin Doctors,Stepped on a Crack,,0,1,0,,not_enriched,unreviewed
5343,S5e54a66642,George Thorogood & the Destroyers,No Particular Place to Go,,0,1,0,,not_enriched,unreviewed
5344,S5e66f576d1,Van Halen,Black and Blue,,0,1,0,,not_enriched,unreviewed
5345,S5e670bdfad,Enya,Caribbean Blue,,0,1,0,,not_enriched,unreviewed
5346,S5e7b8d1ff8,Head East,I'm Feeling Fine,,0,1,0,,not_enriched,unreviewed
5347,S5e82331a6e,David Baerwald,The Best Inside You,,0,1,0,,not_enriched,unreviewed
5348,S5e8249f85b,The Monkees,"A Little Bit Me, a Little Bit You",,0,1,0,,not_enriched,unreviewed
5349,S5e83b24297,Simple Minds,Ghost Dancing,,0,1,0,,not_enriched,unreviewed
5350,S5e89055666,Jefferson Starship,Black Widow,,0,1,0,,not_enriched,unreviewed
5351,S5e89e4761c,Gary,I'm the One,,0,1,0,,not_enriched,unreviewed
5352,S5e8ef868db,Talking Heads,Lifetime Piling Up,,0,1,0,,not_enriched,unreviewed
5353,S5e90173215,Billy Squier,Rock Me Tonite,,0,1,0,,not_enriched,unreviewed
5354,S5e960b3b9a,Metallica,Of Wolf and Man,,0,1,0,,not_enriched,unreviewed
5355,S5eaaccaa6a,"Peter, Paul & Mary",A Soalin',,0,1,0,,not_enriched,unreviewed
5356,S5eae3823cf,Cream,Badge,,0,1,0,,not_enriched,unreviewed
5357,S5eb0b1be50,Tommy James & the Shondells,Crimson and Clover,,0,1,0,,not_enriched,unreviewed
5358,S5ec0e81178,Alice in Chains,Man in the Box,,0,1,0,,not_enriched,unreviewed
5359,S5ec2449a7a,Elton John,The One,,0,1,0,,not_enriched,unreviewed
5360,S5ec84fe312,Sam Harris,Stay With Me,,0,1,0,,not_enriched,unreviewed
5361,S5ed132fa7c,Warren Zevon,Looking for the Next Best Thing,,0,1,0,,not_enriched,unreviewed
5362,S5ed402be7f,Queen,Dragon Attack,,0,1,0,,not_enriched,unreviewed
5363,S5edaadc0a6,George Thorogood & the Destroyers,I’ll Change My Style,,0,1,0,,not_enriched,unreviewed
5364,S5edbaafd7c,SCANDAL,Departure,,0,1,0,,not_enriched,unreviewed
5365,S5edc2cfd3d,Donnie Iris,Joking,,0,1,0,,not_enriched,unreviewed
5366,S5ee1bb4db4,Johnny Nash,Stir It Up,,0,1,0,,not_enriched,unreviewed
5367,S5eeb3640ec,Natalie Merchant,Jealousy,,0,1,0,,not_enriched,unreviewed
5368,S5eec1745dd,Mason Ruffner,Red Hot Lover,,0,1,0,,not_enriched,unreviewed
5369,S5eefc593df,Nelson,Bits and Pieces,,0,1,0,,not_enriched,unreviewed
5370,S5ef51501ce,Billy Joel,She's Right on Time,,0,1,0,,not_enriched,unreviewed
5371,S5ef7584fe2,The Edgar Winter Group,Frankenstein,,0,1,0,,not_enriched,unreviewed
5372,S5efc9c80a7,Queen,Rock It (Prime Jive),,0,1,0,,not_enriched,unreviewed
5373,S5f007182c3,Bette Midler,Chapel of Love,,0,1,0,,not_enriched,unreviewed
5374,S5f0548e401,Nilsson,Spaceman,,0,1,0,,not_enriched,unreviewed
5375,S5f0a03ed19,Rick Springfield,Red Hot and Blue Love,,0,1,0,,not_enriched,unreviewed
5376,S5f0c2d656f,Damn Yankees,High Enough,,0,1,0,,not_enriched,unreviewed
5377,S5f10ed33c8,The Beach Boys,A Casual Look,,0,1,0,,not_enriched,unreviewed
5378,S5f252762ac,Derek and the Dominos,Crossroads,,0,1,0,,not_enriched,unreviewed
5379,S5f3082a2ca,Keith Sykes,B.I.G.T.I.M.E.,,0,1,0,,not_enriched,unreviewed
5380,S5f4876704e,The Edgar Winter Group,Undercover Man,,0,1,0,,not_enriched,unreviewed
5381,S5f491b3da1,Bread,Been Too Long on the Road,,0,1,0,,not_enriched,unreviewed
5382,S5f5179cba6,John Tesh,It Came Upon a Midnight Clear,,0,1,0,,not_enriched,unreviewed
5383,S5f54aaa1a0,En Vogue,Love Don’t Love You,,0,1,0,,not_enriched,unreviewed
5384,S5f5521a993,Peter Gabriel,Digging in the Dirt,,0,1,0,,not_enriched,unreviewed
5385,S5f672aa5ad,John Cougar Mellencamp,Rumbleseat,,0,1,0,,not_enriched,unreviewed
5386,S5f6bf90e05,Huey Lewis & the News,Naturally,,0,1,0,,not_enriched,unreviewed
5387,S5f7103f21c,Rita Coolidge,We're All Alone,,0,1,0,,not_enriched,unreviewed
5388,S5f7559e89c,Nirvana,Serve the Servants,,0,1,0,,not_enriched,unreviewed
5389,S5f75da37fe,Alice in Chains,Sea of Sorrow,,0,1,0,,not_enriched,unreviewed
5390,S5f76d693fc,Steel Breeze,Dreamin' Is Easy,,0,1,0,,not_enriched,unreviewed
5391,S5f7a13896d,John Cafferty & the Beaver Brown Band,Dixieland,,0,1,0,,not_enriched,unreviewed
5392,S5f7a738476,Kenny Rogers,Every Time Two Fools Collide,,0,1,0,,not_enriched,unreviewed
5393,S5f7d20c0ef,Tom Cochrane & Red Rider,River of Stone,,0,1,0,,not_enriched,unreviewed
5394,S5f7dfaa12d,Roger McGuinn,Suddenly Blue,,0,1,0,,not_enriched,unreviewed
5395,S5f86bda032,George Harrison,Just for Today,,0,1,0,,not_enriched,unreviewed
5396,S5f9c8910e1,"Crosby, Stills, Nash & Young",Slowpoke,,0,1,0,,not_enriched,unreviewed
5397,S5f9cb896f1,Joe Jackson,The Band Wore Blue Shirts,,0,1,0,,not_enriched,unreviewed
5398,S5f9cc8bfe0,Robert Plant,Helen of Troy,,0,1,0,,not_enriched,unreviewed
5399,S5fb269d7fb,R.E.M.,The Wrong Child,,0,1,0,,not_enriched,unreviewed
5400,S5fb6d57f3c,The Firm,Make or Break,,0,1,0,,not_enriched,unreviewed
5401,S5fbc830d47,Duran Duran,Breath After Breath,,0,1,0,,not_enriched,unreviewed
5402,S5fbeff9c1e,Survivor,American Heartbeat,,0,1,0,,not_enriched,unreviewed
5403,S5fc20fe9a2,Freedom And Whiskey,The Stranger,,0,1,0,,not_enriched,unreviewed
5404,S5fc2ee543a,Icehouse,Fatman,,0,1,0,,not_enriched,unreviewed
5405,S5fc9d39cba,Crosby & Nash,Bittersweet,,0,1,0,,not_enriched,unreviewed
5406,S5fcacec604,AC/DC,Have a Drink on Me,,0,1,0,,not_enriched,unreviewed
5407,S5fcd181f0e,The Kingbees,Follow Your Heart,,0,1,0,,not_enriched,unreviewed
5408,S5fce4e1ce0,Three Dog Night,Celebrate,,0,1,0,,not_enriched,unreviewed
5409,S5fcfffe7f7,Van Halen,1984,,0,1,0,,not_enriched,unreviewed
5410,S5fd250446b,Buckingham Nicks,Long Distance Winner,,0,1,0,,not_enriched,unreviewed
5411,S5fe08aaed6,David Bowie,Across the Universe,,0,1,0,,not_enriched,unreviewed
5412,S5ff705e126,Bon Jovi,She Don’t Know Me,,0,1,0,,not_enriched,unreviewed
5413,S5ff7332622,Elton John,Georgia,,0,1,0,,not_enriched,unreviewed
5414,S5ffbaa73f6,The Beach Boys,When I Grow Up (to Be a Man),,0,1,0,,not_enriched,unreviewed
5415,S5ffe20474e,The Babys,Darker Side of Town,,0,1,0,,not_enriched,unreviewed
5416,S60067e4d6f,Pat Travers,I'd Rather See You Dead,,0,1,0,,not_enriched,unreviewed
5417,S600c10ba0b,Eric Clapton,Preludin Fugue,,0,1,0,,not_enriched,unreviewed
5418,S600c257612,U2,Seconds,,0,1,0,,not_enriched,unreviewed
5419,S60110fc480,London Philharmonic Orchestra,Brain Damage,,0,1,0,,not_enriched,unreviewed
5420,S6027be2974,Molly Hatchet,Bloody Reunion,,0,1,0,,not_enriched,unreviewed
5421,S6027c89136,"Crosby, Stills & Nash",Might as Well Have a Good Time,,0,1,0,,not_enriched,unreviewed
5422,S603271972a,Kenny Loggins,Down ’n Dirty,,0,1,0,,not_enriched,unreviewed
5423,S603d1222a2,Kenny Loggins,Somebody Knows,,0,1,0,,not_enriched,unreviewed
5424,S60450181f6,The Who,Cook’s County,,0,1,0,,not_enriched,unreviewed
5425,S6046b9e3c3,Jackson Browne,Rosie,,0,1,0,,not_enriched,unreviewed
5426,S6047ce6d9a,Jewel,Pieces of You,,0,1,0,,not_enriched,unreviewed
5427,S6048411c01,A Flock of Seagulls,Electrics,,0,1,0,,not_enriched,unreviewed
5428,S60491acf3b,Cinderella,Move Over,,0,1,0,,not_enriched,unreviewed
5429,S604fa68396,Billy Thorpe,Dream Maker,,0,1,0,,not_enriched,unreviewed
5430,S605408a143,Tarney–Spencer Band,Run for Your Life,,0,1,0,,not_enriched,unreviewed
5431,S605d86b8e4,Supertramp,An Awful Thing to Waste,,0,1,0,,not_enriched,unreviewed
5432,S605dc63633,George Thorogood & the Destroyers,Wanted Man,,0,1,0,,not_enriched,unreviewed
5433,S6074247195,Starship,Tomorrow Doesn’t Matter Tonight,,0,1,0,,not_enriched,unreviewed
5434,S607f187edd,The Beach Boys,Be With Me,,0,1,0,,not_enriched,unreviewed
5435,S6087edc360,The Robert Cray Band,I Guess I Showed Her,,0,1,0,,not_enriched,unreviewed
5436,S608888483b,City Boy,The World Loves a Dancer,,0,1,0,,not_enriched,unreviewed
5437,S6089dd27c2,Big Brother & the Holding Company,Summertime,,0,1,0,,not_enriched,unreviewed
5438,S60945c17ed,Firefall,It Doesn't Matter,,0,1,0,,not_enriched,unreviewed
5439,S6097a70d0d,Nine Inch Nails,The Becoming,,0,1,0,,not_enriched,unreviewed
5440,S609a2645c6,Full Tilt Boogie Band,Me and Bobby McGee,,0,1,0,,not_enriched,unreviewed
5441,S609c685dfb,Chris Isaak,Beautiful Homes,,0,1,0,,not_enriched,unreviewed
5442,S609d031eb3,Queen,Is This the World We Created…?,,0,1,0,,not_enriched,unreviewed
5443,S60a7910d6a,Yes,Five Per Cent for Nothing,,0,1,0,,not_enriched,unreviewed
5444,S60af52133b,Deep Purple,Strange Kind of Woman,,0,1,0,,not_enriched,unreviewed
5445,S60b48a8683,Kim Carnes,Mistaken Identity,,0,1,0,,not_enriched,unreviewed
5446,S60be6fd451,Billy Joel,Stop in Nevada,,0,1,0,,not_enriched,unreviewed
5447,S60c2c0b27d,Buffalo Springfield,Bluebird,,0,1,0,,not_enriched,unreviewed
5448,S60e17d600b,Dan Fogelberg,Lazy Susan,,0,1,0,,not_enriched,unreviewed
5449,S60f1b8be67,Billy Squier,Can't Get Next to You,,0,1,0,,not_enriched,unreviewed
5450,S60f1e4e566,Elton John,Teacher I Need You,,0,1,0,,not_enriched,unreviewed
5451,S60ff75f864,4 Non Blondes,Spaceman,,0,1,0,,not_enriched,unreviewed
5452,S610108e7f2,Sneaker,Lazy Lady,,0,1,0,,not_enriched,unreviewed
5453,S610149195e,Squeeze,F-Hole,,0,1,0,,not_enriched,unreviewed
5454,S6119891a1d,Bee Gees,Edge of the Universe,,0,1,0,,not_enriched,unreviewed
5455,S6123c6efff,Nazareth,Love Hurts,,0,1,0,,not_enriched,unreviewed
5456,S613726ab68,Tracy Chapman,For My Lover,,0,1,0,,not_enriched,unreviewed
5457,S613a804046,Eric Clapton,I Can’t Stand It,,0,1,0,,not_enriched,unreviewed
5458,S6140636222,Meredith Brooks,Wash My Hands,,0,1,0,,not_enriched,unreviewed
5459,S6143c7e1b2,"Blood, Sweat & Tears",Sometimes in Winter,,0,1,0,,not_enriched,unreviewed
5460,S614938652f,Bob Seger & the Silver Bullet Band,Brave Strangers,,0,1,0,,not_enriched,unreviewed
5461,S614995dd56,Boris Karloff,How the Grinch Stole Christmas,,0,1,0,,not_enriched,unreviewed
5462,S61610bd990,4 Non Blondes,No Place Like Home,,0,1,0,,not_enriched,unreviewed
5463,S6161774948,The Knack,Heartbeat,,0,1,0,,not_enriched,unreviewed
5464,S6164b6869d,Carpenters,Bless the Beasts and Children,,0,1,0,,not_enriched,unreviewed
5465,S6168f57420,Dire Straits,Planet of New Orleans,,0,1,0,,not_enriched,unreviewed
5466,S616af4afec,George Thorogood & the Destroyers,New Hawaiian Boogie,,0,1,0,,not_enriched,unreviewed
5467,S616c6182ab,Greg Kihn Band,How Long,,0,1,0,,not_enriched,unreviewed
5468,S616eb35df1,Neil Young,My Heart,,0,1,0,,not_enriched,unreviewed
5469,S6178e3eec6,Poison,Until You Suffer Some (Fire and Ice),,0,1,0,,not_enriched,unreviewed
5470,S617b161f39,The Alan Parsons Project,Chinese Whispers (instrumental),,0,1,0,,not_enriched,unreviewed
5471,S617da46915,Mad Season,River of Deceit,,0,1,0,,not_enriched,unreviewed
5472,S6181dbcccd,Melissa Etheridge,Resist,,0,1,0,,not_enriched,unreviewed
5473,S6186855b8f,John Stewart,Gold,,0,1,0,,not_enriched,unreviewed
5474,S618f24c801,Billy Squier,Shot o’ Love,,0,1,0,,not_enriched,unreviewed
5475,S6197d0d93b,Natalie Merchant,I May Know the Word,,0,1,0,,not_enriched,unreviewed
5476,S61ab5359a6,Gary Wright,Positive Feelins,,0,1,0,,not_enriched,unreviewed
5477,S61baf71a42,Van Morrison,And It Stoned Me,,0,1,0,,not_enriched,unreviewed
5478,S61bb4292d1,ZZ Top,Master of Sparks,,0,1,0,,not_enriched,unreviewed
5479,S61c671ab9f,Mercy,Ob-La-Di Ob-La-Da,,0,1,0,,not_enriched,unreviewed
5480,S61c8a1493b,Neil Diamond,Little Drummer Boy,,0,1,0,,not_enriched,unreviewed
5481,S61c904c55d,Icehouse,All the Way,,0,1,0,,not_enriched,unreviewed
5482,S61cfff7e80,ZZ Top,Certified Blues,,0,1,0,,not_enriched,unreviewed
5483,S61d01b6fab,The B‐52’s,Runnin’ Around,,0,1,0,,not_enriched,unreviewed
5484,S61d29e3bc3,The Rolling Stones,Till the Next Goodbye,,0,1,0,,not_enriched,unreviewed
5485,S61d4acf651,Sniff ’n’ the Tears,New Lines on Love,,0,1,0,,not_enriched,unreviewed
5486,S61d4d5d0c3,Anderson Bruford Wakeman Howe,Roundabout,,0,1,0,,not_enriched,unreviewed
5487,S61d9ba774d,Michael Jackson,Baby Be Mine,,0,1,0,,not_enriched,unreviewed
5488,S61df2f72b5,Jefferson Starship,Out of Control,,0,1,0,,not_enriched,unreviewed
5489,S61ebbe8f21,Natalie Merchant,Cowboy Romance,,0,1,0,,not_enriched,unreviewed
5490,S61f2b5e19a,Walter Egan,Hot Summer Nights,,0,1,0,,not_enriched,unreviewed
5491,S61f34b99fa,Ted Nugent,Stormtroopin’,,0,1,0,,not_enriched,unreviewed
5492,S6205bf678e,Rod Stewart,Downtown Train,,0,1,0,,not_enriched,unreviewed
5493,S6208034831,RTZ,This Is My Life,,0,1,0,,not_enriched,unreviewed
5494,S620e9ed702,Greg Kihn Band,I Fall to Pieces,,0,1,0,,not_enriched,unreviewed
5495,S6218f57c82,Fleetwood Mac,Fireflies,,0,1,0,,not_enriched,unreviewed
5496,S621c025cb1,Billy Idol,Pumping on Steel,,0,1,0,,not_enriched,unreviewed
5497,S6222a1fb5d,Joe Walsh,Alphabetical Order,,0,1,0,,not_enriched,unreviewed
5498,S6225d1595e,The Call,Uncovered,,0,1,0,,not_enriched,unreviewed
5499,S622ac8e3bb,Night Ranger,Revelation,,0,1,0,,not_enriched,unreviewed
5500,S6235b09d55,Collective Soul,The World I Know,,0,1,0,,not_enriched,unreviewed
5501,S6248c026b6,Bruce Springsteen,Two Faces,,0,1,0,,not_enriched,unreviewed
5502,S62550d5691,Steve Miller Band,My Dark Hour,,0,1,0,,not_enriched,unreviewed
5503,S62588ab45b,Gary Wright,Power of Love,,0,1,0,,not_enriched,unreviewed
5504,S6259c7cce6,Alannah Myles,Just One Kiss,,0,1,0,,not_enriched,unreviewed
5505,S627c5e5470,R.E.M.,Talk About the Passion,,0,1,0,,not_enriched,unreviewed
5506,S628e1f4128,Free,All Right Now,,0,1,0,,not_enriched,unreviewed
5507,S62aaee2019,Blue Rose,Train of Life,,0,1,0,,not_enriched,unreviewed
5508,S62b24224e2,The Allman Brothers Band,Good Clean Fun,,0,1,0,,not_enriched,unreviewed
5509,S62bbd6d2b0,Lindsey Buckingham,"Love From Here, Love From There",,0,1,0,,not_enriched,unreviewed
5510,S62c003c4d2,Bryan Adams,Heat of the Night,,0,1,0,,not_enriched,unreviewed
5511,S62ca5f02d0,John Cafferty & the Beaver Brown Band,On the Dark Side,,0,1,0,,not_enriched,unreviewed
5512,S62ce78c66a,Gorky Park,My Generation,,0,1,0,,not_enriched,unreviewed
5513,S62cee7d037,Player,Goodbye (That’s All I Ever Heard),,0,1,0,,not_enriched,unreviewed
5514,S62d320cad8,Lou Reed,Xmas in February,,0,1,0,,not_enriched,unreviewed
5515,S62da1ae04e,The Church,Russian Autumn Heart,,0,1,0,,not_enriched,unreviewed
5516,S62dc08b6dc,Talk Talk,Have You Heard the News?,,0,1,0,,not_enriched,unreviewed
5517,S62ddb29e8a,Styx,Love Is the Ritual,,0,1,0,,not_enriched,unreviewed
5518,S62e0446863,Bonham,Bringing Me Down,,0,1,0,,not_enriched,unreviewed
5519,S62f16c34f7,Blind Melon,Paper Scratcher,,0,1,0,,not_enriched,unreviewed
5520,S62f270b961,Deep Purple,Smoke on the Water,,0,1,0,,not_enriched,unreviewed
5521,S630062fe0c,Carpenters,Hurting Each Other,,0,1,0,,not_enriched,unreviewed
5522,S630d16628c,Sammy Hagar,"Baby, It’s You",,0,1,0,,not_enriched,unreviewed
5523,S6315e3db9e,Ted Nugent,Street Rats,,0,1,0,,not_enriched,unreviewed
5524,S631935c8b5,Van Halen,Dreams,,0,1,0,,not_enriched,unreviewed
5525,S631d325f5d,Neil Young,Love to Burn,,0,1,0,,not_enriched,unreviewed
5526,S6321750b69,Little River Band,Suicide Boulevard,,0,1,0,,not_enriched,unreviewed
5527,S63227d90cf,The Rolling Stones,Going to a Go‐Go,,0,1,0,,not_enriched,unreviewed
5528,S63229a7002,The Black Crowes,Ballad in Urgency,,0,1,0,,not_enriched,unreviewed
5529,S63249dadfc,The Police,Driven to Tears,,0,1,0,,not_enriched,unreviewed
5530,S63305830e5,The Fixx,I Live,,0,1,0,,not_enriched,unreviewed
5531,S6345d54272,Bon Jovi,Love Lies,,0,1,0,,not_enriched,unreviewed
5532,S634611817b,U2,Zooropa,,0,1,0,,not_enriched,unreviewed
5533,S6347757ee0,Glenn Frey,Smuggler’s Blues,,0,1,0,,not_enriched,unreviewed
5534,S63632bd130,John Cougar Mellencamp,The Face of the Nation,,0,1,0,,not_enriched,unreviewed
5535,S6368448d28,Sammy Hagar,Growing Up,,0,1,0,,not_enriched,unreviewed
5536,S636ffc1b9c,Rod Stewart,Twisting the Night Away,,0,1,0,,not_enriched,unreviewed
5537,S6372bd0807,Peter Gabriel,Blood of Eden,,0,1,0,,not_enriched,unreviewed
5538,S637efb2d2f,"10,000 Maniacs",If You Intend,,0,1,0,,not_enriched,unreviewed
5539,S6380d57f15,Greg Kihn Band,Sound System,,0,1,0,,not_enriched,unreviewed
5540,S639c322f4a,Mad Season,I Don't Know Anything,,0,1,0,,not_enriched,unreviewed
5541,S63a8ed66e7,Marillion,Waterhole (Expresso Bongo),,0,1,0,,not_enriched,unreviewed
5542,S63b3a9389f,The Beatles,Matchbox,,0,1,0,,not_enriched,unreviewed
5543,S63b4cb21fd,Joe Walsh,Two Sides to Every Story,,0,1,0,,not_enriched,unreviewed
5544,S63babf3b84,Alannah Myles,Kick Start My Heart,,0,1,0,,not_enriched,unreviewed
5545,S63bf29a5d1,a‐ha,Train of Thought,,0,1,0,,not_enriched,unreviewed
5546,S63d0fd9967,Electric Light Orchestra,Waterfall,,0,1,0,,not_enriched,unreviewed
5547,S63d1998322,Splinter,China Light,,0,1,0,,not_enriched,unreviewed
5548,S63d78deab5,Garth Brooks,Ireland,,0,1,0,,not_enriched,unreviewed
5549,S63dba8f757,Poison,Richie’s Acoustic Thang,,0,1,0,,not_enriched,unreviewed
5550,S63e7db729e,Asia,Am I in Love?,,0,1,0,,not_enriched,unreviewed
5551,S63f63b8211,AC/DC,If You Want Blood (You’ve Got It),,0,1,0,,not_enriched,unreviewed
5552,S640588e299,Foghat,Save Your Loving (For Me),,0,1,0,,not_enriched,unreviewed
5553,S6408ed862d,Don Henley,Lilah,,0,1,0,,not_enriched,unreviewed
5554,S640e70dc49,James Gang,The Bomber: Closet Queen / Cast Your Fate to the Wind,,0,1,0,,not_enriched,unreviewed
5555,S640e8be834,Enya,Storms in Africa,,0,1,0,,not_enriched,unreviewed
5556,S6412d8e944,Quarterflash,It Don’t Move Me,,0,1,0,,not_enriched,unreviewed
5557,S6418175e38,Gary Wright,Love Is a Rose,,0,1,0,,not_enriched,unreviewed
5558,S641f2e6232,The Animals,Crystal Nights,,0,1,0,,not_enriched,unreviewed
5559,S643268f242,Andy Gibb,(Love Is) Thicker Than Water,,0,1,0,,not_enriched,unreviewed
5560,S6432ca25e4,Stevie Nicks,Wild Heart,,0,1,0,,not_enriched,unreviewed
5561,S643e206587,Blue Öyster Cult,Monsters,,0,1,0,,not_enriched,unreviewed
5562,S6446537978,Jefferson Airplane,D.C.B.A. - 25,,0,1,0,,not_enriched,unreviewed
5563,S6448764734,Bread,Just Like Yesterday,,0,1,0,,not_enriched,unreviewed
5564,S6448c21d0b,Carpenters,I Won't Last a Day Without You,,0,1,0,,not_enriched,unreviewed
5565,S644b352e9a,The Clocks,"Nice Try, Too Late",,0,1,0,,not_enriched,unreviewed
5566,S64517d0fe4,Carpenters,Because We Are in Love (The Wedding Song),,0,1,0,,not_enriched,unreviewed
5567,S645b3b226e,Billy Joel,Blonde over Blue,,0,1,0,,not_enriched,unreviewed
5568,S646533ba11,Firefall,Only a Fool,,0,1,0,,not_enriched,unreviewed
5569,S646f3cfb89,En Vogue,Hooked on Your Love,,0,1,0,,not_enriched,unreviewed
5570,S647695fe32,Pure Moods,Nicky,,0,1,0,,not_enriched,unreviewed
5571,S6477c2fac6,Scandal,Talk to Me,,0,1,0,,not_enriched,unreviewed
5572,S6480ddbd15,Al Stewart,The Palace of Versailles,,0,1,0,,not_enriched,unreviewed
5573,S6484049224,Stevie Nicks,I Need to Know,,0,1,0,,not_enriched,unreviewed
5574,S648bfea948,The Alan Parsons Project,The Fall of the House of Usher: I. Prelude / II. Arrival / III. Intermezzo / IV. Pavane / V. Fall,,0,1,0,,not_enriched,unreviewed
5575,S64934a1be6,Ted Nugent,Light My Way,,0,1,0,,not_enriched,unreviewed
5576,S64947a826a,The Alan Parsons Project,In the Real World,,0,1,0,,not_enriched,unreviewed
5577,S64973b3701,Enya,Hope Has a Place,,0,1,0,,not_enriched,unreviewed
5578,S64a0bec269,Quarterflash,Take Me to Heart,,0,1,0,,not_enriched,unreviewed
5579,S64a51e466a,Lou Reed,Endless Cycle,,0,1,0,,not_enriched,unreviewed
5580,S64a8a5db07,Elton John,Princess,,0,1,0,,not_enriched,unreviewed
5581,S64ad6312e2,Ted Nugent,Free‐for‐All,,0,1,0,,not_enriched,unreviewed
5582,S64b2426739,Stephen Stills,Love Again,,0,1,0,,not_enriched,unreviewed
5583,S64b24ecb85,Dan Fogelberg,Better Change,,0,1,0,,not_enriched,unreviewed
5584,S64b6d42738,Danny Wilde,Body To Body,,0,1,0,,not_enriched,unreviewed
5585,S64c1d0308b,The Rolling Stones,Tumbling Dice,,0,1,0,,not_enriched,unreviewed
5586,S64c7a2193e,Peter Ilich Tchaikovsky,"The Nutcracker Suite, op. 71a: Chinese Dance",,0,1,0,,not_enriched,unreviewed
5587,S64db4474fa,Stone Temple Pilots,Plush,,0,1,0,,not_enriched,unreviewed
5588,S64dce8d1f5,Eurythmics,Winter Wonderland,,0,1,0,,not_enriched,unreviewed
5589,S64ed10b2c8,Sam Harris,Heart of the Machine,,0,1,0,,not_enriched,unreviewed
5590,S64eef95ed5,Cream,Wrapping Paper,,0,1,0,,not_enriched,unreviewed
5591,S64f8751058,Gibson Brothers,Rio Brasilia,,0,1,0,,not_enriched,unreviewed
5592,S64f98e970e,The Church,Monday Morning,,0,1,0,,not_enriched,unreviewed
5593,S64fddffa80,Harry Chapin,Tangled Up Puppet,,0,1,0,,not_enriched,unreviewed
5594,S650641834d,Commodores,Jesus Is Love,,0,1,0,,not_enriched,unreviewed
5595,S65097d9e64,Shania Twain,"If You Wanna Touch Her, Ask!",,0,1,0,,not_enriched,unreviewed
5596,S650ac0d755,Gilbert O’Sullivan,Outro,,0,1,0,,not_enriched,unreviewed
5597,S650d28e683,Loggins & Messina,"My Lady, My Love",,0,1,0,,not_enriched,unreviewed
5598,S650e8150e6,Honeymoon Suite,Face to Face,,0,1,0,,not_enriched,unreviewed
5599,S65111febd2,Tool,Disgustipated,,0,1,0,,not_enriched,unreviewed
5600,S6516a36519,Bachman–Turner Overdrive,Hey You,,0,1,0,,not_enriched,unreviewed
5601,S651dec360b,Marc Cohn,Silver Thunderbird,,0,1,0,,not_enriched,unreviewed
5602,S652929f3e1,John Mellencamp,Wild Night (feat. Me'Shell Ndegéocello),,0,1,0,,not_enriched,unreviewed
5603,S65372fc79d,The Beach Boys,Susie Cincinnati,,0,1,0,,not_enriched,unreviewed
5604,S654f69b783,Joe Jackson,On Your Radio,,0,1,0,,not_enriched,unreviewed
5605,S65629e6873,ZZ Top,Manic Mechanic,,0,1,0,,not_enriched,unreviewed
5606,S65645914a9,Mariah Carey,You Need Me,,0,1,0,,not_enriched,unreviewed
5607,S6565de70d9,Ian Matthews,Man in the Station,,0,1,0,,not_enriched,unreviewed
5608,S656ab5fe0f,Linda Ronstadt,I Will Always Love You,,0,1,0,,not_enriched,unreviewed
5609,S656aefb52f,R.E.M.,Get Up,,0,1,0,,not_enriched,unreviewed
5610,S65991cb689,Blues Traveler,Just Wait,,0,1,0,,not_enriched,unreviewed
5611,S65a60e26cf,Eric Clapton,Tracks and Lines,,0,1,0,,not_enriched,unreviewed
5612,S65a819d664,Jackson Browne,Hold Out,,0,1,0,,not_enriched,unreviewed
5613,S65a9aed7d2,Cracker,Low,,0,1,0,,not_enriched,unreviewed
5614,S65be095cc6,George Michael,Faith,,0,1,0,,not_enriched,unreviewed
5615,S65cc2e30ee,Styx,This Old Man,,0,1,0,,not_enriched,unreviewed
5616,S65da76b385,Winger,Baptized by Fire,,0,1,0,,not_enriched,unreviewed
5617,S65f0a9af9e,Michael Monroe,Shakedown,,0,1,0,,not_enriched,unreviewed
5618,S65f3f17040,Cheap Trick,The House Is Rockin’ (With Domestic Problems),,0,1,0,,not_enriched,unreviewed
5619,S65fba91308,Cheap Trick,Good Morning Good Morning,,0,1,0,,not_enriched,unreviewed
5620,S66025ea382,Sammy Hagar,Back Into You,,0,1,0,,not_enriched,unreviewed
5621,S6602c9536c,Bad Company,One Night,,0,1,0,,not_enriched,unreviewed
5622,S6603624cac,Bruce Springsteen,Cross My Heart,,0,1,0,,not_enriched,unreviewed
5623,S661128ec01,Bon Jovi,Burning for Love,,0,1,0,,not_enriched,unreviewed
5624,S66176fc4ef,Scandal,All I Want,,0,1,0,,not_enriched,unreviewed
5625,S66198dd677,"Crosby, Stills, Nash & Young",Got It Made,,0,1,0,,not_enriched,unreviewed
5626,S6619d4502c,Roxy Music,Eight Miles High,,0,1,0,,not_enriched,unreviewed
5627,S661b37e4b3,Jefferson Starship,Switchblade,,0,1,0,,not_enriched,unreviewed
5628,S661bcb7377,The Pretenders,I Hurt You,,0,1,0,,not_enriched,unreviewed
5629,S662824b09e,The Rolling Stones,Too Rude,,0,1,0,,not_enriched,unreviewed
5630,S662cae5dd0,Firefall,Love Isn't All,,0,1,0,,not_enriched,unreviewed
5631,S662e0f1f72,Santana,Corazón espinado,,0,1,0,,not_enriched,unreviewed
5632,S662e36f8cf,Robert Plant,I Believe,,0,1,0,,not_enriched,unreviewed
5633,S663b8fd9d9,John Tesh,In a Child's Eyes,,0,1,0,,not_enriched,unreviewed
5634,S66409e68d9,George Harrison,Blow Away,,0,1,0,,not_enriched,unreviewed
5635,S66532dd31f,Peaks,Perihelion,,0,1,0,,not_enriched,unreviewed
5636,S6654b96f73,Chris Isaak,Nothing's Changed,,0,1,0,,not_enriched,unreviewed
5637,S665d9f7df5,Eric Clapton,Further On up the Road,,0,1,0,,not_enriched,unreviewed
5638,S665df4b645,The Rolling Stones,Little T & A,,0,1,0,,not_enriched,unreviewed
5639,S6664aa213c,Bruce Springsteen,The Ties That Bind,,0,1,0,,not_enriched,unreviewed
5640,S666c72e200,Queen,Calling All Girls,,0,1,0,,not_enriched,unreviewed
5641,S66752903d3,Little River Band,We Two,,0,1,0,,not_enriched,unreviewed
5642,S66789a6b8e,Billy Idol,L.A. Woman,,0,1,0,,not_enriched,unreviewed
5643,S66815f3c9a,Billy Idol,Sweet Sixteen,,0,1,0,,not_enriched,unreviewed
5644,S6686f3d6d4,Novo Combo,Don’t Do That,,0,1,0,,not_enriched,unreviewed
5645,S66875313eb,Journey,Faithfully,,0,1,0,,not_enriched,unreviewed
5646,S668dfca802,Talking Heads,Life During Wartime,,0,1,0,,not_enriched,unreviewed
5647,S66907f3c20,Triumph,Don't Love Anybody Else but Me,,0,1,0,,not_enriched,unreviewed
5648,S669eb61f88,Georgia Satellites,Red Light,,0,1,0,,not_enriched,unreviewed
5649,S66aad52a53,Heart,Pilot,,0,1,0,,not_enriched,unreviewed
5650,S66ade2bc0f,Blue Öyster Cult,The Great Sun Jester,,0,1,0,,not_enriched,unreviewed
5651,S66b30ba644,Hooters,Fightin’ on the Same Side,,0,1,0,,not_enriched,unreviewed
5652,S66cbc59f08,The Kingbees,Fast Girls,,0,1,0,,not_enriched,unreviewed
5653,S66d23aac4c,Pearl Jam,W.M.A.,,0,1,0,,not_enriched,unreviewed
5654,S66d38b107e,Icehouse,Electric Blue,,0,1,0,,not_enriched,unreviewed
5655,S66d4fcd860,George Harrison,Cockamamie Business,,0,1,0,,not_enriched,unreviewed
5656,S66d81e5b97,Gary,Mind Over Matter,,0,1,0,,not_enriched,unreviewed
5657,S66e0871a6a,Living Colour,Glamour Boys,,0,1,0,,not_enriched,unreviewed
5658,S66e1e420ba,Neil Young,Powderfinger,,0,1,0,,not_enriched,unreviewed
5659,S66e29b20cf,The Pretenders,Tattooed Love Boys,,0,1,0,,not_enriched,unreviewed
5660,S66e57362a2,Neil Young,Thrasher,,0,1,0,,not_enriched,unreviewed
5661,S66ed6ce4d0,KISS,Mr. Speed,,0,1,0,,not_enriched,unreviewed
5662,S66f00d21da,Roger Waters,4:37 AM (Arabs With Knives and West German Skies),,0,1,0,,not_enriched,unreviewed
5663,S66f144aab8,Alice Cooper,Thrill My Gorilla,,0,1,0,,not_enriched,unreviewed
5664,S66f7758348,Yes,The More We Live – Let Go,,0,1,0,,not_enriched,unreviewed
5665,S66f9281fa5,AC/DC,Beating Around the Bush,,0,1,0,,not_enriched,unreviewed
5666,S6711a6bb35,Warren Zevon,The Heartache,,0,1,0,,not_enriched,unreviewed
5667,S67140147f8,A Flock of Seagulls,Don’t Ask Me,,0,1,0,,not_enriched,unreviewed
5668,S671e0b6305,Bram Tchaikovsky,Heartache,,0,1,0,,not_enriched,unreviewed
5669,S6721b2b4e0,Chris Rea,I Just Wanna Be With You,,0,1,0,,not_enriched,unreviewed
5670,S6721e78dd5,Dennis DeYoung,Please,,0,1,0,,not_enriched,unreviewed
5671,S672562484f,Queen,I Can’t Live With You,,0,1,0,,not_enriched,unreviewed
5672,S6728c682e9,Three Dog Night,Freedom for the Stallion,,0,1,0,,not_enriched,unreviewed
5673,S672ccd19c1,Fleetwood Mac,That’s Alright,,0,1,0,,not_enriched,unreviewed
5674,S672e5a2bd2,Boston,More Than a Feeling,,0,1,0,,not_enriched,unreviewed
5675,S67347df423,The Rolling Stones,Send It to Me,,0,1,0,,not_enriched,unreviewed
5676,S6736e02898,Go‐Go’s,I Think It’s Me,,0,1,0,,not_enriched,unreviewed
5677,S673786ded2,Bryan Adams,Straight From the Heart,,0,1,0,,not_enriched,unreviewed
5678,S67382c7ec5,Mr. Mister,Broken Wings,,0,1,0,,not_enriched,unreviewed
5679,S6738edffc0,The Caroleers,Rudolph the Red Nosed Reindeer,,0,1,0,,not_enriched,unreviewed
5680,S673dc52ab4,The Who,"See Me, Feel Me",,0,1,0,,not_enriched,unreviewed
5681,S673f0978e5,38 Special,One of the Lonely Ones,,0,1,0,,not_enriched,unreviewed
5682,S674496ffd7,Bob Welch,Dancin' Eyes,,0,1,0,,not_enriched,unreviewed
5683,S674d7b52f3,Rick Springfield,Jessie’s Girl,,0,1,0,,not_enriched,unreviewed
5684,S67515529b4,Supertramp,Thing for You,,0,1,0,,not_enriched,unreviewed
5685,S67647f1dee,Nick Gilder,Rockaway,,0,1,0,,not_enriched,unreviewed
5686,S676a3108f0,ZZ Top,"Hot, Blue and Righteous",,0,1,0,,not_enriched,unreviewed
5687,S676c5fdd32,Skid Row,Holidays in the Sun,,0,1,0,,not_enriched,unreviewed
5688,S676e2ff931,Journey,Walks Like a Lady,,0,1,0,,not_enriched,unreviewed
5689,S67784db15e,Guns N’ Roses,My Michelle,,0,1,0,,not_enriched,unreviewed
5690,S67787624ba,Night Ranger,Eddie's Comin' Out Tonight,,0,1,0,,not_enriched,unreviewed
5691,S677f1489e5,Great White,Momma Don’t Stop,,0,1,0,,not_enriched,unreviewed
5692,S67811eaf87,Tom Petty and the Heartbreakers,A One Story Town,,0,1,0,,not_enriched,unreviewed
5693,S67a9f0cb38,Pete Bardens,Man Alive,,0,1,0,,not_enriched,unreviewed
5694,S67c22f8846,Carpenters,Have Yourself a Merry Little Christmas,,0,1,0,,not_enriched,unreviewed
5695,S67c8a1edc9,Chicago,You Are on My Mind,,0,1,0,,not_enriched,unreviewed
5696,S67d3011fab,Kansas,The Devil Game,,0,1,0,,not_enriched,unreviewed
5697,S67dd3e42ab,Sam Harris,You Keep Me Hanging On,,0,1,0,,not_enriched,unreviewed
5698,S67eb9a84c9,Jim Morrison,Roadhouse Blues,,0,1,0,,not_enriched,unreviewed
5699,S67ed4c3dca,Harry Chapin,Sequel,,0,1,0,,not_enriched,unreviewed
5700,S67f349e2f8,Rick Springfield,Just One Kiss,,0,1,0,,not_enriched,unreviewed
5701,S680945c9a0,The Fixx,The Sign of Fire,,0,1,0,,not_enriched,unreviewed
5702,S680a051547,Mad Season,Artificial Red,,0,1,0,,not_enriched,unreviewed
5703,S680d6ca3b3,The Monkees,Monkee’s Theme,,0,1,0,,not_enriched,unreviewed
5704,S681cc6cbfc,The Cranberries,Put Me Down,,0,1,0,,not_enriched,unreviewed
5705,S681d5b7fa4,Extreme,Christmas Time Again,,0,1,0,,not_enriched,unreviewed
5706,S681e73ad27,Todd Rundgren,Love Is the Answer (re‐recorded),,0,1,0,,not_enriched,unreviewed
5707,S681fdefe6d,Sherbs,Love You to Death,,0,1,0,,not_enriched,unreviewed
5708,S682104c0c2,Sam Harris,The Rescue,,0,1,0,,not_enriched,unreviewed
5709,S683324a324,Madonna,Sanctuary,,0,1,0,,not_enriched,unreviewed
5710,S683953d385,The Rembrandts,Moonlight on Mt. Hood,,0,1,0,,not_enriched,unreviewed
5711,S683c407339,Rick Derringer,Slide on Over Slinky,,0,1,0,,not_enriched,unreviewed
5712,S683dedfe5d,The Monkees,I’ll Be True to You,,0,1,0,,not_enriched,unreviewed
5713,S683e13f8b8,Elton John,Ticking,,0,1,0,,not_enriched,unreviewed
5714,S68448d4075,Triumph,Cool Down,,0,1,0,,not_enriched,unreviewed
5715,S6849644b0d,Nilsson,Daybreak,,0,1,0,,not_enriched,unreviewed
5716,S6849c20867,Steely Dan,Throw Back the Little Ones,,0,1,0,,not_enriched,unreviewed
5717,S685f519f71,Alannah Myles,If You Want To,,0,1,0,,not_enriched,unreviewed
5718,S686ac8ccd1,Sweet F.A.,Do a Little Drivin',,0,1,0,,not_enriched,unreviewed
5719,S686f11d6e9,Jim Croce,Rapid Roy (The Stock Car Boy),,0,1,0,,not_enriched,unreviewed
5720,S687161d7fa,Collective Soul,Maybe,,0,1,0,,not_enriched,unreviewed
5721,S68823d15e9,Steely Dan,East St. Louis Toodle‐oo,,0,1,0,,not_enriched,unreviewed
5722,S688cc25d2c,Toto,Takin’ It Back,,0,1,0,,not_enriched,unreviewed
5723,S689b7cf0b8,Keith Sykes,I’m on a Roll,,0,1,0,,not_enriched,unreviewed
5724,S68a22e5ccb,Natalie Imbruglia,Left of the Middle,,0,1,0,,not_enriched,unreviewed
5725,S68a38ea227,Michael Bolton,"Can’t Hold On, Can't Let Go",,0,1,0,,not_enriched,unreviewed
5726,S68a3d3402c,James Taylor,Another Grey Morning,,0,1,0,,not_enriched,unreviewed
5727,S68a5bca7e6,Tom Petty and the Heartbreakers,So You Want to Be a Rock & Roll Star,,0,1,0,,not_enriched,unreviewed
5728,S68a8df87e3,America,Lonely People,,0,1,0,,not_enriched,unreviewed
5729,S68ad5d8d6a,Tom Cochrane & Red Rider,Love Under Fire,,0,1,0,,not_enriched,unreviewed
5730,S68adbc65a6,"Emerson, Lake & Palmer",Hoedown,,0,1,0,,not_enriched,unreviewed
5731,S68b0a3592c,Tom Petty and the Heartbreakers,Stories We Could Tell,,0,1,0,,not_enriched,unreviewed
5732,S68b0fcdb0f,The Alan Parsons Project,Pyramania,,0,1,0,,not_enriched,unreviewed
5733,S68b25dd602,Poison,Theatre of the Soul,,0,1,0,,not_enriched,unreviewed
5734,S68b7bdfa3b,Porno for Pyros,Pets,,0,1,0,,not_enriched,unreviewed
5735,S68beb88e8d,Dan Fogelberg,Illinois,,0,1,0,,not_enriched,unreviewed
5736,S68c1e2cd05,John Waite,Sometimes,,0,1,0,,not_enriched,unreviewed
5737,S68c6496b15,Bad Company,Take the Time,,0,1,0,,not_enriched,unreviewed
5738,S68c8554410,Annie Lennox,Don't Let It Bring You Down,,0,1,0,,not_enriched,unreviewed
5739,S68d8c246b8,Rick Springfield,I Get Excited,,0,1,0,,not_enriched,unreviewed
5740,S68d97915f5,Genesis,Heathaze,,0,1,0,,not_enriched,unreviewed
5741,S68dc53dd63,Johnny Mathis,The Christmas Waltz,,0,1,0,,not_enriched,unreviewed
5742,S68ddbfdd42,Bad Company,Crazy Circles,,0,1,0,,not_enriched,unreviewed
5743,S68e35029fd,Fleetwood Mac,Underway,,0,1,0,,not_enriched,unreviewed
5744,S68f7d8f8ff,Steve Miller Band,Shu Ba Da Du Ma Ma Ma Ma,,0,1,0,,not_enriched,unreviewed
5745,S68fa22daf2,R.E.M.,World Leader Pretend,,0,1,0,,not_enriched,unreviewed
5746,S6905157b9d,Tom Cochrane,Mad Mad World,,0,1,0,,not_enriched,unreviewed
5747,S69082c0849,Danny Spanos,One Track Heart (Passion in the Dark),,0,1,0,,not_enriched,unreviewed
5748,S6916ecce6e,Bing Crosby,It's Beginning to Look Like Christmas,,0,1,0,,not_enriched,unreviewed
5749,S691b96f790,Eric Johnson,Ah Via Musicom,,0,1,0,,not_enriched,unreviewed
5750,S6923e6d71b,John Cougar,Small Paradise,,0,1,0,,not_enriched,unreviewed
5751,S6924078645,Freedom And Whiskey,Hit The Bricks,,0,1,0,,not_enriched,unreviewed
5752,S6929a0f501,Poco,Heart of the Night,,0,1,0,,not_enriched,unreviewed
5753,S692f003926,The Yardbirds,I Wish You Would,,0,1,0,,not_enriched,unreviewed
5754,S693185ede1,Genesis,Man of Our Times,,0,1,0,,not_enriched,unreviewed
5755,S693dfde777,Rush,Subdivisions,,0,1,0,,not_enriched,unreviewed
5756,S694141e837,The Cranberries,No Need to Argue,,0,1,0,,not_enriched,unreviewed
5757,S694642b7b4,Heart,Sweet Darlin’,,0,1,0,,not_enriched,unreviewed
5758,S6946bfc6df,Three Dog Night,Heaven Is in Your Mind,,0,1,0,,not_enriched,unreviewed
5759,S694cc84271,Toto,Mr. Friendly,,0,1,0,,not_enriched,unreviewed
5760,S694dfa4c1e,Helix,Does a Fool Ever Learn,,0,1,0,,not_enriched,unreviewed
5761,S6963d9f646,Roger Waters,Several Species of Small Furry Animals Gathered Together in a Cave and Grooving With a Pict,,0,1,0,,not_enriched,unreviewed
5762,S69741fcfde,Talk Talk,The Party’s Over,,0,1,0,,not_enriched,unreviewed
5763,S697b18f4f6,Bad Company,Rhythm Machine,,0,1,0,,not_enriched,unreviewed
5764,S697d8340ea,U2,Christmas (Baby Please Come Home),,0,1,0,,not_enriched,unreviewed
5765,S6982b74728,Bruce Springsteen,When You’re Alone,,0,1,0,,not_enriched,unreviewed
5766,S6982d02ecb,Fleetwood Mac,In the Back of My Mind,,0,1,0,,not_enriched,unreviewed
5767,S69844384c9,Phil Collins,One More Night,,0,1,0,,not_enriched,unreviewed
5768,S6988915586,Pearl Jam,Tremor Christ,,0,1,0,,not_enriched,unreviewed
5769,S6989a852f0,Buckingham Nicks,Stephanie,,0,1,0,,not_enriched,unreviewed
5770,S698e707cc1,Journey,Someday Soon,,0,1,0,,not_enriched,unreviewed
5771,S69980f6044,Billy Ocean,Loverboy,,0,1,0,,not_enriched,unreviewed
5772,S6998db9891,Johnny Nash,Ooh Baby You’ve Been Good to Me,,0,1,0,,not_enriched,unreviewed
5773,S699bdcb5ff,Splinter,Costafine Town,,0,1,0,,not_enriched,unreviewed
5774,S69ac610732,The Monroes,"Pay, Pay, Pay",,0,1,0,,not_enriched,unreviewed
5775,S69aed268a4,Talking Heads,(Nothing but) Flowers,,0,1,0,,not_enriched,unreviewed
5776,S69b8a5ab70,Elton John,(Gotta Get a) Meal Ticket,,0,1,0,,not_enriched,unreviewed
5777,S69bb841308,Tracy Chapman,The Promise,,0,1,0,,not_enriched,unreviewed
5778,S69bc390d08,John Cougar,Danger List,,0,1,0,,not_enriched,unreviewed
5779,S69cd94990f,Stevie Nicks,Sara,,0,1,0,,not_enriched,unreviewed
5780,S69dccab456,The Hooters,Where Do the Children Go,,0,1,0,,not_enriched,unreviewed
5781,S69ef2acd71,Jefferson Starship,Wildeyes,,0,1,0,,not_enriched,unreviewed
5782,S69f3a0d812,The Caroleers,Santa Claus Is Coming to Town,,0,1,0,,not_enriched,unreviewed
5783,S69fe0baeef,Talking Heads,Love for Sale,,0,1,0,,not_enriched,unreviewed
5784,S6a0f19fb41,Winger,In the Heart of the Young,,0,1,0,,not_enriched,unreviewed
5785,S6a172d1743,Enigma,Knocking on Forbidden Doors,,0,1,0,,not_enriched,unreviewed
5786,S6a17f091eb,Bram Tchaikovsky,Jeux San Frontiere (Game,,0,1,0,,not_enriched,unreviewed
5787,S6a25cb8570,Art Garfunkel,99 Miles From L.A.,,0,1,0,,not_enriched,unreviewed
5788,S6a26e31777,Al Stewart,Almost Lucy,,0,1,0,,not_enriched,unreviewed
5789,S6a26e84bde,Carpenters,Christ Is Born,,0,1,0,,not_enriched,unreviewed
5790,S6a2f8eed33,The Beach Boys,That Same Song,,0,1,0,,not_enriched,unreviewed
5791,S6a33faec49,The Vaughan Brothers,Telephone Song,,0,1,0,,not_enriched,unreviewed
5792,S6a471e6bcc,Cheap Trick,I Can’t Understand It,,0,1,0,,not_enriched,unreviewed
5793,S6a4b39e448,Living Colour,Which Way to America?,,0,1,0,,not_enriched,unreviewed
5794,S6a5ee91e0e,Journey,Positive Touch,,0,1,0,,not_enriched,unreviewed
5795,S6a677e4842,Steve Miller Band,Stranger Blues,,0,1,0,,not_enriched,unreviewed
5796,S6a6d33a83e,Toto,Rosanna,,0,1,0,,not_enriched,unreviewed
5797,S6a6f25fbcb,Jethro Tull,Skating Away on the Thin Ice of the New Day,,0,1,0,,not_enriched,unreviewed
5798,S6a70ef4f7f,Creedence Clearwater Revival,Good Golly Miss Molly,,0,1,0,,not_enriched,unreviewed
5799,S6a7618b8d2,k.d. lang,Constant Craving,,0,1,0,,not_enriched,unreviewed
5800,S6a86adbc83,Queen,Las palabras de amor (The Words of Love),,0,1,0,,not_enriched,unreviewed
5801,S6a87ce0758,Eagles,Bitter Creek,,0,1,0,,not_enriched,unreviewed
5802,S6a8e8c4c92,Joe Walsh,Look at Us Now,,0,1,0,,not_enriched,unreviewed
5803,S6a8fdd1fa6,Slaughter,You Are the One,,0,1,0,,not_enriched,unreviewed
5804,S6a97d066cb,Pearl Jam,Animal,,0,1,0,,not_enriched,unreviewed
5805,S6a97fb7d3a,The Alan Parsons Project,Secret Garden,,0,1,0,,not_enriched,unreviewed
5806,S6a9a272706,Greg Kihn Band,Jeopardy,,0,1,0,,not_enriched,unreviewed
5807,S6a9ada7dfb,Prince,Paisley Park,,0,1,0,,not_enriched,unreviewed
5808,S6aaafad6b9,Steve Miller Band,Italian X Rays,,0,1,0,,not_enriched,unreviewed
5809,S6aab173ddb,Marcy Playground,Saint Joe on the School Bus,,0,1,0,,not_enriched,unreviewed
5810,S6aae0f63f8,Pearl Jam,No Way,,0,1,0,,not_enriched,unreviewed
5811,S6aae327b6c,Roger Hodgson,Puppet Dance,,0,1,0,,not_enriched,unreviewed
5812,S6ab70aced9,Garth Brooks,Wild Horses,,0,1,0,,not_enriched,unreviewed
5813,S6ab72a5cf3,Red Rider,Crack the Sky (Breakaway),,0,1,0,,not_enriched,unreviewed
5814,S6addd14a0e,Britny Fox,Plenty of Love,,0,1,0,,not_enriched,unreviewed
5815,S6aded3b6ab,Bachman–Turner Overdrive,Stonegates,,0,1,0,,not_enriched,unreviewed
5816,S6ae0f16d48,Paula Cole,I Don’t Want to Wait,,0,1,0,,not_enriched,unreviewed
5817,S6ae572e2fe,Bad Company,Holy Water,,0,1,0,,not_enriched,unreviewed
5818,S6af57d91e5,Neil Young,Hard Luck Stories,,0,1,0,,not_enriched,unreviewed
5819,S6aff34dd02,Nils Lofgren,Ancient History,,0,1,0,,not_enriched,unreviewed
5820,S6b00ba5b6f,Nirvana,Oh Me,,0,1,0,,not_enriched,unreviewed
5821,S6b02226728,Billy Joel,"Lullabye (Goodnight, My Angel)",,0,1,0,,not_enriched,unreviewed
5822,S6b047abe40,Rolling Stones,Can’t Be Seen,,0,1,0,,not_enriched,unreviewed
5823,S6b081e86a0,Bing Crosby,"God Rest Ye Merry, Gentlemen",,0,1,0,,not_enriched,unreviewed
5824,S6b09fedd81,Great White,All Over Now,,0,1,0,,not_enriched,unreviewed
5825,S6b13814097,Saga,Framed,,0,1,0,,not_enriched,unreviewed
5826,S6b1914ef9e,Alice in Chains,Them Bones,,0,1,0,,not_enriched,unreviewed
5827,S6b19e10a5c,U2,Like a Song…,,0,1,0,,not_enriched,unreviewed
5828,S6b346b0dcb,Pearl Jam,"Hail, Hail",,0,1,0,,not_enriched,unreviewed
5829,S6b35500a8a,"Crosby, Stills, Nash & Young",Someday Soon,,0,1,0,,not_enriched,unreviewed
5830,S6b370be6a3,Eagles,New York Minute,,0,1,0,,not_enriched,unreviewed
5831,S6b3e8593c0,A Flock of Seagulls,Standing in the Doorway,,0,1,0,,not_enriched,unreviewed
5832,S6b4810fa36,Winger,Miles Away,,0,1,0,,not_enriched,unreviewed
5833,S6b4a7fb63a,Molly Hatchet,Dreams I'll Never See,,0,1,0,,not_enriched,unreviewed
5834,S6b4b80d1f6,Savage Garden,I Want You,,0,1,0,,not_enriched,unreviewed
5835,S6b63f9a893,George Michael,Mothers Pride,,0,1,0,,not_enriched,unreviewed
5836,S6b660da588,John Tesh,Panis Angelicus,,0,1,0,,not_enriched,unreviewed
5837,S6b6e58a80d,Eagles,James Dean,,0,1,0,,not_enriched,unreviewed
5838,S6ba3d6f101,Gary Wright,The Right Place,,0,1,0,,not_enriched,unreviewed
5839,S6baec1af4f,Eurythmics,Sweet Dreams (Are Made of This),,0,1,0,,not_enriched,unreviewed
5840,S6bba533f86,Eurythmics,I Need a Man,,0,1,0,,not_enriched,unreviewed
5841,S6bcc40616d,U2,“40”,,0,1,0,,not_enriched,unreviewed
5842,S6bcd055504,The Who,Athena,,0,1,0,,not_enriched,unreviewed
5843,S6bd4bc2e4b,Blues Traveler,Look Around,,0,1,0,,not_enriched,unreviewed
5844,S6be87304ec,Martin Briley,One Step Behind,,0,1,0,,not_enriched,unreviewed
5845,S6bed9bfcf7,Michael Bolton,She Did the Same Thing,,0,1,0,,not_enriched,unreviewed
5846,S6bf0b9e7ad,Genesis,Driving the Last Spike,,0,1,0,,not_enriched,unreviewed
5847,S6c023847e3,Yes,Masquerade,,0,1,0,,not_enriched,unreviewed
5848,S6c04046475,The Fixx,Lose Face,,0,1,0,,not_enriched,unreviewed
5849,S6c10459ca4,City Boy,Summer in the School Yard,,0,1,0,,not_enriched,unreviewed
5850,S6c105c66b8,Pat Travers,Who'll Take the Fall,,0,1,0,,not_enriched,unreviewed
5851,S6c10f344b1,Saga,Wind Him Up,,0,1,0,,not_enriched,unreviewed
5852,S6c117b8377,Jethro Tull,Bungle in the Jungle,,0,1,0,,not_enriched,unreviewed
5853,S6c140d683d,Ozzy Osbourne,You Can’t Kill Rock and Roll,,0,1,0,,not_enriched,unreviewed
5854,S6c16548d19,Buffalo Springfield,For What It’s Worth,,0,1,0,,not_enriched,unreviewed
5855,S6c19f7a961,ZZ Top,Old Man,,0,1,0,,not_enriched,unreviewed
5856,S6c220ab4dc,Paul McCartney,Take It Away,,0,1,0,,not_enriched,unreviewed
5857,S6c26ac2d4c,Steve Earle,Feel Alright,,0,1,0,,not_enriched,unreviewed
5858,S6c2b791da0,Missing Persons,Noticeable One,,0,1,0,,not_enriched,unreviewed
5859,S6c2c201ca6,Metallica,"Damage, Inc.",,0,1,0,,not_enriched,unreviewed
5860,S6c36ce7362,Gerry Rafferty,Whatever's Written in Your Heart,,0,1,0,,not_enriched,unreviewed
5861,S6c427abe93,Bread,He's a Good Lad,,0,1,0,,not_enriched,unreviewed
5862,S6c44412af6,Tower of Fire,The Trying to Fly,,0,1,0,,not_enriched,unreviewed
5863,S6c46d111cc,Kenny Loggins,Nightwatch,,0,1,0,,not_enriched,unreviewed
5864,S6c4d0a5873,Bad Company,Stranger Stranger,,0,1,0,,not_enriched,unreviewed
5865,S6c5194cf55,Taylor Dayne,Up All Night,,0,1,0,,not_enriched,unreviewed
5866,S6c54239154,Bob Dylan,You’re a Big Girl Now,,0,1,0,,not_enriched,unreviewed
5867,S6c618dadef,Rolling Stones,Rock and a Hard Place,,0,1,0,,not_enriched,unreviewed
5868,S6c62c6c9dc,Robert Plant,29 Palms,,0,1,0,,not_enriched,unreviewed
5869,S6c7a6e1da1,Iron Butterfly,In-A-Gadda-Da-Vida,,0,1,0,,not_enriched,unreviewed
5870,S6c81a711fc,SCANDAL,"Awanai Tsumori no, Genki de ne",,0,1,0,,not_enriched,unreviewed
5871,S6c840912a3,The Rolling Stones,Can’t You Hear Me Knocking,,0,1,0,,not_enriched,unreviewed
5872,S6c85c4a32d,Men at Work,No Restrictions,,0,1,0,,not_enriched,unreviewed
5873,S6c8a5ffaa0,Melissa Etheridge,I’m the Only One,,0,1,0,,not_enriched,unreviewed
5874,S6c96698350,Melissa Etheridge,Don’t You Need,,0,1,0,,not_enriched,unreviewed
5875,S6c97315c0b,The Vaughan Brothers,Brothers,,0,1,0,,not_enriched,unreviewed
5876,S6c987b706f,Billy Joel,Big Man on Mulberry Street,,0,1,0,,not_enriched,unreviewed
5877,S6c9ca1ad4f,Mike & The Mechanics,A Call to Arms,,0,1,0,,not_enriched,unreviewed
5878,S6c9f510129,The Cars,Shoo Be Doo,,0,1,0,,not_enriched,unreviewed
5879,S6ca7c37d24,Pearl Jam,Off He Goes,,0,1,0,,not_enriched,unreviewed
5880,S6cad570794,The Police,The Other Way of Stopping,,0,1,0,,not_enriched,unreviewed
5881,S6cb21df8ac,Firefall,If You Only Knew,,0,1,0,,not_enriched,unreviewed
5882,S6cb72ff167,Todd Rundgren,Hawking,,0,1,0,,not_enriched,unreviewed
5883,S6cbc8835d1,Gary,"Any Time, Any Place",,0,1,0,,not_enriched,unreviewed
5884,S6cc671743b,Genesis,Follow You Follow Me,,0,1,0,,not_enriched,unreviewed
5885,S6cc82573a8,Todd Rundgren,Dream Goes on Forever (re‐recorded),,0,1,0,,not_enriched,unreviewed
5886,S6ccb7402ba,Squeeze,Piccadilly,,0,1,0,,not_enriched,unreviewed
5887,S6ccbcb0b97,Little River Band,Hard Life (Prelude),,0,1,0,,not_enriched,unreviewed
5888,S6ccce9bc11,Bad Company,Little Angel,,0,1,0,,not_enriched,unreviewed
5889,S6cd58905f5,Yes,Silent Talking,,0,1,0,,not_enriched,unreviewed
5890,S6cd749ab67,Elton John,Susie (Dramas),,0,1,0,,not_enriched,unreviewed
5891,S6cdaa9e46d,U2,Even Better Than the Real Thing,,0,1,0,,not_enriched,unreviewed
5892,S6ce1f4a672,Tom Petty and the Heartbreakers,Christmas All Over Again,,0,1,0,,not_enriched,unreviewed
5893,S6ced18bbb4,Phil Collins,Find a Way to My Heart,,0,1,0,,not_enriched,unreviewed
5894,S6cf306eec9,Icehouse,Girl in the Moon,,0,1,0,,not_enriched,unreviewed
5895,S6cfb8a8770,The J. Geils Band,Do You Remember When,,0,1,0,,not_enriched,unreviewed
5896,S6d091847f8,George Michael,Heal the Pain,,0,1,0,,not_enriched,unreviewed
5897,S6d10ccd0ee,Robert Plant,Calling to You,,0,1,0,,not_enriched,unreviewed
5898,S6d17d27da3,Boston,A New World,,0,1,0,,not_enriched,unreviewed
5899,S6d1dddedbf,Poco,Little Darlin',,0,1,0,,not_enriched,unreviewed
5900,S6d1e9b1c6e,Steve Miller Band,One in a Million,,0,1,0,,not_enriched,unreviewed
5901,S6d3cdc00ce,Bruce Springsteen,Crush on You,,0,1,0,,not_enriched,unreviewed
5902,S6d4a4de589,Loverboy,Lead a Double Life,,0,1,0,,not_enriched,unreviewed
5903,S6d612ff928,Neil Young,Train of Love,,0,1,0,,not_enriched,unreviewed
5904,S6d8bdd2429,John Lennon,Woman,,0,1,0,,not_enriched,unreviewed
5905,S6d8df5ea68,The Allman Brothers Band,True Gravity,,0,1,0,,not_enriched,unreviewed
5906,S6d8e5ebec0,Argent,Hold Your Head Up,,0,1,0,,not_enriched,unreviewed
5907,S6d9cd4b1e2,Johnny Mathis,We Need a Little Christmas,,0,1,0,,not_enriched,unreviewed
5908,S6daaec1ef1,Robert Palmer,Nova,,0,1,0,,not_enriched,unreviewed
5909,S6dafed2213,Little River Band,Guiding Light,,0,1,0,,not_enriched,unreviewed
5910,S6db669cbf5,Elton John,High Flying Bird,,0,1,0,,not_enriched,unreviewed
5911,S6db698dcea,Tom Petty and the Heartbreakers,Hurt,,0,1,0,,not_enriched,unreviewed
5912,S6dc8512fd1,Jethro Tull,"Too Old to Rock ’n’ Roll, Too Young to Die",,0,1,0,,not_enriched,unreviewed
5913,S6dc9ea63e4,The Kinks,Living on a Thin Line,,0,1,0,,not_enriched,unreviewed
5914,S6dd0b192ba,Tracy Chapman,Baby Can I Hold You,,0,1,0,,not_enriched,unreviewed
5915,S6ddaddeaf2,Survivor,The One That Really Matters,,0,1,0,,not_enriched,unreviewed
5916,S6de151887d,Journey,Line of Fire,,0,1,0,,not_enriched,unreviewed
5917,S6de49ca1c1,L.A. Guns,Rock Candy,,0,1,0,,not_enriched,unreviewed
5918,S6df7775744,Carpenters,Silent Night,,0,1,0,,not_enriched,unreviewed
5919,S6dfcb6e2cd,AC/DC,If You Dare,,0,1,0,,not_enriched,unreviewed
5920,S6dffb40696,"Blood, Sweat & Tears",Go Down Gamblin’,,0,1,0,,not_enriched,unreviewed
5921,S6e06643f9f,Boston,Peace of Mind,,0,1,0,,not_enriched,unreviewed
5922,S6e0d9cc5db,Billy Squier,Love Is the Hero,,0,1,0,,not_enriched,unreviewed
5923,S6e1c0755c2,James Gang,Take a Look Around,,0,1,0,,not_enriched,unreviewed
5924,S6e1cc6bf3e,Santana,(Da Le) Yaleo,,0,1,0,,not_enriched,unreviewed
5925,S6e2c450681,Slaughter,Fly to the Angels,,0,1,0,,not_enriched,unreviewed
5926,S6e3162b171,Enya,Anywhere Is,,0,1,0,,not_enriched,unreviewed
5927,S6e3d58857f,Greg Kihn Band,Talkin' to Myself,,0,1,0,,not_enriched,unreviewed
5928,S6e44324a67,The Doobie Brothers,Our Love,,0,1,0,,not_enriched,unreviewed
5929,S6e4acfdd7e,The Cars,It's All I Can Do,,0,1,0,,not_enriched,unreviewed
5930,S6e4fb6dd51,David Baerwald,Stranger,,0,1,0,,not_enriched,unreviewed
5931,S6e5ad54c00,Survivor,High on You,,0,1,0,,not_enriched,unreviewed
5932,S6e6db36e8a,Simple Minds,All the Things She Said,,0,1,0,,not_enriched,unreviewed
5933,S6e71b36739,Cheap Trick,Black ’n Blue,,0,1,0,,not_enriched,unreviewed
5934,S6e742992d3,Bread,Daughter,,0,1,0,,not_enriched,unreviewed
5935,S6e7f2d7be1,Living Colour,What’s Your Favorite Color? (Theme Song),,0,1,0,,not_enriched,unreviewed
5936,S6e82d3e39f,Queen,It’s a Hard Life,,0,1,0,,not_enriched,unreviewed
5937,S6e8ad62ef9,John Cougar Mellencamp,Cherry Bomb,,0,1,0,,not_enriched,unreviewed
5938,S6e9aecd75c,Joe Jackson,Kinda Kute,,0,1,0,,not_enriched,unreviewed
5939,S6ea9a470fa,Georgia Satellites,Railroad Steel,,0,1,0,,not_enriched,unreviewed
5940,S6eb14531af,Elton John,Bitter Fingers,,0,1,0,,not_enriched,unreviewed
5941,S6eb4d63567,Harry Chapin,Remember When the Music (reprise),,0,1,0,,not_enriched,unreviewed
5942,S6eb76e5061,Robert Plant,Memory Song (Hello Hello),,0,1,0,,not_enriched,unreviewed
5943,S6ecb796789,Sweet F.A.,Nothin' for Nothin',,0,1,0,,not_enriched,unreviewed
5944,S6ed2f30c4c,Scorpions,Restless Nights,,0,1,0,,not_enriched,unreviewed
5945,S6edb4f18db,Boston,Something About You,,0,1,0,,not_enriched,unreviewed
5946,S6ee2cd36c4,Toto,I Won’t Hold You Back,,0,1,0,,not_enriched,unreviewed
5947,S6ee3d3eb66,Greg Kihn Band,Love Never Fails,,0,1,0,,not_enriched,unreviewed
5948,S6ee8787260,The Outfield,Inside Your Skin,,0,1,0,,not_enriched,unreviewed
5949,S6eeb859ffa,Mason Ruffner,Gypsy Blood,,0,1,0,,not_enriched,unreviewed
5950,S6eeef61ba4,"10,000 Maniacs",Eden,,0,1,0,,not_enriched,unreviewed
5951,S6efcfcb4b7,Jim Capaldi,Don't Let Them Control You,,0,1,0,,not_enriched,unreviewed
5952,S6f06bed123,"Crosby, Stills, Nash & Young",This Old House,,0,1,0,,not_enriched,unreviewed
5953,S6f095f82d6,Glenn Frey,She Can't Let Go,,0,1,0,,not_enriched,unreviewed
5954,S6f0d44a1c2,Styx,Edge of the Century,,0,1,0,,not_enriched,unreviewed
5955,S6f118a3a97,The Cranberries,Daffodil Lament,,0,1,0,,not_enriched,unreviewed
5956,S6f18c96d18,Badfinger,When I Say,,0,1,0,,not_enriched,unreviewed
5957,S6f1e92263d,Edie Brickell & New Bohemians,The Wheel,,0,1,0,,not_enriched,unreviewed
5958,S6f1f69e5a2,Guns N’ Roses,Out ta Get Me,,0,1,0,,not_enriched,unreviewed
5959,S6f222464bb,Rod Stewart,Last Summer,,0,1,0,,not_enriched,unreviewed
5960,S6f25bdc8ef,The Robert Cray Band,Gotta Change the Rules,,0,1,0,,not_enriched,unreviewed
5961,S6f29dd1240,Bon Jovi,Back Door Santa,,0,1,0,,not_enriched,unreviewed
5962,S6f2ca55122,The Fixx,In Suspense,,0,1,0,,not_enriched,unreviewed
5963,S6f2d4e7c92,Slaughter,She Wants More,,0,1,0,,not_enriched,unreviewed
5964,S6f3368a521,Pete Bardens,The Stargate,,0,1,0,,not_enriched,unreviewed
5965,S6f3945b86c,Peaks,Microgravity,,0,1,0,,not_enriched,unreviewed
5966,S6f3a90fc7f,Stevie Nicks,No Spoken Word,,0,1,0,,not_enriched,unreviewed
5967,S6f5882a463,Bonnie Raitt,Come to Me,,0,1,0,,not_enriched,unreviewed
5968,S6f5a85e9ba,The Rolling Stones,Ain’t Too Proud to Beg,,0,1,0,,not_enriched,unreviewed
5969,S6f67e5d77e,Dire Straits,My Parties,,0,1,0,,not_enriched,unreviewed
5970,S6f699344c2,Alannah Myles,Rock This Joint,,0,1,0,,not_enriched,unreviewed
5971,S6f715d080d,"Hamilton, Joe Frank & Reynolds",What Kind of Love Is This,,0,1,0,,not_enriched,unreviewed
5972,S6f73fbfd01,Joe Walsh,Rosewood Bitters,,0,1,0,,not_enriched,unreviewed
5973,S6f76cfe789,Steel Breeze,Street Talkin',,0,1,0,,not_enriched,unreviewed
5974,S6f79ccf80c,Julian Lennon,O.K. for You,,0,1,0,,not_enriched,unreviewed
5975,S6f7fee6386,John Mellencamp,Another Sunny Day 12/25,,0,1,0,,not_enriched,unreviewed
5976,S6f8d0c9882,Blue Öyster Cult,The Vigil,,0,1,0,,not_enriched,unreviewed
5977,S6f93423b5a,Full Tilt Boogie Band,Cry Baby,,0,1,0,,not_enriched,unreviewed
5978,S6f948c2c42,Queen,Play the Game,,0,1,0,,not_enriched,unreviewed
5979,S6f96fc71d2,Sherbs,Cindy Is Waiting,,0,1,0,,not_enriched,unreviewed
5980,S6f9b6b25be,Mercy,Sounds of Silence,,0,1,0,,not_enriched,unreviewed
5981,S6fa2b97b17,Fleetwood Mac,Like Crying,,0,1,0,,not_enriched,unreviewed
5982,S6fab7304f2,Elton John,Grey Seal,,0,1,0,,not_enriched,unreviewed
5983,S6fad0252fc,38-Special,The Love That I've Lost (Part 2),,0,1,0,,not_enriched,unreviewed
5984,S6fb8e63773,Fleetwood Mac,Stand on the Rock,,0,1,0,,not_enriched,unreviewed
5985,S6fcc163a01,Bob Welch,Une Fille Comme Toi,,0,1,0,,not_enriched,unreviewed
5986,S6fcf7a5d35,Jim Croce,Time in a Bottle,,0,1,0,,not_enriched,unreviewed
5987,S6fd1042e1c,Planet P Project,"What Artie Knows, Part 2",,0,1,0,,not_enriched,unreviewed
5988,S6fd2b3b916,Heart,What He Don’t Know,,0,1,0,,not_enriched,unreviewed
5989,S6fe8469d9a,James Taylor,Terra Nova,,0,1,0,,not_enriched,unreviewed
5990,S6fed981640,Glenn Frey,Strange Weather,,0,1,0,,not_enriched,unreviewed
5991,S6fef15bbbc,Journey,Stone in Love,,0,1,0,,not_enriched,unreviewed
5992,S6feffbd516,Paul McCartney,How Many People,,0,1,0,,not_enriched,unreviewed
5993,S6ff04a6a58,Elton John,First Episode at Hienton,,0,1,0,,not_enriched,unreviewed
5994,S6ff97a5226,Tom Cochrane & Red Rider,The Loading,,0,1,0,,not_enriched,unreviewed
5995,S6ffffd61e4,Collective Soul,Reunion,,0,1,0,,not_enriched,unreviewed
5996,S70010d8108,Steve Miller Band,Bongo Bongo,,0,1,0,,not_enriched,unreviewed
5997,S700a559606,Rossington Collins Band,Getaway,,0,1,0,,not_enriched,unreviewed
5998,S70158b63d7,Sly & the Family Stone,I Want to Take You Higher,,0,1,0,,not_enriched,unreviewed
5999,S703f1d1217,Bandit,Best Of You,,0,1,0,,not_enriched,unreviewed
6000,S7041d2e4a5,Pat Travers,Amgwanna Kick Booty,,0,1,0,,not_enriched,unreviewed
6001,S704375b895,Split Enz,I Hope I Never,,0,1,0,,not_enriched,unreviewed
6002,S70469c1249,Shania Twain,Rock This Country!,,0,1,0,,not_enriched,unreviewed
6003,S70495321c6,Chilliwack,Never Be The Same,,0,1,0,,not_enriched,unreviewed
6004,S704bdbdebc,Head East,Ticket Back to Georgia,,0,1,0,,not_enriched,unreviewed
6005,S704ed43254,Duran Duran,Tiger Tiger,,0,1,0,,not_enriched,unreviewed
6006,S704ff72407,Firefall,Wrong Side of Town,,0,1,0,,not_enriched,unreviewed
6007,S7054cf9aa1,Neil Young,Sedan Delivery,,0,1,0,,not_enriched,unreviewed
6008,S706d67d5c5,REO Speedwagon,Blazin' Your Own Trail Again,,0,1,0,,not_enriched,unreviewed
6009,S707aec75ea,Go‐Go’s,We Don’t Get Along,,0,1,0,,not_enriched,unreviewed
6010,S70ae603e0d,"10,000 Maniacs",How You’ve Grown,,0,1,0,,not_enriched,unreviewed
6011,S70b77a8ea4,Jewel,Deep Water,,0,1,0,,not_enriched,unreviewed
6012,S70c5255a16,The Cranberries,Pretty,,0,1,0,,not_enriched,unreviewed
6013,S70d09c3605,Julian Lennon,This Is My Day,,0,1,0,,not_enriched,unreviewed
6014,S70d2bb27d5,Crosby & Nash,The Wall Song,,0,1,0,,not_enriched,unreviewed
6015,S70dc4d6751,Heart,There’s the Girl,,0,1,0,,not_enriched,unreviewed
6016,S70e3063d6a,Nirvana,Plateau,,0,1,0,,not_enriched,unreviewed
6017,S70e956eb57,Bob Dylan,Buckets of Rain,,0,1,0,,not_enriched,unreviewed
6018,S70fc1cbd6b,Don Henley,Long Way Home,,0,1,0,,not_enriched,unreviewed
6019,S7109330a4d,The Caroleers,Hark the Herald Angels Sing,,0,1,0,,not_enriched,unreviewed
6020,S710b30c056,Deep Purple,The Mule,,0,1,0,,not_enriched,unreviewed
6021,S7118e4cc0a,Led Zeppelin,Ten Years Gone,,0,1,0,,not_enriched,unreviewed
6022,S711d4b1ddd,Eddie Money,Save a Little Room in Your Heart for Me,,0,1,0,,not_enriched,unreviewed
6023,S712b19d762,Bread,Friends and Lovers,,0,1,0,,not_enriched,unreviewed
6024,S7131259d38,Crosby & Nash,Homeward Through The Haze,,0,1,0,,not_enriched,unreviewed
6025,S7136ccaa4c,Bad Company,Dirty Boy,,0,1,0,,not_enriched,unreviewed
6026,S713880bbea,Bonnie Raitt,Something to Talk About,,0,1,0,,not_enriched,unreviewed
6027,S71391be1ea,Bob Seger & the Silver Bullet Band,It's You,,0,1,0,,not_enriched,unreviewed
6028,S713ac987b8,Jesus Jones,I'm Burning,,0,1,0,,not_enriched,unreviewed
6029,S713d0978ba,Garth Brooks,In Lonesome Dove,,0,1,0,,not_enriched,unreviewed
6030,S713f750144,Eric Clapton,Whatcha Gonna Do,,0,1,0,,not_enriched,unreviewed
6031,S7149e3cef4,Icehouse,Boulevarde,,0,1,0,,not_enriched,unreviewed
6032,S715023ce59,Burton Cummings,That's Enough,,0,1,0,,not_enriched,unreviewed
6033,S7158f28639,"Crosby, Stills & Nash",In My Dreams,,0,1,0,,not_enriched,unreviewed
6034,S716528454d,Crosby & Nash,Blacknotes,,0,1,0,,not_enriched,unreviewed
6035,S7166ada4ce,Billy Ocean,Lucky Man,,0,1,0,,not_enriched,unreviewed
6036,S716dd6611c,Tom Cochrane,Brave and Crazy,,0,1,0,,not_enriched,unreviewed
6037,S71750e37a9,Mercy,Forever,,0,1,0,,not_enriched,unreviewed
6038,S7175431d65,Neil Young,Hold on to Your Love,,0,1,0,,not_enriched,unreviewed
6039,S718bead4ec,Stabilizers,Does Your Love Lie Open?,,0,1,0,,not_enriched,unreviewed
6040,S718eda00e2,Neil Young,One Thing,,0,1,0,,not_enriched,unreviewed
6041,S7196381ff8,Stephen Stills,Stranger,,0,1,0,,not_enriched,unreviewed
6042,S719e6da0a8,The Outfield,Eye to Eye,,0,1,0,,not_enriched,unreviewed
6043,S71aa9227b4,Elton John,The King Must Die,,0,1,0,,not_enriched,unreviewed
6044,S71ac5e1391,Aerosmith,Heart’s Done Time,,0,1,0,,not_enriched,unreviewed
6045,S71b2d22ad7,Steve Earle,Johnny Come Lately,,0,1,0,,not_enriched,unreviewed
6046,S71bec29490,Savage Garden,To the Moon & Back,,0,1,0,,not_enriched,unreviewed
6047,S71c3cf9743,Kenny Loggins,Only a Miracle,,0,1,0,,not_enriched,unreviewed
6048,S71c6a62f97,En Vogue,Desire,,0,1,0,,not_enriched,unreviewed
6049,S71c8e5a523,Steely Dan,The Royal Scam,,0,1,0,,not_enriched,unreviewed
6050,S71d1e3bcab,Marc Cohn,29 Ways,,0,1,0,,not_enriched,unreviewed
6051,S71db224986,Steely Dan,Rose Darling,,0,1,0,,not_enriched,unreviewed
6052,S71eafbb0d0,Alice in Chains,Rooster,,0,1,0,,not_enriched,unreviewed
6053,S71f977cf5d,Creedence Clearwater Revival,Bootleg,,0,1,0,,not_enriched,unreviewed
6054,S71fac66d07,Kenny Rogers & The First Edition,Where Does Rosie Go,,0,1,0,,not_enriched,unreviewed
6055,S71fbeec38b,The Sweet,Blockbuster,,0,1,0,,not_enriched,unreviewed
6056,S71fdb0c79b,Warren Zevon,Trouble Waiting to Happen,,0,1,0,,not_enriched,unreviewed
6057,S71fdf6204b,Smash Mouth,The Fonz,,0,1,0,,not_enriched,unreviewed
6058,S7202253da1,Lou Reed,Sick of You,,0,1,0,,not_enriched,unreviewed
6059,S720db8433a,George Michael,"I Want Your Sex, Parts 1 & 2",,0,1,0,,not_enriched,unreviewed
6060,S7220fab2e0,Sniff ’n’ the Tears,This Side of the Blue Horizon,,0,1,0,,not_enriched,unreviewed
6061,S722ac3abcf,INXS,Soul Mistake,,0,1,0,,not_enriched,unreviewed
6062,S723df6945e,Billy Joel,That's Not Her Style,,0,1,0,,not_enriched,unreviewed
6063,S723e09f704,Tool,Prison Sex,,0,1,0,,not_enriched,unreviewed
6064,S723ff4a6c7,Van Halen,Feels So Good,,0,1,0,,not_enriched,unreviewed
6065,S724c5430dc,Slade,Can't Tame a Hurricane,,0,1,0,,not_enriched,unreviewed
6066,S724fea47c7,Britny Fox,Hair of the Dog,,0,1,0,,not_enriched,unreviewed
6067,S7254d49d89,Queen,Headlong,,0,1,0,,not_enriched,unreviewed
6068,S725789d1f8,Cruzados,Young and on Fire,,0,1,0,,not_enriched,unreviewed
6069,S725e59fd3a,Ringo Starr,No No Song,,0,1,0,,not_enriched,unreviewed
6070,S72667bcd90,Bee Gees,Fanny (Be Tender With My Love),,0,1,0,,not_enriched,unreviewed
6071,S726f9fd402,Talking Heads,Crosseyed and Painless,,0,1,0,,not_enriched,unreviewed
6072,S727c6c11e4,Doors,L.A. Woman,,0,1,0,,not_enriched,unreviewed
6073,S7285ada7b3,Steely Dan,Deacon Blues,,0,1,0,,not_enriched,unreviewed
6074,S72896d7bcd,Elton John,Breaking Down Barriers,,0,1,0,,not_enriched,unreviewed
6075,S72929b3a40,Joe Walsh,Problems,,0,1,0,,not_enriched,unreviewed
6076,S7294a4bebe,Bruce Springsteen,Backstreets,,0,1,0,,not_enriched,unreviewed
6077,S729f67bfc4,Enigma,"Sadeness, Part I (Violent US mix)",,0,1,0,,not_enriched,unreviewed
6078,S72a05481cb,XTC,"That’s Really Super, Supergirl",,0,1,0,,not_enriched,unreviewed
6079,S72a218fcab,a‐ha,The Blue Sky,,0,1,0,,not_enriched,unreviewed
6080,S72a5d3e720,Linda Ronstadt,Prisoner in Disguise,,0,1,0,,not_enriched,unreviewed
6081,S72a923c49d,Paul McCartney,Ain’t No Sunshine,,0,1,0,,not_enriched,unreviewed
6082,S72b16756e2,Corey Hart,Araby (She’s Just a Girl),,0,1,0,,not_enriched,unreviewed
6083,S72b5b53319,London Philharmonic Orchestra,Comfortably Numb,,0,1,0,,not_enriched,unreviewed
6084,S72c1a7e3c1,U2,The Wanderer / [untitled],,0,1,0,,not_enriched,unreviewed
6085,S72c1abe897,Spin Doctors,Jimmy Olsen’s Blues,,0,1,0,,not_enriched,unreviewed
6086,S72c3fd0eb3,Kenny Rogers & The First Edition,Goodtime Liberator,,0,1,0,,not_enriched,unreviewed
6087,S72c6d5dca7,The Motels,Isle of You,,0,1,0,,not_enriched,unreviewed
6088,S72d9c090c4,Blue Öyster Cult,Hungry Boys,,0,1,0,,not_enriched,unreviewed
6089,S72e4bd55df,Red Rider,Light in Tunnel (instrumental),,0,1,0,,not_enriched,unreviewed
6090,S72ecb923d8,Sneaker,One by One,,0,1,0,,not_enriched,unreviewed
6091,S72edcc5ab4,The Fixx,Camphor / [Peace on Earth (Do What You Can)],,0,1,0,,not_enriched,unreviewed
6092,S72f19f23a5,Jefferson Starship,Skateboard,,0,1,0,,not_enriched,unreviewed
6093,S72f1c038af,Living Colour,Funny Vibe,,0,1,0,,not_enriched,unreviewed
6094,S72f9c90c4d,Tower of Fire,The Eleven Minute ZOMG,,0,1,0,,not_enriched,unreviewed
6095,S72fef9c672,Natalie Merchant,Beloved Wife,,0,1,0,,not_enriched,unreviewed
6096,S73012f0024,Matchbox 20,Shame,,0,1,0,,not_enriched,unreviewed
6097,S73103a5cec,America,Tin Man,,0,1,0,,not_enriched,unreviewed
6098,S731d7eb18b,Squeeze,In Quintessence,,0,1,0,,not_enriched,unreviewed
6099,S731da642b4,Led Zeppelin,In the Light,,0,1,0,,not_enriched,unreviewed
6100,S732a3b8ba8,Missing Persons,Walking in L.A.,,0,1,0,,not_enriched,unreviewed
6101,S732e1cfbe9,U2,The Refugee,,0,1,0,,not_enriched,unreviewed
6102,S73471270e1,Damn Yankees,Piledriver,,0,1,0,,not_enriched,unreviewed
6103,S7350de5424,Cinderella,Winds of Change,,0,1,0,,not_enriched,unreviewed
6104,S7353792e5a,The Notting Hillbillies,Your Own Sweet Way,,0,1,0,,not_enriched,unreviewed
6105,S73571919c5,Christine McVie,Keeping Secrets,,0,1,0,,not_enriched,unreviewed
6106,S735a11f0cc,Santana,Brightest Star,,0,1,0,,not_enriched,unreviewed
6107,S735c6c7953,James Gang,Yadig?,,0,1,0,,not_enriched,unreviewed
6108,S735f4448ad,Duran Duran,(I’m Looking for) Cracks in the Pavement,,0,1,0,,not_enriched,unreviewed
6109,S7367b0fbf2,England Dan & John Ford Coley,Everything’s Gonna Be Alright,,0,1,0,,not_enriched,unreviewed
6110,S73727aeed6,Eurythmics,Who's That Girl?,,0,1,0,,not_enriched,unreviewed
6111,S7379a301f5,Tower of Fire,The Requiem For A Unicorn,,0,1,0,,not_enriched,unreviewed
6112,S737a2df9ee,John Waite,Restless Heart,,0,1,0,,not_enriched,unreviewed
6113,S738978ef29,"Crosby, Stills, Nash & Young",Clear Blue Skies,,0,1,0,,not_enriched,unreviewed
6114,S7398f28a1e,Winger,Can’t Get Enuff,,0,1,0,,not_enriched,unreviewed
6115,S73a4341b68,Rossington Collins Band,Next Phone Call,,0,1,0,,not_enriched,unreviewed
6116,S73a6075031,John Cafferty & the Beaver Brown Band,C-I-T-Y,,0,1,0,,not_enriched,unreviewed
6117,S73b4008b82,Seals & Crofts,I'll Play for You,,0,1,0,,not_enriched,unreviewed
6118,S73bd181edc,SCANDAL,Welcome home,,0,1,0,,not_enriched,unreviewed
6119,S73c40e059f,The Alan Parsons Project,Don’t Hold Back (5.1 mix),,0,1,0,,not_enriched,unreviewed
6120,S73cf0e43b8,Manfred Mann’s Earth Band,Singing the Dolphin Through,,0,1,0,,not_enriched,unreviewed
6121,S73d0c36d06,Cliff Richard,I’m Nearly Famous,,0,1,0,,not_enriched,unreviewed
6122,S73d34c8d82,Eagles,The Best of My Love,,0,1,0,,not_enriched,unreviewed
6123,S73d46059e7,Georgia Satellites,Every Picture Tells A Story,,0,1,0,,not_enriched,unreviewed
6124,S73d8a43f33,The Cranberries,Waltzing Back,,0,1,0,,not_enriched,unreviewed
6125,S73dcd5e2f3,Men at Work,Blue for You,,0,1,0,,not_enriched,unreviewed
6126,S73e3dbe236,Stevie Nicks,Outside the Rain,,0,1,0,,not_enriched,unreviewed
6127,S73e5c68b6b,Asia,Don’t Cry,,0,1,0,,not_enriched,unreviewed
6128,S73e700bccc,Queen,Action This Day,,0,1,0,,not_enriched,unreviewed
6129,S73f411d99d,Corey Hart,Don’t Keep Your Heart,,0,1,0,,not_enriched,unreviewed
6130,S73f8ef9f4f,Lou Gramm,Time,,0,1,0,,not_enriched,unreviewed
6131,S7400b63ad3,Eddie Money,Wanna Be a Rock ’n’ Roll Star,,0,1,0,,not_enriched,unreviewed
6132,S7408949fc8,The Robert Cray Band,Acting This Way,,0,1,0,,not_enriched,unreviewed
6133,S741addcbd8,The Robert Cray Band,Smoking Gun,,0,1,0,,not_enriched,unreviewed
6134,S741c84f86c,The Youngbloods,Sunlight,,0,1,0,,not_enriched,unreviewed
6135,S741d20bcb7,The Breeders,Flipside,,0,1,0,,not_enriched,unreviewed
6136,S74207bd779,Tower of Fire,BONUS: The Power Of Chicken (2002),,0,1,0,,not_enriched,unreviewed
6137,S74276ab89f,Bob Welch,Don't Wait Too Long,,0,1,0,,not_enriched,unreviewed
6138,S7433c62c26,Rush,Limelight,,0,1,0,,not_enriched,unreviewed
6139,S7435d0f6f1,Queen,Leaving Home Ain’t Easy,,0,1,0,,not_enriched,unreviewed
6140,S7455e72fad,Warren Zevon,Bad Karma,,0,1,0,,not_enriched,unreviewed
6141,S7469895ac0,Elton John,Stinker,,0,1,0,,not_enriched,unreviewed
6142,S746c5ebcd7,Pearl Jam,All Those Yesterdays / Hummus,,0,1,0,,not_enriched,unreviewed
6143,S746e46528e,Eagles,Journey of the Sorcerer,,0,1,0,,not_enriched,unreviewed
6144,S7471eb0dd9,Cheap Trick,I’ll Be With You Tonight,,0,1,0,,not_enriched,unreviewed
6145,S747369fab5,REO Speedwagon,I Do’ Wanna Know,,0,1,0,,not_enriched,unreviewed
6146,S7478cbbbcd,Dan Fogelberg,The Last to Know,,0,1,0,,not_enriched,unreviewed
6147,S7479c6e02f,Squeeze,Someone Else’s Heart,,0,1,0,,not_enriched,unreviewed
6148,S747c9f99a7,"Emerson, Lake & Palmer",Fanfare for the Common Man,,0,1,0,,not_enriched,unreviewed
6149,S7490c48aee,Kansas,Nobody’s Home,,0,1,0,,not_enriched,unreviewed
6150,S749107bb1d,Gregg Alexander,Loving You Sets Me Free,,0,1,0,,not_enriched,unreviewed
6151,S749e400c34,Firefall,Just Remember I Love You,,0,1,0,,not_enriched,unreviewed
6152,S74a8f13464,Izzy Stradlin and the Ju Ju Hounds,Time Gone By,,0,1,0,,not_enriched,unreviewed
6153,S74b138dd9a,Donnie Iris,Shock Treatment,,0,1,0,,not_enriched,unreviewed
6154,S74bf0cbbe8,Survivor,Ever Since the World Began,,0,1,0,,not_enriched,unreviewed
6155,S74c0b80d64,Don Henley,The Last Worthless Evening,,0,1,0,,not_enriched,unreviewed
6156,S74c3c61778,Commodores,Flying High,,0,1,0,,not_enriched,unreviewed
6157,S74c975fef2,The Black Crowes,Cursed Diamond,,0,1,0,,not_enriched,unreviewed
6158,S74cf6fa275,Prince,Raspberry Beret,,0,1,0,,not_enriched,unreviewed
6159,S74e1032a17,Firefall,Only Time Will Tell,,0,1,0,,not_enriched,unreviewed
6160,S74eb0ba40c,Ringo Starr,Only You (and You Alone),,0,1,0,,not_enriched,unreviewed
6161,S74f0f42c85,Melissa Etheridge,The Late September Dogs,,0,1,0,,not_enriched,unreviewed
6162,S74f329d57d,Jimi Hendrix Experience,Foxy Lady,,0,1,0,,not_enriched,unreviewed
6163,S74f4c7c334,Cracker,Let’s Go for a Ride,,0,1,0,,not_enriched,unreviewed
6164,S7503ef7669,Carpenters,Selections from 'The Nutcracker': Overture Miniature / Dance of the Sugar Plum Fairy / Trepak / Valse Des Fleurs,,0,1,0,,not_enriched,unreviewed
6165,S7509fbd8d2,Greg Kihn Band,Seeing Is Believing,,0,1,0,,not_enriched,unreviewed
6166,S750e3f7eb4,R.E.M.,Star Me Kitten,,0,1,0,,not_enriched,unreviewed
6167,S751f3552c2,Journey,Why Can’t This Night Go On Forever,,0,1,0,,not_enriched,unreviewed
6168,S75397be345,Alice Cooper,Trick Bag,,0,1,0,,not_enriched,unreviewed
6169,S753af651b3,The Fixx,Outside,,0,1,0,,not_enriched,unreviewed
6170,S75448b4faa,Nick Gilder,21st Century,,0,1,0,,not_enriched,unreviewed
6171,S75493a3612,Billy Idol,Untouchables,,0,1,0,,not_enriched,unreviewed
6172,S7558419f9a,The Doobie Brothers,Divided Highway,,0,1,0,,not_enriched,unreviewed
6173,S755d6e397c,The Cranberries,Yeat’s Grave,,0,1,0,,not_enriched,unreviewed
6174,S756f430e0e,Toto,Afraid of Love,,0,1,0,,not_enriched,unreviewed
6175,S7576212d36,The Wallflowers,Angel on My Bike,,0,1,0,,not_enriched,unreviewed
6176,S757b0de504,The Beach Boys,"Caroline, No",,0,1,0,,not_enriched,unreviewed
6177,S7581db3104,Icehouse,Anybody's War,,0,1,0,,not_enriched,unreviewed
6178,S75864bbf5c,Triumph,Stranger in a Strange Land,,0,1,0,,not_enriched,unreviewed
6179,S7595b007d3,Tesla,Be a Man,,0,1,0,,not_enriched,unreviewed
6180,S7599cf1d8a,Paul McCartney,Average Person,,0,1,0,,not_enriched,unreviewed
6181,S759ef68535,"Crosby, Stills & Nash",Cathedral,,0,1,0,,not_enriched,unreviewed
6182,S75a9329f84,L.A. Guns,Give a Little,,0,1,0,,not_enriched,unreviewed
6183,S75be966fa3,Heart,The Wolf,,0,1,0,,not_enriched,unreviewed
6184,S75c1f5b1b5,The Moody Blues,It's Cold Outside of Your Heart,,0,1,0,,not_enriched,unreviewed
6185,S75c7fecb2f,Led Zeppelin,Nobody’s Fault but Mine,,0,1,0,,not_enriched,unreviewed
6186,S75ce6c8e45,R.E.M.,Everybody Hurts,,0,1,0,,not_enriched,unreviewed
6187,S75cf1885a7,Jude Cole,Get Me Through the Night,,0,1,0,,not_enriched,unreviewed
6188,S75d280a0f9,Bad Company,Brokenhearted,,0,1,0,,not_enriched,unreviewed
6189,S75d756638a,Brother Cane,Voice of Eujena,,0,1,0,,not_enriched,unreviewed
6190,S75e8ed1afe,Grateful Dead,When Push Comes to Shove,,0,1,0,,not_enriched,unreviewed
6191,S75eaf60195,Stone Temple Pilots,Unglued,,0,1,0,,not_enriched,unreviewed
6192,S75ec50ba84,Jewel,Daddy,,0,1,0,,not_enriched,unreviewed
6193,S75ef235fba,Jewel,Down So Long,,0,1,0,,not_enriched,unreviewed
6194,S75f8143a45,Head East,Monkey Shine,,0,1,0,,not_enriched,unreviewed
6195,S75fcd4b063,Eddie Money,Fire and Water,,0,1,0,,not_enriched,unreviewed
6196,S75fd0d15f6,Garth Brooks,She's Every Woman,,0,1,0,,not_enriched,unreviewed
6197,S75ff2b6e45,Led Zeppelin,Baby Come On Home,,0,1,0,,not_enriched,unreviewed
6198,S7600183b01,The Hooters,Hanging on a Heartbeat,,0,1,0,,not_enriched,unreviewed
6199,S76032f129f,Johnny Mathis,Every Christmas Eve / Giving (Santa’s Theme),,0,1,0,,not_enriched,unreviewed
6200,S7607cec70b,ZZ Top,Enjoy and Get It On,,0,1,0,,not_enriched,unreviewed
6201,S7616c4c025,Robbie Robertson,Somewhere Down the Crazy River,,0,1,0,,not_enriched,unreviewed
6202,S76210a8179,Bob Dylan,Neighborhood Bully,,0,1,0,,not_enriched,unreviewed
6203,S762a7c46c3,Steve Perry,Captured by the Moment,,0,1,0,,not_enriched,unreviewed
6204,S762acea5a4,Eddie Money,No Control,,0,1,0,,not_enriched,unreviewed
6205,S762b774ace,Blue Öyster Cult,Fallen Angel,,0,1,0,,not_enriched,unreviewed
6206,S762de141d8,Blondie,Rapture,,0,1,0,,not_enriched,unreviewed
6207,S763ac21f22,Cheap Trick,Fixing a Hole,,0,1,0,,not_enriched,unreviewed
6208,S763b330f8c,Helix,Good To The Last Drop,,0,1,0,,not_enriched,unreviewed
6209,S763e024660,Joe Walsh,Rockets,,0,1,0,,not_enriched,unreviewed
6210,S764100fc22,Queensrÿche,Silent Lucidity,,0,1,0,,not_enriched,unreviewed
6211,S7646ee37df,George Thorogood & the Destroyers,Ride On Josephine,,0,1,0,,not_enriched,unreviewed
6212,S764712136c,Fleetwood Mac,I Know I'm Not Wrong,,0,1,0,,not_enriched,unreviewed
6213,S76479737e3,Robert Palmer,Happiness,,0,1,0,,not_enriched,unreviewed
6214,S76479f4140,John Mellencamp,When Margaret Comes to Town,,0,1,0,,not_enriched,unreviewed
6215,S7652e8d0b3,The Police,Rehumanize Yourself,,0,1,0,,not_enriched,unreviewed
6216,S7653baa6ff,Todd Rundgren,Can’t Stop Running,,0,1,0,,not_enriched,unreviewed
6217,S7657fb7b85,Supertramp,It Doesn’t Matter,,0,1,0,,not_enriched,unreviewed
6218,S765fca662b,Foreigner,Blinded by Science,,0,1,0,,not_enriched,unreviewed
6219,S766d95dc01,Lïve,All Over You,,0,1,0,,not_enriched,unreviewed
6220,S768a6106b1,Ugly Kid Joe,Neighbor,,0,1,0,,not_enriched,unreviewed
6221,S768b2557f5,Billy Ocean,Dancefloor,,0,1,0,,not_enriched,unreviewed
6222,S769382386f,The Who,Had Enough,,0,1,0,,not_enriched,unreviewed
6223,S76a17745e9,Nils Lofgren,You’re So Easy,,0,1,0,,not_enriched,unreviewed
6224,S76b09989f7,Neil Young,Pressure,,0,1,0,,not_enriched,unreviewed
6225,S76b51d4a72,Bonnie Raitt,Luck of the Draw,,0,1,0,,not_enriched,unreviewed
6226,S76cc378040,Head East,When I Get Ready,,0,1,0,,not_enriched,unreviewed
6227,S76ccd92323,Matchbox 20,Damn,,0,1,0,,not_enriched,unreviewed
6228,S76cf83187d,Pearl Jam,Faithfull,,0,1,0,,not_enriched,unreviewed
6229,S76da76d9c8,Bruce Springsteen,With Every Wish,,0,1,0,,not_enriched,unreviewed
6230,S76db0d0e10,Journey,The Eyes of a Woman,,0,1,0,,not_enriched,unreviewed
6231,S76e201cc3e,George Harrison,Wreck of the Hesperus,,0,1,0,,not_enriched,unreviewed
6232,S76e31db0bc,REO Speedwagon,Back on the Road Again,,0,1,0,,not_enriched,unreviewed
6233,S76e548b07d,The Rolling Stones,Dance Little Sister,,0,1,0,,not_enriched,unreviewed
6234,S76e9d0f61c,Steve Earle,The Unrepentant,,0,1,0,,not_enriched,unreviewed
6235,S76ec94d0e2,Spin Doctors,Yo Mamas a Pajama,,0,1,0,,not_enriched,unreviewed
6236,S76f297bdc5,Christopher Cross,Never Be the Same,,0,1,0,,not_enriched,unreviewed
6237,S76ffced37e,The Alan Parsons Project,Lucifer (5.1 mix),,0,1,0,,not_enriched,unreviewed
6238,S77025b636d,Jeff Beck,Night After Night,,0,1,0,,not_enriched,unreviewed
6239,S7705fb5529,Keith Sykes,Makin’ It Before They Got Married,,0,1,0,,not_enriched,unreviewed
6240,S77092d2040,Atlanta Rhythm Section,Homesick,,0,1,0,,not_enriched,unreviewed
6241,S770f385aa6,"Blood, Sweat & Tears",Spinning Wheel,,0,1,0,,not_enriched,unreviewed
6242,S771312b1b7,Boston,Hitch a Ride,,0,1,0,,not_enriched,unreviewed
6243,S77217fe336,Art Garfunkel,Waters of March,,0,1,0,,not_enriched,unreviewed
6244,S77231bafcd,Paul McCartney & Wings,Another Day,,0,1,0,,not_enriched,unreviewed
6245,S773392d855,Georgia Satellites,Can't Stand The Pain,,0,1,0,,not_enriched,unreviewed
6246,S77339b43e2,The Sweet,Mother Earth,,0,1,0,,not_enriched,unreviewed
6247,S7735a857f2,Yes,South Side of the Sky,,0,1,0,,not_enriched,unreviewed
6248,S773f2bdbc9,Eric Clapton,Run So Far,,0,1,0,,not_enriched,unreviewed
6249,S77454c5751,Pat Travers,Misty Morning,,0,1,0,,not_enriched,unreviewed
6250,S77477ae5dd,Alice in Chains,Down in a Hole,,0,1,0,,not_enriched,unreviewed
6251,S775251b28f,Steely Dan,The Fez,,0,1,0,,not_enriched,unreviewed
6252,S775326d30d,Greg Kihn,Everybody Else,,0,1,0,,not_enriched,unreviewed
6253,S7759a8b762,Gregg Alexander,Electric Girlfriend,,0,1,0,,not_enriched,unreviewed
6254,S775d59d774,Electric Light Orchestra,Ticket to the Moon,,0,1,0,,not_enriched,unreviewed
6255,S776222cafb,Billy Squier,My Kinda Lover,,0,1,0,,not_enriched,unreviewed
6256,S776cdfd1d2,Aerosmith,Water Song / Janie’s Got a Gun,,0,1,0,,not_enriched,unreviewed
6257,S7771c0eb72,The Motels,Mission of Mercy,,0,1,0,,not_enriched,unreviewed
6258,S77726e7381,Jim Morrison,Black Polished Chrome / Latino Chrome,,0,1,0,,not_enriched,unreviewed
6259,S77751e6105,Eagles,Teenage Jail,,0,1,0,,not_enriched,unreviewed
6260,S777ffe683b,38-Special,Stone Cold Believer,,0,1,0,,not_enriched,unreviewed
6261,S77852442a9,Kim Mitchell,Hitting the Ground,,0,1,0,,not_enriched,unreviewed
6262,S7797cf4d3c,Paul McCartney,Through Our Love,,0,1,0,,not_enriched,unreviewed
6263,S779875dbce,The Alan Parsons Project,"The Gold Bug, Part 2",,0,1,0,,not_enriched,unreviewed
6264,S77a43b96bb,Steve Earle,South Nashville Blues,,0,1,0,,not_enriched,unreviewed
6265,S77a5419339,The Rolling Stones,Emotional Rescue,,0,1,0,,not_enriched,unreviewed
6266,S77a9ed7186,Eagles,You Never Cry Like a Lover,,0,1,0,,not_enriched,unreviewed
6267,S77b02bb9f0,Lïve,Stage,,0,1,0,,not_enriched,unreviewed
6268,S77b3401b2b,The Lovin’ Spoonful,Night Owl Blues,,0,1,0,,not_enriched,unreviewed
6269,S77ba24c4af,Elton John,Better Off Dead,,0,1,0,,not_enriched,unreviewed
6270,S77c0748dc0,Stevie Nicks,Gold Dust Woman,,0,1,0,,not_enriched,unreviewed
6271,S77d39ec2fd,Sinéad O’Connor,I Believe in You,,0,1,0,,not_enriched,unreviewed
6272,S77d5e8507a,Todd Rundgren,Unloved Children,,0,1,0,,not_enriched,unreviewed
6273,S77dbc6d522,Neil Young,I’m the Ocean,,0,1,0,,not_enriched,unreviewed
6274,S77dd174b9a,Heart,Rockin’ Heaven Down,,0,1,0,,not_enriched,unreviewed
6275,S77ddd9f103,Nilsson,I Guess the Lord Must Be in New York City,,0,1,0,,not_enriched,unreviewed
6276,S77e5ff81bd,Tommy James & the Shondells,Do Something to Me,,0,1,0,,not_enriched,unreviewed
6277,S77f7b08d25,The Hollies,The Day That Curly Billy Shot Down Crazy Sam McGee,,0,1,0,,not_enriched,unreviewed
6278,S7803742703,Huey Lewis & the News,Hip to Be Square,,0,1,0,,not_enriched,unreviewed
6279,S780ab0cb3f,Giant,No Way Out,,0,1,0,,not_enriched,unreviewed
6280,S7813994128,Duffy Bishop & The Rhythm Dogs,Digital Religion,,0,1,0,,not_enriched,unreviewed
6281,S781adc97ce,Modern English,I Melt With You,,0,1,0,,not_enriched,unreviewed
6282,S7821d40336,Walter Egan,Star in the Dust,,0,1,0,,not_enriched,unreviewed
6283,S78222cd5f6,Tom Cochrane & Red Rider,Good Man (Feeling Bad),,0,1,0,,not_enriched,unreviewed
6284,S7824b27849,Yes,We Have Heaven,,0,1,0,,not_enriched,unreviewed
6285,S78308440e5,Toto,Carmen,,0,1,0,,not_enriched,unreviewed
6286,S7848bb98dc,Warrant,Cold Sweat,,0,1,0,,not_enriched,unreviewed
6287,S784e1c3751,A Flock of Seagulls,You Can Run,,0,1,0,,not_enriched,unreviewed
6288,S785332f891,Bob Welch,Come Softly to Me,,0,1,0,,not_enriched,unreviewed
6289,S785b950234,Tom Cochrane & Red Rider,Different Drummer,,0,1,0,,not_enriched,unreviewed
6290,S786986c035,SCANDAL,Stamp!,,0,1,0,,not_enriched,unreviewed
6291,S78712f7a7e,Bad Company,Boys Cry Tough,,0,1,0,,not_enriched,unreviewed
6292,S7878c5c9aa,Asia,Time Again,,0,1,0,,not_enriched,unreviewed
6293,S787c038ee6,Loverboy,It Don’t Matter,,0,1,0,,not_enriched,unreviewed
6294,S787e6a0f84,Jefferson Starship,Song to the Sun: Ozymandias / Don’t Let It Rain,,0,1,0,,not_enriched,unreviewed
6295,S788ea0f66d,Todd Rundgren,Drive (re‐recorded),,0,1,0,,not_enriched,unreviewed
6296,S7894b30679,Queen,Save Me,,0,1,0,,not_enriched,unreviewed
6297,S789baffc65,Bonnie Raitt,Too Soon to Tell,,0,1,0,,not_enriched,unreviewed
6298,S78a509ed38,Tesla,Makin’ Magic,,0,1,0,,not_enriched,unreviewed
6299,S78ac9538fc,Talking Heads,Girlfriend Is Better,,0,1,0,,not_enriched,unreviewed
6300,S78b0470f26,Lou Reed,Last Great American Whale,,0,1,0,,not_enriched,unreviewed
6301,S78b256d34d,The Monkees,Last Train to Clarksville,,0,1,0,,not_enriched,unreviewed
6302,S78b992c92d,Rush,The Analog Kid,,0,1,0,,not_enriched,unreviewed
6303,S78bc4b0304,John Cougar Mellencamp,Minutes to Memories,,0,1,0,,not_enriched,unreviewed
6304,S78c735cd4e,Natalie Merchant,River,,0,1,0,,not_enriched,unreviewed
6305,S78cb85a6f3,Sweet F.A.,Breakin' the Law,,0,1,0,,not_enriched,unreviewed
6306,S78d13760ee,Badfinger,Suitcase,,0,1,0,,not_enriched,unreviewed
6307,S78d4ca5f17,Savage Garden,Truly Madly Deeply,,0,1,0,,not_enriched,unreviewed
6308,S78d9b56e1b,Harry Chapin,Cat’s in the Cradle,,0,1,0,,not_enriched,unreviewed
6309,S78dc8d00d1,Foreigner,A Love in Vain,,0,1,0,,not_enriched,unreviewed
6310,S78dffdcfe0,Neil Young,Rockin’ in the Free World,,0,1,0,,not_enriched,unreviewed
6311,S78e07006c5,Giuffria,Turn Me On,,0,1,0,,not_enriched,unreviewed
6312,S78e6781c27,Nick Lowe,Marie Provost,,0,1,0,,not_enriched,unreviewed
6313,S7906a4d531,Cheap Trick,When You Need Someone,,0,1,0,,not_enriched,unreviewed
6314,S790f260c59,The Rembrandts,Confidential Information,,0,1,0,,not_enriched,unreviewed
6315,S791890bc48,Peter Frampton,(Putting My) Heart on the Line,,0,1,0,,not_enriched,unreviewed
6316,S791b8a4709,Smash Mouth,Nervous in the Alley,,0,1,0,,not_enriched,unreviewed
6317,S791c460240,Seal,Violet,,0,1,0,,not_enriched,unreviewed
6318,S791c56d3a6,Styx,State Street Sadie,,0,1,0,,not_enriched,unreviewed
6319,S792186a140,Peaks,Escape Velocity,,0,1,0,,not_enriched,unreviewed
6320,S79270a0325,INXS,Here Comes,,0,1,0,,not_enriched,unreviewed
6321,S79296af662,Bad English,Lay Down,,0,1,0,,not_enriched,unreviewed
6322,S792f8ebd82,Roy Orbison,You Got It,,0,1,0,,not_enriched,unreviewed
6323,S79380535a7,Eric Clapton,(When Things Go Wrong) It Hurts Me Too,,0,1,0,,not_enriched,unreviewed
6324,S793b879fb9,Hootie & the Blowfish,Running From an Angel,,0,1,0,,not_enriched,unreviewed
6325,S795b532dfe,Michael Monroe,She’s No Angel,,0,1,0,,not_enriched,unreviewed
6326,S795d36f510,Keith Richards,Take It So Hard,,0,1,0,,not_enriched,unreviewed
6327,S795da964f5,Doors,L’America,,0,1,0,,not_enriched,unreviewed
6328,S796009edb5,Bad Company,Hold On to My Heart,,0,1,0,,not_enriched,unreviewed
6329,S79639f3962,Sammy Hagar,Your Love Is Driving Me Crazy,,0,1,0,,not_enriched,unreviewed
6330,S7969bd1cec,Neil Young,Computer Cowboy (a.k.a. Skycrusher),,0,1,0,,not_enriched,unreviewed
6331,S796a397e9d,Def Leppard,Gods of War,,0,1,0,,not_enriched,unreviewed
6332,S798aa991ff,Full Tilt Boogie Band,Ball and Chain,,0,1,0,,not_enriched,unreviewed
6333,S798eebc0b1,Sam Harris,Pretender,,0,1,0,,not_enriched,unreviewed
6334,S799336e278,Garth Brooks,Cowboy Bill,,0,1,0,,not_enriched,unreviewed
6335,S799498a1aa,Gun,Taking On the World,,0,1,0,,not_enriched,unreviewed
6336,S799b85dc91,Rick Springfield,Still Crazy for You,,0,1,0,,not_enriched,unreviewed
6337,S79a559bd64,The Del Fuegos,I Still Want You,,0,1,0,,not_enriched,unreviewed
6338,S79a56ceef7,The Notting Hillbillies,Run Me Down,,0,1,0,,not_enriched,unreviewed
6339,S79b3f2f9a1,The Rolling Stones,Key to the Highway,,0,1,0,,not_enriched,unreviewed
6340,S79b6c61c87,Jefferson Starship,Find Your Way Back,,0,1,0,,not_enriched,unreviewed
6341,S79c5cf750c,Cheap Trick,A Day in the Life,,0,1,0,,not_enriched,unreviewed
6342,S79c6e37a75,John Cougar Mellencamp,Jackie Brown,,0,1,0,,not_enriched,unreviewed
6343,S79cb955141,Tom Petty and the Heartbreakers,Finding Out,,0,1,0,,not_enriched,unreviewed
6344,S79d01c41b4,Night Ranger,Don't Tell Me You Love Me,,0,1,0,,not_enriched,unreviewed
6345,S79e42abe58,The Black Crowes,Wiser Time,,0,1,0,,not_enriched,unreviewed
6346,S79e5970bff,Jewel,Innocence Maintained,,0,1,0,,not_enriched,unreviewed
6347,S79e7f25527,The Alan Parsons Project,Stereotomy,,0,1,0,,not_enriched,unreviewed
6348,S79e92b9354,Iron Butterfly,My Mirage,,0,1,0,,not_enriched,unreviewed
6349,S79f23e1ec0,Little River Band,Orbit Zero,,0,1,0,,not_enriched,unreviewed
6350,S79f3c4c97b,The Church,You're Still Beautiful,,0,1,0,,not_enriched,unreviewed
6351,S79f6dae296,Tom Petty and the Heartbreakers,Deliver Me,,0,1,0,,not_enriched,unreviewed
6352,S79f7a7aa63,Jackson Browne,Hold On Hold Out,,0,1,0,,not_enriched,unreviewed
6353,S7a0f66df37,Genesis,It’s Gonna Get Better,,0,1,0,,not_enriched,unreviewed
6354,S7a20570c1c,Metallica,Nothing Else Matters,,0,1,0,,not_enriched,unreviewed
6355,S7a25c38834,Grand Funk Railroad,Loneliest Rider,,0,1,0,,not_enriched,unreviewed
6356,S7a2e6f6934,Paula Cole,"hush, hush, hush.",,0,1,0,,not_enriched,unreviewed
6357,S7a2ebb4bf3,Yes,Dangerous (Look in the Light of What You’re Searching For),,0,1,0,,not_enriched,unreviewed
6358,S7a2ffe0483,Steely Dan,Third World Man,,0,1,0,,not_enriched,unreviewed
6359,S7a303046ad,Blind Melon,Holyman,,0,1,0,,not_enriched,unreviewed
6360,S7a3561fbda,Cream,Tales of Brave Ulysses,,0,1,0,,not_enriched,unreviewed
6361,S7a37059fba,Marc Cohn,Strangers in a Car,,0,1,0,,not_enriched,unreviewed
6362,S7a446db867,Go‐Go’s,This Old Feeling,,0,1,0,,not_enriched,unreviewed
6363,S7a449185bc,Neil Diamond,Beautiful Noise,,0,1,0,,not_enriched,unreviewed
6364,S7a4f0458bb,George Michael,Something to Save,,0,1,0,,not_enriched,unreviewed
6365,S7a58e8930f,Jim Morrison,The Movie,,0,1,0,,not_enriched,unreviewed
6366,S7a5984431c,Bad English,Best of What I Got,,0,1,0,,not_enriched,unreviewed
6367,S7a5dc9b9ea,Steve Earle,Billy and Bonnie,,0,1,0,,not_enriched,unreviewed
6368,S7a67d2952a,Rush,Witch Hunt,,0,1,0,,not_enriched,unreviewed
6369,S7a727c0c1f,Scorpions,Don’t Believe Her,,0,1,0,,not_enriched,unreviewed
6370,S7a7c68f2bd,The Beatles,A Taste of Honey,,0,1,0,,not_enriched,unreviewed
6371,S7a7cc767dd,Jewel,Little Sister,,0,1,0,,not_enriched,unreviewed
6372,S7a873c88fd,The Alan Parsons Project,I Don’t Wanna Go Home,,0,1,0,,not_enriched,unreviewed
6373,S7a877208f2,Elton John,Sixty Years On,,0,1,0,,not_enriched,unreviewed
6374,S7a87dfda50,.38 Special,Hold On Loosely,,0,1,0,,not_enriched,unreviewed
6375,S7a88f9e17e,Tom Petty,Don’t Fade on Me,,0,1,0,,not_enriched,unreviewed
6376,S7a8fff2702,Fighter X,Comme Il Faut,,0,1,0,,not_enriched,unreviewed
6377,S7a9b28d278,Sly & the Family Stone,M'Lady,,0,1,0,,not_enriched,unreviewed
6378,S7aa150519d,Joe Walsh,You Might Need Somebody,,0,1,0,,not_enriched,unreviewed
6379,S7aa16d6451,Sting,Gabriel’s Message,,0,1,0,,not_enriched,unreviewed
6380,S7aa8b112af,Gregg Allman,Don't Mess Up a Good Thing,,0,1,0,,not_enriched,unreviewed
6381,S7aacf3fe1f,Sam Harris,I'd Do It All Again,,0,1,0,,not_enriched,unreviewed
6382,S7abd6b70b4,Neil Young,Ride My Llama,,0,1,0,,not_enriched,unreviewed
6383,S7aca05f32f,Stevie Ray Vaughan & Double Trouble,Wham,,0,1,0,,not_enriched,unreviewed
6384,S7ad0b86e8d,Sammy Hagar,There’s Only One Way to Rock,,0,1,0,,not_enriched,unreviewed
6385,S7ad4a0b6fe,AC/DC,Night Prowler,,0,1,0,,not_enriched,unreviewed
6386,S7add6aa960,Kenny G,A Year Ago,,0,1,0,,not_enriched,unreviewed
6387,S7affc19cd1,Bram Tchaikovsky,Mister President,,0,1,0,,not_enriched,unreviewed
6388,S7affc740df,Barry Manilow,Sandra,,0,1,0,,not_enriched,unreviewed
6389,S7b14862a4c,Waylon Jennings & Willie Nelson,Pick Up the Tempo,,0,1,0,,not_enriched,unreviewed
6390,S7b2d8c1d93,Cliff Richard,Such Is the Mystery,,0,1,0,,not_enriched,unreviewed
6391,S7b332d22c4,Little River Band,Man on the Run,,0,1,0,,not_enriched,unreviewed
6392,S7b34c1ac82,Robert Palmer,Love Stop,,0,1,0,,not_enriched,unreviewed
6393,S7b3a735875,Neil Young,Change Your Mind,,0,1,0,,not_enriched,unreviewed
6394,S7b46f08d9c,John Waite,Big Time for Love,,0,1,0,,not_enriched,unreviewed
6395,S7b4da1e5f0,Roxy Music,India,,0,1,0,,not_enriched,unreviewed
6396,S7b5ac09e2e,Van Stephenson,All American Boy,,0,1,0,,not_enriched,unreviewed
6397,S7b7839921f,Traveling Wilburys,New Blue Moon,,0,1,0,,not_enriched,unreviewed
6398,S7b78ca7bd9,John Fogerty,Centerfield,,0,1,0,,not_enriched,unreviewed
6399,S7b7c97ef53,Mike + the Mechanics,Too Many Friends,,0,1,0,,not_enriched,unreviewed
6400,S7b8b4c67d2,Joe Walsh,Dear John,,0,1,0,,not_enriched,unreviewed
6401,S7ba14d5d46,Annie Lennox,Downtown Lights,,0,1,0,,not_enriched,unreviewed
6402,S7ba41937b1,The Youngbloods,"Darkness, Darkness",,0,1,0,,not_enriched,unreviewed
6403,S7ba71ca169,Queen,In Only Seven Days,,0,1,0,,not_enriched,unreviewed
6404,S7ba957591c,Garth Brooks,Night Rider’s Lament,,0,1,0,,not_enriched,unreviewed
6405,S7bacba3501,Night Ranger,Panic in Jane,,0,1,0,,not_enriched,unreviewed
6406,S7bc47d3195,Chris Rea,The Closer You Get,,0,1,0,,not_enriched,unreviewed
6407,S7bceb9992f,Spin Doctors,Forty or Fifty,,0,1,0,,not_enriched,unreviewed
6408,S7bd2f068e8,Edie Brickell & New Bohemians,Nothing,,0,1,0,,not_enriched,unreviewed
6409,S7bd6699e1d,Marillion,Heart of Lothian: I. Wide Boy / II. Curtain Call,,0,1,0,,not_enriched,unreviewed
6410,S7bd85e4677,Collective Soul,Heavy,,0,1,0,,not_enriched,unreviewed
6411,S7be0115623,REO Speedwagon,Tired of Gettin’ Nowhere,,0,1,0,,not_enriched,unreviewed
6412,S7bf38ac887,Roxy Music,Over You,,0,1,0,,not_enriched,unreviewed
6413,S7bf790146a,Player,Movin’ Up,,0,1,0,,not_enriched,unreviewed
6414,S7bf90d1ca3,38 Special,Last Time,,0,1,0,,not_enriched,unreviewed
6415,S7c0556014a,The Robert Cray Band,Right Next Door (Because of Me),,0,1,0,,not_enriched,unreviewed
6416,S7c08e69d0e,Elton John,Legal Boys,,0,1,0,,not_enriched,unreviewed
6417,S7c0beecbb7,Bachman–Turner Overdrive,Thank You For The Feelin',,0,1,0,,not_enriched,unreviewed
6418,S7c18cecdfe,Steve Winwood,Second‐Hand Woman,,0,1,0,,not_enriched,unreviewed
6419,S7c1e567c2b,The Breeders,I Just Wanna Get Along,,0,1,0,,not_enriched,unreviewed
6420,S7c20ec952d,Neil Young,Like an Inca,,0,1,0,,not_enriched,unreviewed
6421,S7c21e2adbb,Poison,Life Loves a Tragedy,,0,1,0,,not_enriched,unreviewed
6422,S7c23f398b5,Tommy Tutone,Only One,,0,1,0,,not_enriched,unreviewed
6423,S7c2db769a7,Enya,The Memory of Trees,,0,1,0,,not_enriched,unreviewed
6424,S7c315a503c,Manfred Mann’s Earth Band,Starbird,,0,1,0,,not_enriched,unreviewed
6425,S7c4050ee91,Warren Zevon,Werewolves of London,,0,1,0,,not_enriched,unreviewed
6426,S7c52e1ae02,Nick Gilder,Got to Get Out,,0,1,0,,not_enriched,unreviewed
6427,S7c5576c696,Bandit,Memories Of You,,0,1,0,,not_enriched,unreviewed
6428,S7c65b64b22,"Crosby, Stills & Nash",Since I Met You,,0,1,0,,not_enriched,unreviewed
6429,S7c6ce1650f,RTZ,Face the Music,,0,1,0,,not_enriched,unreviewed
6430,S7c79b9bb8f,Survivor,Hesitation Dance,,0,1,0,,not_enriched,unreviewed
6431,S7c7b045cdc,Greg Kihn Band,Family,,0,1,0,,not_enriched,unreviewed
6432,S7c7d31f2b7,Blue Öyster Cult,After Dark,,0,1,0,,not_enriched,unreviewed
6433,S7c8255a190,Tesla,Before My Eyes,,0,1,0,,not_enriched,unreviewed
6434,S7c88ef9d0a,Blues Traveler,"The Good, the Bad, and the Ugly",,0,1,0,,not_enriched,unreviewed
6435,S7c8ea9d86e,Electric Light Orchestra,Fire on High,,0,1,0,,not_enriched,unreviewed
6436,S7c93767ed5,The Cars,Let's Go,,0,1,0,,not_enriched,unreviewed
6437,S7c97741cd4,Jim Morrison,Ghost Song,,0,1,0,,not_enriched,unreviewed
6438,S7c9790c61c,Steve Miller Band,Evil,,0,1,0,,not_enriched,unreviewed
6439,S7c99d0c31a,Shoes,Now and Then,,0,1,0,,not_enriched,unreviewed
6440,S7caa5eb7c0,Nilsson,Nobody Cares About the Railroad Anymore,,0,1,0,,not_enriched,unreviewed
6441,S7cba29f3c8,George Thorogood & the Destroyers,I’m Ready,,0,1,0,,not_enriched,unreviewed
6442,S7cbc5cf0a3,Billy Joel,Surprises,,0,1,0,,not_enriched,unreviewed
6443,S7cbd4a7ba6,The Alan Parsons Project,You Won’t Be There,,0,1,0,,not_enriched,unreviewed
6444,S7cbdece748,"Crosby, Stills, Nash & Young",Shadowland,,0,1,0,,not_enriched,unreviewed
6445,S7cbff3df56,Joan Jett & the Blackhearts,Victim of Circumstance,,0,1,0,,not_enriched,unreviewed
6446,S7cca1aa264,The Beach Boys,We Three Kings of Orient Are,,0,1,0,,not_enriched,unreviewed
6447,S7cde1472b3,Hooters,Graveyard Waltz,,0,1,0,,not_enriched,unreviewed
6448,S7cde9754d0,Mike & The Mechanics,Hanging by a Thread,,0,1,0,,not_enriched,unreviewed
6449,S7ce579a34a,Cracker,Movie Star,,0,1,0,,not_enriched,unreviewed
6450,S7cebd26b46,James Taylor,If I Keep My Heart Out of Sight,,0,1,0,,not_enriched,unreviewed
6451,S7cf47d759c,Duran Duran,Shelter,,0,1,0,,not_enriched,unreviewed
6452,S7d01e38a5e,Genesis,Taking It All Too Hard,,0,1,0,,not_enriched,unreviewed
6453,S7d0246b2aa,The Rolling Stones,Can You Hear the Music,,0,1,0,,not_enriched,unreviewed
6454,S7d0e156122,The Rolling Stones,One Hit (to the Body),,0,1,0,,not_enriched,unreviewed
6455,S7d0e75cac6,Jesus Jones,Trust Me,,0,1,0,,not_enriched,unreviewed
6456,S7d2652b47e,The Pretenders,Stop Your Sobbing,,0,1,0,,not_enriched,unreviewed
6457,S7d2d98b212,Rita Coolidge,I Feel the Burden,,0,1,0,,not_enriched,unreviewed
6458,S7d3de1d757,Ted Nugent,Together,,0,1,0,,not_enriched,unreviewed
6459,S7d452c8986,Don Henley,Man With a Mission,,0,1,0,,not_enriched,unreviewed
6460,S7d453be959,Rita Coolidge,Who's to Bless and Who's to Blame,,0,1,0,,not_enriched,unreviewed
6461,S7d4b13b957,Carpenters,Make Believe It's Your First Time,,0,1,0,,not_enriched,unreviewed
6462,S7d50090b3d,Elvis Presley,Peace in the Valley,,0,1,0,,not_enriched,unreviewed
6463,S7d5c81136e,Bonnie Raitt,One Part Be My Lover,,0,1,0,,not_enriched,unreviewed
6464,S7d703c6119,"Crosby, Stills, Nash & Young",No Tears Left,,0,1,0,,not_enriched,unreviewed
6465,S7d70a46a3f,Badfinger,Walk Out in the Rain,,0,1,0,,not_enriched,unreviewed
6466,S7d74f53958,Bob Seger & the Silver Bullet Band,Makin’ Thunderbirds,,0,1,0,,not_enriched,unreviewed
6467,S7d784f7cfb,Triumph,Lay It on the Line,,0,1,0,,not_enriched,unreviewed
6468,S7d7b4d0447,Neil Young,Over and Over,,0,1,0,,not_enriched,unreviewed
6469,S7d8361485f,Fleetwood Mac,Angel,,0,1,0,,not_enriched,unreviewed
6470,S7d94f57cb6,Boston,Foreplay / Long Time,,0,1,0,,not_enriched,unreviewed
6471,S7d97f29244,Nine Inch Nails,Mr Self Destruct,,0,1,0,,not_enriched,unreviewed
6472,S7d9ac76e19,Mercy,The Mornings Come,,0,1,0,,not_enriched,unreviewed
6473,S7dac2061a9,The Charlie Daniels Band,Long Haired Country Boy,,0,1,0,,not_enriched,unreviewed
6474,S7dad6d0d55,Warren Zevon,Sentimental Hygiene,,0,1,0,,not_enriched,unreviewed
6475,S7daed3b090,Heart,All Eyes,,0,1,0,,not_enriched,unreviewed
6476,S7dbf5d926e,Arc Angel,Just Another Romance,,0,1,0,,not_enriched,unreviewed
6477,S7dc5599092,Triumph,Just One Night,,0,1,0,,not_enriched,unreviewed
6478,S7dcc63d514,Neil Young,F*!#in’ Up,,0,1,0,,not_enriched,unreviewed
6479,S7dd16eec6c,Cracker,Get Off This,,0,1,0,,not_enriched,unreviewed
6480,S7dd81bbf34,Billy Joel,Scandinavian Skies,,0,1,0,,not_enriched,unreviewed
6481,S7ddf61ac71,Jimmy Page,Hummingbird,,0,1,0,,not_enriched,unreviewed
6482,S7de2a4851d,Fastball,Damaged Goods,,0,1,0,,not_enriched,unreviewed
6483,S7df28398e3,Lou Reed,Warrior King (Revenge),,0,1,0,,not_enriched,unreviewed
6484,S7df6185612,Richard Marx,Have Mercy,,0,1,0,,not_enriched,unreviewed
6485,S7df8e414e1,Player,Melanie,,0,1,0,,not_enriched,unreviewed
6486,S7df912a696,Tower of Fire,The Power of Chicken,,0,1,0,,not_enriched,unreviewed
6487,S7e04e2da48,John Cafferty & the Beaver Brown Band,Down on My Knees,,0,1,0,,not_enriched,unreviewed
6488,S7e09e9d5a9,Lisa Loeb,Hurricane,,0,1,0,,not_enriched,unreviewed
6489,S7e0ce18bf1,Joe Jackson,Steppin' Out,,0,1,0,,not_enriched,unreviewed
6490,S7e141f0880,Marcy Playground,The Shadow of Seattle,,0,1,0,,not_enriched,unreviewed
6491,S7e14401a8e,REO Speedwagon,Sing to Me,,0,1,0,,not_enriched,unreviewed
6492,S7e16de3239,Nirvana,Lithium,,0,1,0,,not_enriched,unreviewed
6493,S7e175953f8,Harry Chapin,The Rock,,0,1,0,,not_enriched,unreviewed
6494,S7e17d0fc89,Loverboy,Hot Girls in Love,,0,1,0,,not_enriched,unreviewed
6495,S7e282f98b0,Tom Cochrane & Red Rider,Not So Far Away,,0,1,0,,not_enriched,unreviewed
6496,S7e3364e40d,Paul Simon,Mother and Child Reunion,,0,1,0,,not_enriched,unreviewed
6497,S7e35065cae,Marcy Playground,Sherry Fraser,,0,1,0,,not_enriched,unreviewed
6498,S7e363f6b74,Mariah Carey,All in Your Mind,,0,1,0,,not_enriched,unreviewed
6499,S7e36630bd6,Gilbert O’Sullivan,We Will,,0,1,0,,not_enriched,unreviewed
6500,S7e4fc18acc,k.d. lang,The Mind of Love,,0,1,0,,not_enriched,unreviewed
6501,S7e566922d8,Sammy Hagar,Boy’s Night Out,,0,1,0,,not_enriched,unreviewed
6502,S7e5cf15cbc,Queen,Sweet Lady,,0,1,0,,not_enriched,unreviewed
6503,S7e5d222198,Tower of Fire,Dragons Fly Around Castles In Europe (Europe is Where All The Dragons Fly),,0,1,0,,not_enriched,unreviewed
6504,S7e602ce617,Billy Joel,When in Rome,,0,1,0,,not_enriched,unreviewed
6505,S7e71844678,Cliff Richard,I Can’t Ask for Anything More Than You,,0,1,0,,not_enriched,unreviewed
6506,S7e78656119,Chicago,You Get It Up,,0,1,0,,not_enriched,unreviewed
6507,S7e78bcdea0,Big Brother & the Holding Company,"Bye, Bye Baby",,0,1,0,,not_enriched,unreviewed
6508,S7e7b0cd199,Daryl Hall + John Oates,Open All Night,,0,1,0,,not_enriched,unreviewed
6509,S7e826e3c1b,"Crosby, Stills, Nash & Young",Stand and Be Counted,,0,1,0,,not_enriched,unreviewed
6510,S7e86804f21,Fleetwood Mac,Freedom,,0,1,0,,not_enriched,unreviewed
6511,S7e89fb8ac7,Glenn Frey,Delicious,,0,1,0,,not_enriched,unreviewed
6512,S7e8ad7473d,Bob Seger & the Silver Bullet Band,Travelin’ Man,,0,1,0,,not_enriched,unreviewed
6513,S7e8c2756ad,U2,Until the End of the World,,0,1,0,,not_enriched,unreviewed
6514,S7e8d8ff787,Rod Stewart,Standin’ in the Shadows of Love,,0,1,0,,not_enriched,unreviewed
6515,S7e8d954b9e,Lindsey Buckingham,Mary Lee Jones,,0,1,0,,not_enriched,unreviewed
6516,S7e8e773086,Mountain,King's Chorale,,0,1,0,,not_enriched,unreviewed
6517,S7e8e820a83,Bryan Adams,Home Again,,0,1,0,,not_enriched,unreviewed
6518,S7ea5f16b77,REO Speedwagon,The Heart Survives,,0,1,0,,not_enriched,unreviewed
6519,S7eaecf46e6,Slade,Ready to Explode,,0,1,0,,not_enriched,unreviewed
6520,S7eafbcc260,Spin Doctors,How Could You Want Him (When You Know You Could Have Me?),,0,1,0,,not_enriched,unreviewed
6521,S7ec59df347,Peter Frampton,I’m in You,,0,1,0,,not_enriched,unreviewed
6522,S7ec639d952,John Cafferty & the Beaver Brown Band,Hang Up My Rock and Roll Shoes,,0,1,0,,not_enriched,unreviewed
6523,S7ec7ca9205,Elton John,Sweet Painted Lady,,0,1,0,,not_enriched,unreviewed
6524,S7ecbc0f5d2,Tracy Chapman,I'm Ready,,0,1,0,,not_enriched,unreviewed
6525,S7ed416e371,Roger McGuinn,The Time Has Come,,0,1,0,,not_enriched,unreviewed
6526,S7ee01e0413,Seals & Crofts,Dust on My Saddle (Mud on My Boots),,0,1,0,,not_enriched,unreviewed
6527,S7ee34eb0c5,Elton John,Just Like Belgium,,0,1,0,,not_enriched,unreviewed
6528,S7ee72bc6a4,Tom Petty and the Heartbreakers,Don’t Bring Me Down,,0,1,0,,not_enriched,unreviewed
6529,S7eeb5c3a2b,Pat Benatar,I'll Do It,,0,1,0,,not_enriched,unreviewed
6530,S7eeb9a035f,Andy Gibb,I Just Want to Be Your Everything,,0,1,0,,not_enriched,unreviewed
6531,S7ef7a45343,Rick Springfield,What Kind of Fool Am I,,0,1,0,,not_enriched,unreviewed
6532,S7efc781db3,Scorpions,Twentieth Century Man,,0,1,0,,not_enriched,unreviewed
6533,S7f0cb3bfcc,Annie Lennox,Something So Right,,0,1,0,,not_enriched,unreviewed
6534,S7f0ebf027a,Bad Company,Rock Steady,,0,1,0,,not_enriched,unreviewed
6535,S7f189b0f48,America,Only in Your Heart,,0,1,0,,not_enriched,unreviewed
6536,S7f1c7a6d22,Tesla,Did It for the Money,,0,1,0,,not_enriched,unreviewed
6537,S7f1cf516a3,Enigma,Mea Culpa,,0,1,0,,not_enriched,unreviewed
6538,S7f216ffd01,The Hollies,Down on the Run,,0,1,0,,not_enriched,unreviewed
6539,S7f3bd90d1a,The Pointer Sisters,Santa Claus Is Coming to Town,,0,1,0,,not_enriched,unreviewed
6540,S7f3cb28fc1,Meredith Brooks,Shatter,,0,1,0,,not_enriched,unreviewed
6541,S7f40bd5239,Joe Walsh,Where I Grew Up (prelude to School Days),,0,1,0,,not_enriched,unreviewed
6542,S7f42667de0,Sweet F.A.,I Love Women,,0,1,0,,not_enriched,unreviewed
6543,S7f53c3eab2,Kenny Rogers & The First Edition,Always Leaving Always Gone,,0,1,0,,not_enriched,unreviewed
6544,S7f56c722b0,Don Henley,A Month of Sundays,,0,1,0,,not_enriched,unreviewed
6545,S7f572f1bc2,Bandit,Stick Around,,0,1,0,,not_enriched,unreviewed
6546,S7f5ba2aaed,Robert Plant,Moonlight in Samosa,,0,1,0,,not_enriched,unreviewed
6547,S7f5c5ffdb4,Queen,Radio Ga Ga,,0,1,0,,not_enriched,unreviewed
6548,S7f5da11289,Queen,Need Your Loving Tonight,,0,1,0,,not_enriched,unreviewed
6549,S7f63b72c19,Whitesnake,Guilty of Love,,0,1,0,,not_enriched,unreviewed
6550,S7f64f8d73c,The Beach Boys,Palisades Park,,0,1,0,,not_enriched,unreviewed
6551,S7f6e71d1b1,Head East,Man I Wanna Be,,0,1,0,,not_enriched,unreviewed
6552,S7f72965d21,The Partridge Family,Frosty the Snowman,,0,1,0,,not_enriched,unreviewed
6553,S7f752b9154,Roy Orbison,A Love So Beautiful,,0,1,0,,not_enriched,unreviewed
6554,S7f8844758b,A Flock of Seagulls,Telecommunication,,0,1,0,,not_enriched,unreviewed
6555,S7f8b97c4d3,Gary Wright,Comin' Apart,,0,1,0,,not_enriched,unreviewed
6556,S7f8b9e53bc,Joe Jackson,Geraldine and John,,0,1,0,,not_enriched,unreviewed
6557,S7facd09159,Julian Lennon,Too Late for Goodbyes,,0,1,0,,not_enriched,unreviewed
6558,S7fae4f34b2,The B‐52’s,Devil in My Car,,0,1,0,,not_enriched,unreviewed
6559,S7fb1b01ba9,Pretenders,Room Full of Mirrors,,0,1,0,,not_enriched,unreviewed
6560,S7fb21456bf,Elvis Presley,Santa Claus Is Back in Town,,0,1,0,,not_enriched,unreviewed
6561,S7fb7bcdbb7,Firefall,Sad Ol' Love Song,,0,1,0,,not_enriched,unreviewed
6562,S7fbbbdb68d,Jimmy Page,Emerald Eyes,,0,1,0,,not_enriched,unreviewed
6563,S7fbedc586b,John Waite,Saturday Night,,0,1,0,,not_enriched,unreviewed
6564,S7fd197c204,Nine Inch Nails,Ruiner,,0,1,0,,not_enriched,unreviewed
6565,S7fd39b9768,Sweet F.A.,Whiskey River,,0,1,0,,not_enriched,unreviewed
6566,S7fd7096588,John Fogerty,Big Train (From Memphis),,0,1,0,,not_enriched,unreviewed
6567,S7fdca1e3d9,Heart,Even It Up,,0,1,0,,not_enriched,unreviewed
6568,S7fdf33778e,"Blood, Sweat & Tears",God Bless the Child,,0,1,0,,not_enriched,unreviewed
6569,S7ff53fd007,Blue Öyster Cult,The Revenge of Vera Gemini,,0,1,0,,not_enriched,unreviewed
6570,S7ff6a28f80,Night Ranger,(You Can Still) Rock in America,,0,1,0,,not_enriched,unreviewed
6571,S7ffa4236dc,Player,Cancellation,,0,1,0,,not_enriched,unreviewed
6572,S7ffbe464d7,Rossington Collins Band,Opportunity,,0,1,0,,not_enriched,unreviewed
6573,S7ffdac50b3,Pat Benatar,The Victim,,0,1,0,,not_enriched,unreviewed
6574,S800ddcce8b,Icehouse,Shot Down,,0,1,0,,not_enriched,unreviewed
6575,S8012ec71e9,Phil Collins,Another Day in Paradise,,0,1,0,,not_enriched,unreviewed
6576,S801677e611,Pearl Jam,Satan's Bed,,0,1,0,,not_enriched,unreviewed
6577,S8018669f92,Porno for Pyros,Sadness,,0,1,0,,not_enriched,unreviewed
6578,S8024092466,Tom Cochrane & Red Rider,Calling America,,0,1,0,,not_enriched,unreviewed
6579,S802dafdf23,Planet P Project,Pink World,,0,1,0,,not_enriched,unreviewed
6580,S8030b531ac,Jethro Tull,Slipstream,,0,1,0,,not_enriched,unreviewed
6581,S803f2a0507,Tool,Swamp Song,,0,1,0,,not_enriched,unreviewed
6582,S80572571f8,R.E.M.,Finest Worksong (Mutual Drum Horn mix),,0,1,0,,not_enriched,unreviewed
6583,S80620a6ead,Eurythmics,Miracle of Love,,0,1,0,,not_enriched,unreviewed
6584,S806504b3e0,The Charlie Daniels Band,The Devil Went Down to Georgia,,0,1,0,,not_enriched,unreviewed
6585,S8066530221,Honeymoon Suite,Wave Babies,,0,1,0,,not_enriched,unreviewed
6586,S806b13b7f9,The Doobie Brothers,Dangerous,,0,1,0,,not_enriched,unreviewed
6587,S806b358e44,Blues Traveler,Fallible,,0,1,0,,not_enriched,unreviewed
6588,S807ac5f2e5,Tommy James & the Shondells,One Two Three and I Fell,,0,1,0,,not_enriched,unreviewed
6589,S808565b4d3,The Lovin’ Spoonful,Blues in the Bottle,,0,1,0,,not_enriched,unreviewed
6590,S80894085e5,Atlanta Rhythm Section,Pretty Girl,,0,1,0,,not_enriched,unreviewed
6591,S808e93f4ba,Lindsey Buckingham,Shadow of the West,,0,1,0,,not_enriched,unreviewed
6592,S809049165c,Mr. Mister,Don’t Slow Down,,0,1,0,,not_enriched,unreviewed
6593,S8095b28d82,The Moody Blues,Meet Me Halfway,,0,1,0,,not_enriched,unreviewed
6594,S80a81c7c38,38 Special,Undercover Lover,,0,1,0,,not_enriched,unreviewed
6595,S80b83d636b,Phil Collins,Doesn’t Anybody Stay Together Anymore,,0,1,0,,not_enriched,unreviewed
6596,S80c7c71bec,Tubes,A Matter of Pride,,0,1,0,,not_enriched,unreviewed
6597,S80cda52f45,Cheap Trick,Had to Make You Mine,,0,1,0,,not_enriched,unreviewed
6598,S80ce3c0b9d,Sam Harris,Don't Look in My Eyes,,0,1,0,,not_enriched,unreviewed
6599,S80d071e39e,Enigma,"Mea Culpa, Part II",,0,1,0,,not_enriched,unreviewed
6600,S80d5a052a9,Steely Dan,Hey Nineteen,,0,1,0,,not_enriched,unreviewed
6601,S80d7fd29b9,John Cafferty & the Beaver Brown Band,Tender Years,,0,1,0,,not_enriched,unreviewed
6602,S80db1aa4a7,Donnie Iris,I Can’t Hear You,,0,1,0,,not_enriched,unreviewed
6603,S80de199980,Andy Williams,Joy to the World,,0,1,0,,not_enriched,unreviewed
6604,S80ee03e4c6,Mariah Carey,I Don’t Wanna Cry,,0,1,0,,not_enriched,unreviewed
6605,S80f182877e,The Beach Boys,Never Learn Not to Love,,0,1,0,,not_enriched,unreviewed
6606,S8100ab3576,The Knack,Let Me Out,,0,1,0,,not_enriched,unreviewed
6607,S81037f45f7,Elton John,Madness,,0,1,0,,not_enriched,unreviewed
6608,S810fb4eec5,The Who,Daily Records,,0,1,0,,not_enriched,unreviewed
6609,S811ae9794d,Pearl Jam,"Pry, To",,0,1,0,,not_enriched,unreviewed
6610,S8122db50cb,ZZ Top,Chevrolet,,0,1,0,,not_enriched,unreviewed
6611,S812c6a3058,Triumph,American Girls,,0,1,0,,not_enriched,unreviewed
6612,S812f651aad,Eddie Money,We Should Be Sleeping,,0,1,0,,not_enriched,unreviewed
6613,S8133d75101,Bread,The Last Time,,0,1,0,,not_enriched,unreviewed
6614,S8137b742a7,Eric Clapton,I’ll Make Love to You Anytime,,0,1,0,,not_enriched,unreviewed
6615,S813c08c61c,Go‐Go’s,This Town,,0,1,0,,not_enriched,unreviewed
6616,S813c149ff7,Rick Springfield,Inside Silvia,,0,1,0,,not_enriched,unreviewed
6617,S813c6ff803,Chris Isaak,Round 'n' Round,,0,1,0,,not_enriched,unreviewed
6618,S813e8097c0,Mercy,Come Softly to Me,,0,1,0,,not_enriched,unreviewed
6619,S81449c7358,Pat Travers,The Fifth,,0,1,0,,not_enriched,unreviewed
6620,S8145ba9e03,Genesis,Just a Job to Do,,0,1,0,,not_enriched,unreviewed
6621,S814671dfff,Greg Kihn Band,Curious,,0,1,0,,not_enriched,unreviewed
6622,S8152d8f7dd,Mercy,Love Can Make You Happy,,0,1,0,,not_enriched,unreviewed
6623,S8157f88260,Eddie Money,Nobody Knows,,0,1,0,,not_enriched,unreviewed
6624,S8163f0db0f,Dire Straits,You and Your Friend,,0,1,0,,not_enriched,unreviewed
6625,S8166e42af2,The Church,Grind,,0,1,0,,not_enriched,unreviewed
6626,S816cd7a725,The Monkees,She,,0,1,0,,not_enriched,unreviewed
6627,S8176e84c9a,Molly Hatchet,Whiskey Man,,0,1,0,,not_enriched,unreviewed
6628,S8179b5d9a5,Van Halen,Top Jimmy,,0,1,0,,not_enriched,unreviewed
6629,S817a6cc8ba,Santana,Primera invasion,,0,1,0,,not_enriched,unreviewed
6630,S8180508cc2,Poison,Unskinny Bop,,0,1,0,,not_enriched,unreviewed
6631,S818e554d90,The Beach Boys,Had to Phone Ya,,0,1,0,,not_enriched,unreviewed
6632,S8190471346,Stone Temple Pilots,Meat Plow,,0,1,0,,not_enriched,unreviewed
6633,S81adc44b1b,The Church,Fading Away,,0,1,0,,not_enriched,unreviewed
6634,S81b2adc92f,Dire Straits,Expresso Love,,0,1,0,,not_enriched,unreviewed
6635,S81c56219ff,Icehouse,Mysterious Thing,,0,1,0,,not_enriched,unreviewed
6636,S81c91ff19b,Prince,Condition of the Heart,,0,1,0,,not_enriched,unreviewed
6637,S81d713ffac,Alice in Chains,Rain When I Die,,0,1,0,,not_enriched,unreviewed
6638,S81e0197b5b,Jefferson Starship,Sandalphon,,0,1,0,,not_enriched,unreviewed
6639,S81e0a89aec,Cream,Spoonful,,0,1,0,,not_enriched,unreviewed
6640,S81e5ac7bfc,Jefferson Starship,Alien,,0,1,0,,not_enriched,unreviewed
6641,S81ec66c5eb,Guns N’ Roses,Rocket Queen,,0,1,0,,not_enriched,unreviewed
6642,S81f255f336,Chicago,If You Leave Me Now,,0,1,0,,not_enriched,unreviewed
6643,S81f410ef72,Jewel,Morning Song,,0,1,0,,not_enriched,unreviewed
6644,S81fec30737,The Doobie Brothers,Showdown,,0,1,0,,not_enriched,unreviewed
6645,S81ffc7f6d3,Elton John,Goodbye,,0,1,0,,not_enriched,unreviewed
6646,S820efe7a79,Andy Gibb,Too Many Looks in Your Eyes,,0,1,0,,not_enriched,unreviewed
6647,S82117e4620,Bob Seger & the Silver Bullet Band,Till It Shines,,0,1,0,,not_enriched,unreviewed
6648,S82122a4c49,Michael Stanley Band,Spanish Nights,,0,1,0,,not_enriched,unreviewed
6649,S821df11f6e,Gilbert O’Sullivan,Permissive Twit,,0,1,0,,not_enriched,unreviewed
6650,S8224629c43,Vernell Brown Jr.,Rise of the Gods,,0,1,0,,not_enriched,unreviewed
6651,S8228a8f007,Journey,I’m Cryin’,,0,1,0,,not_enriched,unreviewed
6652,S822f49043f,Freedom And Whiskey,Kettlebottom Blues,,0,1,0,,not_enriched,unreviewed
6653,S82403da1e3,Julian Lennon,Space,,0,1,0,,not_enriched,unreviewed
6654,S824588218c,Michael Stanley Band,Hang Tough,,0,1,0,,not_enriched,unreviewed
6655,S8246eec1db,Eagles,Get Over It,,0,1,0,,not_enriched,unreviewed
6656,S8259c022d5,Loverboy,Steal the Thunder,,0,1,0,,not_enriched,unreviewed
6657,S8260605d66,Britny Fox,In Motion,,0,1,0,,not_enriched,unreviewed
6658,S826303a6f1,Billy Squier,Lonely Is the Night,,0,1,0,,not_enriched,unreviewed
6659,S8263d3e52d,The Alan Parsons Project,"The Turn of a Friendly Card, Part 1",,0,1,0,,not_enriched,unreviewed
6660,S8264890270,Aldo Nova,It's Too Late,,0,1,0,,not_enriched,unreviewed
6661,S82716f3e8b,Electric Light Orchestra,Ocean Breakup (instrumental),,0,1,0,,not_enriched,unreviewed
6662,S82784d2f6d,David & David,Ain’t So Easy,,0,1,0,,not_enriched,unreviewed
6663,S82841c4136,Scandal,Say What You Will,,0,1,0,,not_enriched,unreviewed
6664,S82847397fc,Warren Zevon,Poor Poor Pitiful Me,,0,1,0,,not_enriched,unreviewed
6665,S82a493059d,Eagles,Visions,,0,1,0,,not_enriched,unreviewed
6666,S82b32aad43,Debbie Gibson,Sleigh Ride,,0,1,0,,not_enriched,unreviewed
6667,S82b622781b,Gregg Alexander,Intoxifornication,,0,1,0,,not_enriched,unreviewed
6668,S82b9e458c4,Johnny Mathis,It’s Beginning to Look Like Christmas,,0,1,0,,not_enriched,unreviewed
6669,S82baa93d54,4 Non Blondes,Superfly,,0,1,0,,not_enriched,unreviewed
6670,S82be2121c8,George Thorogood & the Destroyers,New Boogie Chillun,,0,1,0,,not_enriched,unreviewed
6671,S82c4d74b42,Traveling Wilburys,Wilbury Twist,,0,1,0,,not_enriched,unreviewed
6672,S82cb55a450,Tom Cochrane & Red Rider,Ocean Blue (Emotion Blue),,0,1,0,,not_enriched,unreviewed
6673,S82da4e7dca,Mad Season,Wake Up,,0,1,0,,not_enriched,unreviewed
6674,S83022293d6,Counting Crows,Raining in Baltimore,,0,1,0,,not_enriched,unreviewed
6675,S8302847419,Burton Cummings,Sugartime Flashback Joys,,0,1,0,,not_enriched,unreviewed
6676,S8309055ef7,Rush,Manhattan Project,,0,1,0,,not_enriched,unreviewed
6677,S8310c88b28,Dan Fogelberg,Ghosts,,0,1,0,,not_enriched,unreviewed
6678,S8311949cd2,John Mellencamp,Wild Night,,0,1,0,,not_enriched,unreviewed
6679,S83160a41a2,Corey Hart,Boy in the Box (Green mix),,0,1,0,,not_enriched,unreviewed
6680,S83290f4d1b,John Cougar,Hand to Hold on To,,0,1,0,,not_enriched,unreviewed
6681,S832ef76b74,Garth Brooks,That Ol' Wind,,0,1,0,,not_enriched,unreviewed
6682,S8331bff577,Steve Miller Band,Nobody but You Baby,,0,1,0,,not_enriched,unreviewed
6683,S8334fffc82,Kenny Rogers & The First Edition,Ruby Don't Take Your Love to Town,,0,1,0,,not_enriched,unreviewed
6684,S833a7258dc,Jackson Browne,For a Rocker,,0,1,0,,not_enriched,unreviewed
6685,S833ed4884e,John Cougar Mellencamp,Serious Business,,0,1,0,,not_enriched,unreviewed
6686,S8343b436f4,Van Halen,Ain’t Talkin’ ’Bout Love,,0,1,0,,not_enriched,unreviewed
6687,S834d42b942,Billy Joel,Famous Last Words,,0,1,0,,not_enriched,unreviewed
6688,S83503f7541,Joe Cocker,The Letter,,0,1,0,,not_enriched,unreviewed
6689,S8363ea1221,Steve Miller Band,Radio 1,,0,1,0,,not_enriched,unreviewed
6690,S8369393d95,Eddie Money,Think Twice,,0,1,0,,not_enriched,unreviewed
6691,S8374da9b41,Pat Benatar,All Fired Up,,0,1,0,,not_enriched,unreviewed
6692,S837656ba43,Cyndi Lauper,He’s So Unusual,,0,1,0,,not_enriched,unreviewed
6693,S83770fa320,ZZ Top,Hi Fi Mama,,0,1,0,,not_enriched,unreviewed
6694,S83885b23b4,Harry Chapin,My Grandfather,,0,1,0,,not_enriched,unreviewed
6695,S8392bdabf4,Bad Company,I Can’t Live Without You,,0,1,0,,not_enriched,unreviewed
6696,S8395e58ea8,Eagles,Ol’ 55,,0,1,0,,not_enriched,unreviewed
6697,S839756fd24,Commodores,Nightshift,,0,1,0,,not_enriched,unreviewed
6698,S83ad1db6c8,Steve Miller Band,Maelstrom,,0,1,0,,not_enriched,unreviewed
6699,S83b096d3e7,The Youngbloods,Euphoria,,0,1,0,,not_enriched,unreviewed
6700,S83b525052f,Daryl Hall & John Oates,Cold Dark and Yesterday,,0,1,0,,not_enriched,unreviewed
6701,S83b618a471,John Cougar,Tonight,,0,1,0,,not_enriched,unreviewed
6702,S83bee2479a,The Romantics,Open Up Your Door,,0,1,0,,not_enriched,unreviewed
6703,S83bfb160a9,Alias,After All the Love Is Gone,,0,1,0,,not_enriched,unreviewed
6704,S83cabd4fa4,Beck,Soul Suckin’ Jerk,,0,1,0,,not_enriched,unreviewed
6705,S83cff3b106,Chicago,You’re the Inspiration,,0,1,0,,not_enriched,unreviewed
6706,S83d9897b42,RTZ,Hard Time (In the Big House),,0,1,0,,not_enriched,unreviewed
6707,S83dc3b3c02,The Outfield,Unrespectable,,0,1,0,,not_enriched,unreviewed
6708,S83e10637e7,Zebra,When You Get There,,0,1,0,,not_enriched,unreviewed
6709,S83e1ce9e3c,David Baerwald,Walk Through Fire,,0,1,0,,not_enriched,unreviewed
6710,S83e43deb7a,Bachman–Turner Overdrive,Blue Collar,,0,1,0,,not_enriched,unreviewed
6711,S83f7a5ca71,Shoes,Hangin’ Around With You,,0,1,0,,not_enriched,unreviewed
6712,S83f7bca2cf,Manfred Mann’s Earth Band,Blinded by the Light,,0,1,0,,not_enriched,unreviewed
6713,S83fc026d3f,Gilbert O’Sullivan,Nothing Rhymed,,0,1,0,,not_enriched,unreviewed
6714,S8402d12a5e,The Youngbloods,Get Together,,0,1,0,,not_enriched,unreviewed
6715,S84061195c8,Sniff ’n’ the Tears,Rock 'n' Roll Music,,0,1,0,,not_enriched,unreviewed
6716,S840648e7db,Elton John,Breaking Hearts (Ain't What It Used to Be),,0,1,0,,not_enriched,unreviewed
6717,S84169e6b0b,Jefferson Starship,Dance With the Dragon,,0,1,0,,not_enriched,unreviewed
6718,S8421187bd2,Giant,The Big Pitch,,0,1,0,,not_enriched,unreviewed
6719,S84226fd638,Bob Welch,Precious Love,,0,1,0,,not_enriched,unreviewed
6720,S842a2e48a1,Chicago,Remember the Feeling,,0,1,0,,not_enriched,unreviewed
6721,S843a272ba3,Bad Company,Stranger Than Fiction,,0,1,0,,not_enriched,unreviewed
6722,S8440004968,Rossington Collins Band,Gotta Get It Straight,,0,1,0,,not_enriched,unreviewed
6723,S844581e468,Trixter,Play Rough,,0,1,0,,not_enriched,unreviewed
6724,S844598cb61,Bruce Springsteen,Man’s Job,,0,1,0,,not_enriched,unreviewed
6725,S844615939a,Neil Young,Only Love Can Break Your Heart,,0,1,0,,not_enriched,unreviewed
6726,S8447cfb632,Timbuk 3,"The Future's So Bright, I Gotta Wear Shades",,0,1,0,,not_enriched,unreviewed
6727,S84483679f2,John Lennon,#9 Dream,,0,1,0,,not_enriched,unreviewed
6728,S8448ae36c8,Foreigner,The Beat of My Heart,,0,1,0,,not_enriched,unreviewed
6729,S844da4ed47,Kim Carnes,Bette Davis Eyes,,0,1,0,,not_enriched,unreviewed
6730,S845dbc82c6,Glenn Frey,Before the Ship Goes Down,,0,1,0,,not_enriched,unreviewed
6731,S8462313226,REO Speedwagon,Every Now and Then,,0,1,0,,not_enriched,unreviewed
6732,S8466768303,Toto,English Eyes,,0,1,0,,not_enriched,unreviewed
6733,S84792410c9,Fleetwood Mac,Before the Beginning,,0,1,0,,not_enriched,unreviewed
6734,S847f32e798,Bing Crosby,Mele Kalikimaka,,0,1,0,,not_enriched,unreviewed
6735,S8480353d56,Dire Straits,How Long,,0,1,0,,not_enriched,unreviewed
6736,S848e71cc47,Harry Chapin,A Better Place to Be,,0,1,0,,not_enriched,unreviewed
6737,S848faf078d,The Beach Boys,In My Room,,0,1,0,,not_enriched,unreviewed
6738,S8491c880d2,Bruce Springsteen,I Wish I Were Blind,,0,1,0,,not_enriched,unreviewed
6739,S8491ead384,The Doobie Brothers,South of the Border,,0,1,0,,not_enriched,unreviewed
6740,S84a58e21d6,The Who,The Seeker,,0,1,0,,not_enriched,unreviewed
6741,S84b166a70d,George Michael,Look at Your Hands,,0,1,0,,not_enriched,unreviewed
6742,S84b1ccf9d3,Badfinger,Knocking Down Our Home,,0,1,0,,not_enriched,unreviewed
6743,S84b6894ef5,Elton John,Whenever You’re Ready (We’ll Go Steady Again),,0,1,0,,not_enriched,unreviewed
6744,S84be59b3e6,Todd Rundgren,I Love My Life,,0,1,0,,not_enriched,unreviewed
6745,S84c9b3caee,Tesla,Lady Luck,,0,1,0,,not_enriched,unreviewed
6746,S84ca5e3e2f,Steve Miller Band,The Hollywood Dream,,0,1,0,,not_enriched,unreviewed
6747,S84dcefec07,The Beatles,Misery,,0,1,0,,not_enriched,unreviewed
6748,S84e6150e4a,America,Muskrat Love,,0,1,0,,not_enriched,unreviewed
6749,S84e757b025,Izzy Stradlin and the Ju Ju Hounds,Shuffle It All,,0,1,0,,not_enriched,unreviewed
6750,S84fd37a198,The Beach Boys,Come Go With Me,,0,1,0,,not_enriched,unreviewed
6751,S85036bf901,Meat Loaf,For Crying Out Loud (Part I),,0,1,0,,not_enriched,unreviewed
6752,S8514718fae,Bruce Springsteen,Brilliant Disguise,,0,1,0,,not_enriched,unreviewed
6753,S8519706cbc,Tommy Tutone,Tonight,,0,1,0,,not_enriched,unreviewed
6754,S851c9c0ff1,ZZ Top,Arrested for Driving While Blind,,0,1,0,,not_enriched,unreviewed
6755,S8534ac987e,Nils Lofgren,Bein’ Angry,,0,1,0,,not_enriched,unreviewed
6756,S85352d4d85,Garth Brooks,One Night A Day,,0,1,0,,not_enriched,unreviewed
6757,S8535f56cc6,The Alan Parsons Project,One More River,,0,1,0,,not_enriched,unreviewed
6758,S853b61e1d2,Seal,Wild,,0,1,0,,not_enriched,unreviewed
6759,S8541b7812c,Foreigner,Love Has Taken Its Toll,,0,1,0,,not_enriched,unreviewed
6760,S854554fd1b,Dan Fogelberg,Empty Cages,,0,1,0,,not_enriched,unreviewed
6761,S8546b6acdc,Billy Idol,License to Thrill,,0,1,0,,not_enriched,unreviewed
6762,S85517dbce7,Bruce Hornsby and the Range,The River Runs Low,,0,1,0,,not_enriched,unreviewed
6763,S855aedb158,Del Amitri,Surface of the Moon,,0,1,0,,not_enriched,unreviewed
6764,S85616b2ac6,ZZ Top,Down Brownie,,0,1,0,,not_enriched,unreviewed
6765,S85619fe82b,Jay Ferguson,Love Is Cold,,0,1,0,,not_enriched,unreviewed
6766,S856431d9af,Joe Walsh,Ordinary Average Guy,,0,1,0,,not_enriched,unreviewed
6767,S8579a4edd2,Bette Midler,From a Distance,,0,1,0,,not_enriched,unreviewed
6768,S8585147b8d,Blondie,One Way or Another,,0,1,0,,not_enriched,unreviewed
6769,S8589d0096e,Night Ranger,Penny,,0,1,0,,not_enriched,unreviewed
6770,S858c03f107,Steve Winwood,Wake Me Up on Judgement Day,,0,1,0,,not_enriched,unreviewed
6771,S858d0c3da3,Rush,Mystic Rhythms,,0,1,0,,not_enriched,unreviewed
6772,S859e0568ea,The Black Crowes,She Talks to Angels (acoustic),,0,1,0,,not_enriched,unreviewed
6773,S85c429612a,Cyndi Lauper,She Bop,,0,1,0,,not_enriched,unreviewed
6774,S85cda86839,Icehouse,Hey Little Girl (single mix),,0,1,0,,not_enriched,unreviewed
6775,S85ce8598a1,Traveling Wilburys,Cool Dry Place,,0,1,0,,not_enriched,unreviewed
6776,S85d21e0c83,L.A. Guns,Wheels of Fire,,0,1,0,,not_enriched,unreviewed
6777,S85d9d9caf4,Anderson Bruford Wakeman Howe,And You and I,,0,1,0,,not_enriched,unreviewed
6778,S85de19514d,Nirvana,Rape Me,,0,1,0,,not_enriched,unreviewed
6779,S85e4d59133,Novo Combo,Long Road,,0,1,0,,not_enriched,unreviewed
6780,S85f08824d6,The Animals,Prisoner of the Light,,0,1,0,,not_enriched,unreviewed
6781,S85f10de48b,Bee Gees,Baby as You Turn Away,,0,1,0,,not_enriched,unreviewed
6782,S85ff1253be,ZZ Top,Snappy Kakkie,,0,1,0,,not_enriched,unreviewed
6783,S86158ab78e,L.A. Guns,Sleazy Come Easy Go,,0,1,0,,not_enriched,unreviewed
6784,S8616740c34,Bob Seger & the Silver Bullet Band,The Aftermath,,0,1,0,,not_enriched,unreviewed
6785,S8618e33498,Corey Hart,Jenny Fey,,0,1,0,,not_enriched,unreviewed
6786,S861a86a357,George Thorogood & the Destroyers,Smokestack Lightning,,0,1,0,,not_enriched,unreviewed
6787,S861ac614dd,The Cars,You Wear Those Eyes,,0,1,0,,not_enriched,unreviewed
6788,S861efe0c39,John Tesh,The First Noel,,0,1,0,,not_enriched,unreviewed
6789,S8620211aea,Neil Young,Drifter,,0,1,0,,not_enriched,unreviewed
6790,S862149d1f5,The Moody Blues,Under My Feet,,0,1,0,,not_enriched,unreviewed
6791,S8625b55b74,Quarterflash,Make It Shine,,0,1,0,,not_enriched,unreviewed
6792,S862c365569,The Rolling Stones,All About You,,0,1,0,,not_enriched,unreviewed
6793,S862d8c19a9,Martin Briley,More of the Same,,0,1,0,,not_enriched,unreviewed
6794,S862e5c5e48,L.A. Guns,The Ballad of Jayne,,0,1,0,,not_enriched,unreviewed
6795,S86362521dd,Stone Temple Pilots,Still Remains,,0,1,0,,not_enriched,unreviewed
6796,S864827b8fe,Meredith Brooks,Pollyanne,,0,1,0,,not_enriched,unreviewed
6797,S86554cdff2,REO Speedwagon,Can't Lie to My Heart,,0,1,0,,not_enriched,unreviewed
6798,S865e3922eb,Firefall,Livin' Ain't Livin',,0,1,0,,not_enriched,unreviewed
6799,S866ca9495a,Buffalo Springfield,"Sit Down, I Think I Love You",,0,1,0,,not_enriched,unreviewed
6800,S86737c7c67,Led Zeppelin,Achilles Last Stand,,0,1,0,,not_enriched,unreviewed
6801,S8680cfcc17,Michael Jackson,P.Y.T. (Pretty Young Thing),,0,1,0,,not_enriched,unreviewed
6802,S8683a92277,Jim Morrison,American Night,,0,1,0,,not_enriched,unreviewed
6803,S8688741bcc,The Alan Parsons Project,To One in Paradise,,0,1,0,,not_enriched,unreviewed
6804,S868e821869,Stevie Ray Vaughan and Double Trouble,Honey Bee,,0,1,0,,not_enriched,unreviewed
6805,S86924ea42c,Christopher Cross,Say You’ll Be Mine,,0,1,0,,not_enriched,unreviewed
6806,S869840929a,Sweet F.A.,Devil's Road,,0,1,0,,not_enriched,unreviewed
6807,S869bf6c7ae,Rush,Territories,,0,1,0,,not_enriched,unreviewed
6808,S869db3f019,Freedom And Whiskey,Right In Front Of Me,,0,1,0,,not_enriched,unreviewed
6809,S86b1b4c7f6,Foreigner,Rev on the Red Line,,0,1,0,,not_enriched,unreviewed
6810,S86c422a11f,John Lennon,Whatever Gets You Thru the Night,,0,1,0,,not_enriched,unreviewed
6811,S86ca010a20,Steve Winwood,Don’t You Know What the Night Can Do?,,0,1,0,,not_enriched,unreviewed
6812,S86d9bee220,Elton John,Hard Luck Story,,0,1,0,,not_enriched,unreviewed
6813,S86e075b729,Stone Temple Pilots,No Memory,,0,1,0,,not_enriched,unreviewed
6814,S86e237f23a,Billy Joel,Sometimes a Fantasy,,0,1,0,,not_enriched,unreviewed
6815,S86e51e7591,Duran Duran,Come Undone,,0,1,0,,not_enriched,unreviewed
6816,S86ee25c115,George Thorogood & the Destroyers,Crawling King Snake,,0,1,0,,not_enriched,unreviewed
6817,S86f21bbb7c,Wilson Phillips,Release Me,,0,1,0,,not_enriched,unreviewed
6818,S86fd064548,Steve Miller Band,Shangri-La,,0,1,0,,not_enriched,unreviewed
6819,S870a8def29,Buckingham Nicks,Frozen Love,,0,1,0,,not_enriched,unreviewed
6820,S87148ae248,Baltimora,Jimmy's Guitar,,0,1,0,,not_enriched,unreviewed
6821,S871a010cdd,The J. Geils Band,Rage in the Cage,,0,1,0,,not_enriched,unreviewed
6822,S873b127fac,Steve Winwood,The Morning Side,,0,1,0,,not_enriched,unreviewed
6823,S87406b9cec,The Cars,Lust for Kicks,,0,1,0,,not_enriched,unreviewed
6824,S874f41c776,The Black Crowes,Descending,,0,1,0,,not_enriched,unreviewed
6825,S875b64b965,Pretenders,Talk of the Town,,0,1,0,,not_enriched,unreviewed
6826,S8767fe1c11,Boston,My Destination,,0,1,0,,not_enriched,unreviewed
6827,S877d088b30,Three Dog Night,It's for You,,0,1,0,,not_enriched,unreviewed
6828,S8786fa4ccd,The Romantics,Tomboy,,0,1,0,,not_enriched,unreviewed
6829,S87887710df,Genesis,Please Don’t Ask,,0,1,0,,not_enriched,unreviewed
6830,S878b1ffd57,Christine McVie,Got a Hold on Me,,0,1,0,,not_enriched,unreviewed
6831,S878df5d921,Neil Young,Hey Hey,,0,1,0,,not_enriched,unreviewed
6832,S878f43e273,Blind Melon,Tones of Home,,0,1,0,,not_enriched,unreviewed
6833,S8793b3a63b,Johnny Mathis,Christmas Is for Everyone / Where Can I Find Christmas,,0,1,0,,not_enriched,unreviewed
6834,S87a8f7d7b5,38 Special,Never Give an Inch,,0,1,0,,not_enriched,unreviewed
6835,S87a9fe7576,Heart,Bad Animals,,0,1,0,,not_enriched,unreviewed
6836,S87b465fbe2,Neil Young,Piece of Crap,,0,1,0,,not_enriched,unreviewed
6837,S87bdb7bcd0,The Breeders,Invisible Man,,0,1,0,,not_enriched,unreviewed
6838,S87c34c8e25,Commodores,Slippery When Wet,,0,1,0,,not_enriched,unreviewed
6839,S87c736d7fe,Kenny Rogers,She Believes in Me,,0,1,0,,not_enriched,unreviewed
6840,S87d085570d,Enya,On Your Shore,,0,1,0,,not_enriched,unreviewed
6841,S87d2309995,Tommy James & the Shondells,Out of the Blue,,0,1,0,,not_enriched,unreviewed
6842,S87d35f165a,Eddie Money,Prove It Every Night,,0,1,0,,not_enriched,unreviewed
6843,S87e016941b,The Alan Parsons Project,Nothing Left to Lose,,0,1,0,,not_enriched,unreviewed
6844,S87e6522432,Elton John,Grimsby,,0,1,0,,not_enriched,unreviewed
6845,S87e926623b,The Fixx,Read Between the Lines,,0,1,0,,not_enriched,unreviewed
6846,S87f5f303a4,The Allman Brothers Band,Low Down Dirty Mean,,0,1,0,,not_enriched,unreviewed
6847,S880003de4e,Poison,7 Days Over You,,0,1,0,,not_enriched,unreviewed
6848,S8807796d56,Squeeze,Tempted,,0,1,0,,not_enriched,unreviewed
6849,S880c10ddeb,John Fogerty,Mr. Greed,,0,1,0,,not_enriched,unreviewed
6850,S881be9b33d,AC/DC,Love Hungry Man,,0,1,0,,not_enriched,unreviewed
6851,S882073ad8f,New Radicals,Jehovah Made This Whole Joint for You,,0,1,0,,not_enriched,unreviewed
6852,S88420a0bb1,The Edgar Winter Group,When It Comes,,0,1,0,,not_enriched,unreviewed
6853,S8842541b02,Aerosmith,I’m Down,,0,1,0,,not_enriched,unreviewed
6854,S884c29bbb2,The Moody Blues,Hole in the World,,0,1,0,,not_enriched,unreviewed
6855,S885804af55,Bruce Springsteen,Cautious Man,,0,1,0,,not_enriched,unreviewed
6856,S88740304fa,Pearl Jam,Corduroy,,0,1,0,,not_enriched,unreviewed
6857,S887651e874,Free,Don’t Say You Love Me,,0,1,0,,not_enriched,unreviewed
6858,S887e558542,Icehouse,Regular Boys,,0,1,0,,not_enriched,unreviewed
6859,S888326a7c4,Pink Floyd,The Final Cut,,0,1,0,,not_enriched,unreviewed
6860,S8889b4687b,Elton John,Tell Me When the Whistle Blows,,0,1,0,,not_enriched,unreviewed
6861,S888a56bc61,The Hollies,Out on the Road,,0,1,0,,not_enriched,unreviewed
6862,S888b27a94b,Tommy Shaw,Free to Love You,,0,1,0,,not_enriched,unreviewed
6863,S8899227757,Paul McCartney,Hey Hey,,0,1,0,,not_enriched,unreviewed
6864,S889e2e4670,The Who,Drowned,,0,1,0,,not_enriched,unreviewed
6865,S88a4cd9bc6,Eddie Money,Things Are Much Better Today,,0,1,0,,not_enriched,unreviewed
6866,S88a853149a,Slaughter,Loaded Gun,,0,1,0,,not_enriched,unreviewed
6867,S88afc4b836,Bonnie Raitt,All at Once,,0,1,0,,not_enriched,unreviewed
6868,S88b554e91e,Grand Funk Railroad,Walk Like a Man,,0,1,0,,not_enriched,unreviewed
6869,S88c8432583,Beck,&*$^?#%*@?#^,,0,1,0,,not_enriched,unreviewed
6870,S88f7b90550,"10,000 Maniacs",Noah’s Dove,,0,1,0,,not_enriched,unreviewed
6871,S88fb61c37d,Edie Brickell & New Bohemians,I Do,,0,1,0,,not_enriched,unreviewed
6872,S88fe7e03fd,Foreigner,She’s Too Tough,,0,1,0,,not_enriched,unreviewed
6873,S8909c1864a,Enya,Athair ar Neamh,,0,1,0,,not_enriched,unreviewed
6874,S890afa1b7e,Bad Company,What About You,,0,1,0,,not_enriched,unreviewed
6875,S890b850da9,Tony Carey,Running Away From the Thought of You,,0,1,0,,not_enriched,unreviewed
6876,S8915deafa8,Dan Fogelberg,Times Like These,,0,1,0,,not_enriched,unreviewed
6877,S8917ea498f,Chicago,Once or Twice,,0,1,0,,not_enriched,unreviewed
6878,S89191d74e8,Van Halen,Sucker in a 3 Piece,,0,1,0,,not_enriched,unreviewed
6879,S891985a715,The Firm,Closer,,0,1,0,,not_enriched,unreviewed
6880,S891e1c4bc6,John Stewart,Midnight Wind,,0,1,0,,not_enriched,unreviewed
6881,S891eb045f0,Greg Kihn,Sorry,,0,1,0,,not_enriched,unreviewed
6882,S89242d6231,The Rolling Stones,Far Away Eyes,,0,1,0,,not_enriched,unreviewed
6883,S892a986c0d,Enya,Exile,,0,1,0,,not_enriched,unreviewed
6884,S892e835512,The Human League,Don’t You Want Me,,0,1,0,,not_enriched,unreviewed
6885,S8939fe9198,Christopher Cross,The Light Is On,,0,1,0,,not_enriched,unreviewed
6886,S893d1e24dd,Dan Fogelberg,Morning Sky,,0,1,0,,not_enriched,unreviewed
6887,S89437a71ef,Warrant,D.R.F.S.R.,,0,1,0,,not_enriched,unreviewed
6888,S8944d45e8d,Cat Stevens,Father and Son,,0,1,0,,not_enriched,unreviewed
6889,S8946a3ddd9,Steve Winwood,One More Morning,,0,1,0,,not_enriched,unreviewed
6890,S895226265e,38 Special,Somebody Like You,,0,1,0,,not_enriched,unreviewed
6891,S895bdb7375,Ian Matthews,King of the Night,,0,1,0,,not_enriched,unreviewed
6892,S895c3962e1,Elton John,Blues for My Baby and Me,,0,1,0,,not_enriched,unreviewed
6893,S8965f7c12f,Elton John,Slow Down Georgie (She's Poison),,0,1,0,,not_enriched,unreviewed
6894,S896a41d196,The Romantics,Stone Pony,,0,1,0,,not_enriched,unreviewed
6895,S8975ee55ba,"Emerson, Lake & Palmer",Trilogy,,0,1,0,,not_enriched,unreviewed
6896,S899038ea5d,Show Your Shoe,Azur Indigo Prisma Safran Marmor,,0,1,0,,not_enriched,unreviewed
6897,S899433c6c2,John Parr,Naughty Naughty,,0,1,0,,not_enriched,unreviewed
6898,S899acc06dd,Baltimora,Survivor in Love,,0,1,0,,not_enriched,unreviewed
6899,S899ed000ac,Argent,Pleasure,,0,1,0,,not_enriched,unreviewed
6900,S899f8e300a,Cheap Trick,Writing on the Wall,,0,1,0,,not_enriched,unreviewed
6901,S89a3232764,Full Tilt Boogie Band,Get It While You Can,,0,1,0,,not_enriched,unreviewed
6902,S89a35ecb8c,The Rolling Stones,Everything Is Turning to Gold,,0,1,0,,not_enriched,unreviewed
6903,S89ae15e135,Go‐Go’s,Girl of 100 Lists,,0,1,0,,not_enriched,unreviewed
6904,S89b9ac0da1,Firefall,Anymore,,0,1,0,,not_enriched,unreviewed
6905,S89ce998d09,Toad the Wet Sprocket,Stories I Tell,,0,1,0,,not_enriched,unreviewed
6906,S89d5605252,Ringo Starr,All by Myself,,0,1,0,,not_enriched,unreviewed
6907,S89d56f8ad5,The Who,Eminence Front,,0,1,0,,not_enriched,unreviewed
6908,S89e151ddf8,Fleetwood Mac,When You Say,,0,1,0,,not_enriched,unreviewed
6909,S89e2e6336c,"10,000 Maniacs",Jezebel,,0,1,0,,not_enriched,unreviewed
6910,S89e8b470f8,Linda Ronstadt,Silver Blue,,0,1,0,,not_enriched,unreviewed
6911,S89f4eed206,Johnny Nash,We’re All Alike,,0,1,0,,not_enriched,unreviewed
6912,S89f8a0d438,Steve Winwood,Holding On,,0,1,0,,not_enriched,unreviewed
6913,S89f9e21505,U2,"Stay (Faraway, So Close!)",,0,1,0,,not_enriched,unreviewed
6914,S89fc8f602c,Cinderella,Love's Got Me Doin' Time,,0,1,0,,not_enriched,unreviewed
6915,S8a02ff09ee,Blue Öyster Cult,Don’t Turn Your Back,,0,1,0,,not_enriched,unreviewed
6916,S8a0a188628,The Police,Secret Journey,,0,1,0,,not_enriched,unreviewed
6917,S8a0b02b600,London Philharmonic Orchestra,"Another Brick in the Wall, Part II",,0,1,0,,not_enriched,unreviewed
6918,S8a0df612a1,Bryan Adams,Run to You,,0,1,0,,not_enriched,unreviewed
6919,S8a198035ea,Scandal,Beat of a Heart,,0,1,0,,not_enriched,unreviewed
6920,S8a1a28018a,Roxy Music,Same Old Scene,,0,1,0,,not_enriched,unreviewed
6921,S8a1c250c60,Joan Jett & the Blackhearts,You’re Too Possessive,,0,1,0,,not_enriched,unreviewed
6922,S8a2cb79918,Toad the Wet Sprocket,Before You Were Born,,0,1,0,,not_enriched,unreviewed
6923,S8a33d67b5d,John Waite,Dark Side of the Sun,,0,1,0,,not_enriched,unreviewed
6924,S8a5c366aae,Tesla,Signs,,0,1,0,,not_enriched,unreviewed
6925,S8a5f799de1,Huey Lewis and the News,Do You Believe in Love,,0,1,0,,not_enriched,unreviewed
6926,S8a660122a0,Spin Doctors,More Than She Knows,,0,1,0,,not_enriched,unreviewed
6927,S8a68a923f8,Marc Cohn,Perfect Love,,0,1,0,,not_enriched,unreviewed
6928,S8a6e2a45d0,Jefferson Starship,Be My Lady,,0,1,0,,not_enriched,unreviewed
6929,S8a74cfe960,INXS,Old World New World,,0,1,0,,not_enriched,unreviewed
6930,S8a7913ac9a,Kenny Loggins,Easy Driver,,0,1,0,,not_enriched,unreviewed
6931,S8a8981d0fb,Night Ranger,When You Close Your Eyes,,0,1,0,,not_enriched,unreviewed
6932,S8a8ccee5c8,Damn Yankees,Rock City,,0,1,0,,not_enriched,unreviewed
6933,S8a8fa33cc2,Billy Thorpe,We’re Leaving,,0,1,0,,not_enriched,unreviewed
6934,S8a932bddb5,Steel Breeze,Who's Gonna Love You Tonight,,0,1,0,,not_enriched,unreviewed
6935,S8a9ac8f581,Nils Lofgren,Live Each Day,,0,1,0,,not_enriched,unreviewed
6936,S8a9d9df08f,Bob Seger & the Silver Bullet Band,House Behind a House,,0,1,0,,not_enriched,unreviewed
6937,S8aafb1504a,Kenny Loggins,Angelique,,0,1,0,,not_enriched,unreviewed
6938,S8ab6fc4b9d,Tubes,Talk to Ya Later,,0,1,0,,not_enriched,unreviewed
6939,S8ab731cadd,Tesla,Comin' Atcha Live / Truckin',,0,1,0,,not_enriched,unreviewed
6940,S8ab7661aee,Art Garfunkel,Looking for the Right One,,0,1,0,,not_enriched,unreviewed
6941,S8abd31d660,38 Special,Caught Up in You,,0,1,0,,not_enriched,unreviewed
6942,S8abef25512,Alice Cooper,Crawlin’,,0,1,0,,not_enriched,unreviewed
6943,S8ac44676ab,Santana,Maria Maria,,0,1,0,,not_enriched,unreviewed
6944,S8acdde799d,Collective Soul,Link,,0,1,0,,not_enriched,unreviewed
6945,S8ad0cfc3b7,David & David,Welcome to the Boomtown,,0,1,0,,not_enriched,unreviewed
6946,S8adb678ade,Cinderella,Sick for the Cure,,0,1,0,,not_enriched,unreviewed
6947,S8ae692f851,Anderson Bruford Wakeman Howe,Long Distance Runaround,,0,1,0,,not_enriched,unreviewed
6948,S8ae696a9c5,Pink Floyd,San Tropez,,0,1,0,,not_enriched,unreviewed
6949,S8ae9091eb8,Kansas,Stay Out of Trouble,,0,1,0,,not_enriched,unreviewed
6950,S8af4d2de5e,"Crosby, Stills, Nash & Young",Don’t Say Good-Bye,,0,1,0,,not_enriched,unreviewed
6951,S8b02e6a6e1,Edie Brickell & New Bohemians,Beat the Time,,0,1,0,,not_enriched,unreviewed
6952,S8b063b91ea,Carpenters,Sleigh Ride,,0,1,0,,not_enriched,unreviewed
6953,S8b07e7583e,Jackson Browne,Miles Away,,0,1,0,,not_enriched,unreviewed
6954,S8b0ddf3a7a,John Lennon,Power to the People,,0,1,0,,not_enriched,unreviewed
6955,S8b224ca1de,INXS,Three Sisters,,0,1,0,,not_enriched,unreviewed
6956,S8b34944901,The Kinks,Sold Me Out,,0,1,0,,not_enriched,unreviewed
6957,S8b37962bf9,Keith Richards,Locked Away,,0,1,0,,not_enriched,unreviewed
6958,S8b3adcec88,London Philharmonic Orchestra,Time (The Old Tree With Winding Roots Behind the Lake of Dreams mix),,0,1,0,,not_enriched,unreviewed
6959,S8b4bc89589,The Moody Blues,Meanwhile,,0,1,0,,not_enriched,unreviewed
6960,S8b4c14dfa5,Cruzados,Last Ride,,0,1,0,,not_enriched,unreviewed
6961,S8b53704687,Queen,Mustapha,,0,1,0,,not_enriched,unreviewed
6962,S8b566540f0,Chris Isaak,Diddley Daddy,,0,1,0,,not_enriched,unreviewed
6963,S8b5781e62c,Buffalo Springfield,I Am a Child,,0,1,0,,not_enriched,unreviewed
6964,S8b64b7cbf9,The B‐52’s,Love Shack,,0,1,0,,not_enriched,unreviewed
6965,S8b761c7b77,Supertramp,Free as a Bird,,0,1,0,,not_enriched,unreviewed
6966,S8b7f8cb5f7,Bachman–Turner Overdrive,Little Gandy Dancer,,0,1,0,,not_enriched,unreviewed
6967,S8b86feaed8,Queen,Man on the Prowl,,0,1,0,,not_enriched,unreviewed
6968,S8b98268286,The Beach Boys,Little Deuce Coupe,,0,1,0,,not_enriched,unreviewed
6969,S8ba307926f,Aerosmith,Movin' Out,,0,1,0,,not_enriched,unreviewed
6970,S8bad39d95f,The Beatles,Chains,,0,1,0,,not_enriched,unreviewed
6971,S8bb15e44d7,Thin Lizzy,Emerald,,0,1,0,,not_enriched,unreviewed
6972,S8bba4a6b17,The Alan Parsons Project,La Sagrada Familia,,0,1,0,,not_enriched,unreviewed
6973,S8bbba83425,Glenn Frey,I Found Somebody,,0,1,0,,not_enriched,unreviewed
6974,S8bbd0a1bfe,The Human League,Open Your Heart,,0,1,0,,not_enriched,unreviewed
6975,S8bc92c0861,The Doors,Take It as It Comes,,0,1,0,,not_enriched,unreviewed
6976,S8bcb69b398,John Tesh,Gesu Bambino,,0,1,0,,not_enriched,unreviewed
6977,S8bdff025ba,Eric Clapton,Early in the Morning,,0,1,0,,not_enriched,unreviewed
6978,S8bf1e433e7,Roger Hodgson,Who’s Afraid,,0,1,0,,not_enriched,unreviewed
6979,S8bf5d3bd1f,Cream,Sunshine of Your Love,,0,1,0,,not_enriched,unreviewed
6980,S8bf6881522,Enya,Tea‐House Moon,,0,1,0,,not_enriched,unreviewed
6981,S8bf9a464fa,The Black Crowes,Struttin' Blues,,0,1,0,,not_enriched,unreviewed
6982,S8bfb438e90,EMF,Far From Me,,0,1,0,,not_enriched,unreviewed
6983,S8c020abdc6,Toto,Georgy Porgy,,0,1,0,,not_enriched,unreviewed
6984,S8c0918ecf5,Cheap Trick,"You Drive, I’ll Steer",,0,1,0,,not_enriched,unreviewed
6985,S8c1db0239e,Jim Croce,I Got a Name,,0,1,0,,not_enriched,unreviewed
6986,S8c1f14735c,The Youngbloods,Sugar Babe,,0,1,0,,not_enriched,unreviewed
6987,S8c2ee67ef1,Eddie Money,So Good to Be in Love Again,,0,1,0,,not_enriched,unreviewed
6988,S8c4be6bc99,Planet P Project,I Wont Wake Up,,0,1,0,,not_enriched,unreviewed
6989,S8c51e88514,Bob Dylan,You’re Gonna Make Me Lonesome When You Go,,0,1,0,,not_enriched,unreviewed
6990,S8c60f49651,Bette Midler,Do You Want to Dance?,,0,1,0,,not_enriched,unreviewed
6991,S8c61a7dfc0,Gregg Allman,Please Call Home,,0,1,0,,not_enriched,unreviewed
6992,S8c64905424,Zebra,Tell Me What You Want,,0,1,0,,not_enriched,unreviewed
6993,S8c67d2082f,Badfinger,Fisherman,,0,1,0,,not_enriched,unreviewed
6994,S8c704f4822,The Beach Boys,Blue Christmas,,0,1,0,,not_enriched,unreviewed
6995,S8c77d6bef2,Elton John,Dear John,,0,1,0,,not_enriched,unreviewed
6996,S8c7c5433c8,Pink Floyd,A Saucerful of Secrets: a. Something Else / b. Syncopated Pandemonium / c. Storm Signals / d. Celestial Voices,,0,1,0,,not_enriched,unreviewed
6997,S8c8291f57b,The Outfield,Take It All,,0,1,0,,not_enriched,unreviewed
6998,S8c8991dfb9,Blues Traveler,Price to Pay,,0,1,0,,not_enriched,unreviewed
6999,S8c99dd54d0,Don Henley,Johnny Can’t Read,,0,1,0,,not_enriched,unreviewed
7000,S8ca70becb2,"10,000 Maniacs",Few and Far Between,,0,1,0,,not_enriched,unreviewed
7001,S8cc27d2e25,ZZ Top,Planet of Women,,0,1,0,,not_enriched,unreviewed
7002,S8cc661e2e8,The Doobie Brothers,Tonight I'm Coming Through,,0,1,0,,not_enriched,unreviewed
7003,S8cd3c5d605,Steve Miller Band,Horse and Rider,,0,1,0,,not_enriched,unreviewed
7004,S8cd8b89622,The 50 Guitars of Tommy Garrett,Jingle Bell Rock,,0,1,0,,not_enriched,unreviewed
7005,S8cde47c7d0,The Moody Blues,Reflective Smile,,0,1,0,,not_enriched,unreviewed
7006,S8cdf49710c,Duffy Bishop & The Rhythm Dogs,Vagabond,,0,1,0,,not_enriched,unreviewed
7007,S8ce0ea0f8d,Christine McVie,The Smile I Live For,,0,1,0,,not_enriched,unreviewed
7008,S8ceba6fa90,Boston,We’re Ready,,0,1,0,,not_enriched,unreviewed
7009,S8cef8c7915,George Thorogood & the Destroyers,Delaware Slide,,0,1,0,,not_enriched,unreviewed
7010,S8cf4b27a9c,The B‐52’s,Dirty Back Road,,0,1,0,,not_enriched,unreviewed
7011,S8cf6e6e47a,Cruzados,Small Town Love,,0,1,0,,not_enriched,unreviewed
7012,S8d14c34ee9,AC/DC,Rock and Roll Ain’t Noise Pollution,,0,1,0,,not_enriched,unreviewed
7013,S8d27e5e1eb,Gregg Alexander,The World We Love So Much,,0,1,0,,not_enriched,unreviewed
7014,S8d3491409c,Tracy Chapman,For You,,0,1,0,,not_enriched,unreviewed
7015,S8d3963d5f7,Seal,Crazy,,0,1,0,,not_enriched,unreviewed
7016,S8d39e908d9,Poison,Blind Faith,,0,1,0,,not_enriched,unreviewed
7017,S8d3b444579,"Peter, Paul & Mary",We Wish You a Merry Christmas,,0,1,0,,not_enriched,unreviewed
7018,S8d485c583c,Loverboy,One-Sided Love Affair,,0,1,0,,not_enriched,unreviewed
7019,S8d557a3ad0,Tom Petty and the Heartbreakers,Dogs on the Run,,0,1,0,,not_enriched,unreviewed
7020,S8d60ac1b4b,Dread Zeppelin,I Can’t Quit You Baby,,0,1,0,,not_enriched,unreviewed
7021,S8d621dd0dc,Stone Temple Pilots,Big Bang Baby,,0,1,0,,not_enriched,unreviewed
7022,S8d6849e72e,Robert Plant,Come Into My Life,,0,1,0,,not_enriched,unreviewed
7023,S8d733c8702,The Notting Hillbillies,One Way Gal,,0,1,0,,not_enriched,unreviewed
7024,S8d7b212e91,Enya,Ebudæ,,0,1,0,,not_enriched,unreviewed
7025,S8d82fff4c9,Stone Temple Pilots,Pop’s Love Suicide,,0,1,0,,not_enriched,unreviewed
7026,S8d8a6874c5,Keith Richards,You Don't Move Me,,0,1,0,,not_enriched,unreviewed
7027,S8d8f210fc7,Blue Öyster Cult,Veteran of the Psychic Wars,,0,1,0,,not_enriched,unreviewed
7028,S8d8f987493,AC/DC,Back in Black,,0,1,0,,not_enriched,unreviewed
7029,S8d90f5fdc2,Quiet Riot,Love’s a Bitch,,0,1,0,,not_enriched,unreviewed
7030,S8d97a32d0f,Tom Cochrane,All the King's Men,,0,1,0,,not_enriched,unreviewed
7031,S8d9b8d5ec8,Jackson Browne,Sky Blue and Black,,0,1,0,,not_enriched,unreviewed
7032,S8da8f3f44e,Paula Abdul,Straight Up,,0,1,0,,not_enriched,unreviewed
7033,S8dad293901,Russ Ballard,René Didn’t Do It,,0,1,0,,not_enriched,unreviewed
7034,S8dafff543e,Roger Hodgson,Desert Love,,0,1,0,,not_enriched,unreviewed
7035,S8db370d512,Eddie Money,Run Right Back,,0,1,0,,not_enriched,unreviewed
7036,S8dca775c2c,Bryan Adams,Hearts on Fire,,0,1,0,,not_enriched,unreviewed
7037,S8dcc8592de,Paul Simon,Have a Good Time,,0,1,0,,not_enriched,unreviewed
7038,S8dce145815,Billy Joel,C’était toi (You Were the One),,0,1,0,,not_enriched,unreviewed
7039,S8dd5321df4,Billy Joel,Zanzibar,,0,1,0,,not_enriched,unreviewed
7040,S8de46df318,Lisa Loeb,When All the Stars Were Falling,,0,1,0,,not_enriched,unreviewed
7041,S8de49b8b4a,Genesis,Another Record,,0,1,0,,not_enriched,unreviewed
7042,S8de58cdff3,Jefferson Starship,Show Yourself,,0,1,0,,not_enriched,unreviewed
7043,S8dee188d48,Heart,Strangers of the Heart,,0,1,0,,not_enriched,unreviewed
7044,S8df4a1f194,Todd Rundgren,Two Little Hitlers,,0,1,0,,not_enriched,unreviewed
7045,S8dfa9cf449,The Sweet,Little Willy,,0,1,0,,not_enriched,unreviewed
7046,S8e00c95650,Carpenters,O Holy Night,,0,1,0,,not_enriched,unreviewed
7047,S8e04ef5358,Electric Light Orchestra,Little Town Flirt,,0,1,0,,not_enriched,unreviewed
7048,S8e1571b9fb,Tom Cochrane & Red Rider,Sons Beat Down,,0,1,0,,not_enriched,unreviewed
7049,S8e27fe8991,Great White,Love Is a Lie,,0,1,0,,not_enriched,unreviewed
7050,S8e2ea873df,Chilliwack,Lookin' For A Place,,0,1,0,,not_enriched,unreviewed
7051,S8e31606da6,Mariah Carey,There’s Got to Be a Way,,0,1,0,,not_enriched,unreviewed
7052,S8e326f1473,Giuffria,Trouble Again,,0,1,0,,not_enriched,unreviewed
7053,S8e38afd81b,Lou Gramm,Until I Make You Mine,,0,1,0,,not_enriched,unreviewed
7054,S8e3945921b,Paul Dukas,The Sorcerer’s Apprentice,,0,1,0,,not_enriched,unreviewed
7055,S8e3bde8f57,Steve Miller Band,Sugar Babe,,0,1,0,,not_enriched,unreviewed
7056,S8e3ffecd41,Full Tilt Boogie Band,Move Over,,0,1,0,,not_enriched,unreviewed
7057,S8e4b46f372,Kenny Rogers,Long Arm of the Law,,0,1,0,,not_enriched,unreviewed
7058,S8e4c00f59a,Giant,Shake Me Up,,0,1,0,,not_enriched,unreviewed
7059,S8e4efeeb99,SCANDAL,EVERYBODY SAY YEAH!,,0,1,0,,not_enriched,unreviewed
7060,S8e6288924d,Giuffria,The Awakening,,0,1,0,,not_enriched,unreviewed
7061,S8e64220e6d,Cheap Trick,Way of the World,,0,1,0,,not_enriched,unreviewed
7062,S8e64f6e88b,Tool,Bottom,,0,1,0,,not_enriched,unreviewed
7063,S8e6fd31219,Talk Talk,Another Word,,0,1,0,,not_enriched,unreviewed
7064,S8e70171860,Bob Seger & the Silver Bullet Band,Jody Girl,,0,1,0,,not_enriched,unreviewed
7065,S8e720300df,Andy Gibb,Come Home for the Winter,,0,1,0,,not_enriched,unreviewed
7066,S8e757908ac,Aerosmith,Monkey on My Back,,0,1,0,,not_enriched,unreviewed
7067,S8e8368e1a0,Peter Gabriel,Love to Be Loved,,0,1,0,,not_enriched,unreviewed
7068,S8eaca387f7,George Thorogood & the Destroyers,That Same Thing,,0,1,0,,not_enriched,unreviewed
7069,S8eb8ce9b53,Patty Smyth,Tough Love,,0,1,0,,not_enriched,unreviewed
7070,S8ebc49a677,Paul Simon,Loves Me Like a Rock,,0,1,0,,not_enriched,unreviewed
7071,S8ec2842050,A Flock of Seagulls,D.N.A.,,0,1,0,,not_enriched,unreviewed
7072,S8ec4436524,Beck,Steal My Body Home,,0,1,0,,not_enriched,unreviewed
7073,S8ed78266c6,Jeff Beck,Escape,,0,1,0,,not_enriched,unreviewed
7074,S8edfade8f0,The Who,Cache Cache,,0,1,0,,not_enriched,unreviewed
7075,S8ee45c0091,"Crosby, Stills & Nash",Anything at All,,0,1,0,,not_enriched,unreviewed
7076,S8ef93622f5,Janet Jackson,Let's Wait Awhile,,0,1,0,,not_enriched,unreviewed
7077,S8efd3614a4,Nelson,(Can't Live Without Your) Love and Affection,,0,1,0,,not_enriched,unreviewed
7078,S8eff1180a2,Don Henley,Talking to the Moon,,0,1,0,,not_enriched,unreviewed
7079,S8eff162308,Duffy Bishop & The Rhythm Dogs,Buick,,0,1,0,,not_enriched,unreviewed
7080,S8f043a9a9a,The Beach Boys,Getcha Back,,0,1,0,,not_enriched,unreviewed
7081,S8f0610c2ea,The Alan Parsons Project,Paseo de Gracia,,0,1,0,,not_enriched,unreviewed
7082,S8f09cf19c2,Georgia Satellites,Battleship Chains,,0,1,0,,not_enriched,unreviewed
7083,S8f0b393442,Tom Petty,A Higher Place,,0,1,0,,not_enriched,unreviewed
7084,S8f1c247ba8,Harry Chapin,Taxi,,0,1,0,,not_enriched,unreviewed
7085,S8f31c62599,Red Hot Chili Peppers,The Greeting Song,,0,1,0,,not_enriched,unreviewed
7086,S8f3492a742,Pearl Jam,Better Man,,0,1,0,,not_enriched,unreviewed
7087,S8f3868f47e,Bob Seger & the Silver Bullet Band,Like a Rock,,0,1,0,,not_enriched,unreviewed
7088,S8f39e34974,38-Special,The Love That I've Lost (Part 1),,0,1,0,,not_enriched,unreviewed
7089,S8f3cd84192,Run‐D.M.C.,Christmas Is,,0,1,0,,not_enriched,unreviewed
7090,S8f3d498e66,Tesla,Lodi,,0,1,0,,not_enriched,unreviewed
7091,S8f41e836bc,The Monroes,Blind Faith,,0,1,0,,not_enriched,unreviewed
7092,S8f55a2dda9,Paul McCartney,The Man,,0,1,0,,not_enriched,unreviewed
7093,S8f57a4261f,Creedence Clearwater Revival,Before You Accuse Me,,0,1,0,,not_enriched,unreviewed
7094,S8f5c928312,Marillion,Lords of the Backstage,,0,1,0,,not_enriched,unreviewed
7095,S8f61f51d20,George Thorogood & the Destroyers,Kind Hearted Woman,,0,1,0,,not_enriched,unreviewed
7096,S8f620c58d9,Savage Garden,Promises,,0,1,0,,not_enriched,unreviewed
7097,S8f6710e645,Talking Heads,Blind,,0,1,0,,not_enriched,unreviewed
7098,S8f6a7364fa,Chilliwack,How Can You Hide You Love,,0,1,0,,not_enriched,unreviewed
7099,S8f6ed1f60b,John Cougar Mellencamp,To Live,,0,1,0,,not_enriched,unreviewed
7100,S8f72eaa1ed,Gun,Money (Everybody Loves Her),,0,1,0,,not_enriched,unreviewed
7101,S8f7b71c857,REO Speedwagon,New Way to Love,,0,1,0,,not_enriched,unreviewed
7102,S8f894089ce,Steve Winwood,The Finer Things,,0,1,0,,not_enriched,unreviewed
7103,S8f8b067846,Glenn Frey,The Heat Is On,,0,1,0,,not_enriched,unreviewed
7104,S8f98a385cc,Chilliwack,Wanna Be The One,,0,1,0,,not_enriched,unreviewed
7105,S8f9bd880e5,Van Stephenson,What the Big Girls Do,,0,1,0,,not_enriched,unreviewed
7106,S8f9db40c28,The Doors,I Looked at You,,0,1,0,,not_enriched,unreviewed
7107,S8f9e0d3d47,The Doobie Brothers,Excited,,0,1,0,,not_enriched,unreviewed
7108,S8f9f301526,Adam Ant,Young Dumb and Full of It,,0,1,0,,not_enriched,unreviewed
7109,S8fa3d8c49f,Madonna,Forbidden Love,,0,1,0,,not_enriched,unreviewed
7110,S8fac6abbe0,Garth Brooks,The Night Will Only Know,,0,1,0,,not_enriched,unreviewed
7111,S8fcf91808a,Robert Plant,Fat Lip,,0,1,0,,not_enriched,unreviewed
7112,S8fd15bc37e,Queen,Hammer to Fall,,0,1,0,,not_enriched,unreviewed
7113,S8fdd696193,Art Garfunkel,The Same Old Tears on a New Background,,0,1,0,,not_enriched,unreviewed
7114,S8fdf711ab7,Van Halen,Mine All Mine,,0,1,0,,not_enriched,unreviewed
7115,S8fe03522ab,USK,Cheap Jungle,,0,1,0,,not_enriched,unreviewed
7116,S8fe77bedb0,Scorpions,Only a Man,,0,1,0,,not_enriched,unreviewed
7117,S8ff65e7c8d,Alice in Chains,God Smack,,0,1,0,,not_enriched,unreviewed
7118,S8ffd3997d8,The Sweet,Teenage Rampage,,0,1,0,,not_enriched,unreviewed
7119,S9002108d93,R.E.M.,Orange Crush,,0,1,0,,not_enriched,unreviewed
7120,S90051e3a9d,Steve Miller Band,Macho City,,0,1,0,,not_enriched,unreviewed
7121,S9014692ccd,Bruce Springsteen,Born to Run,,0,1,0,,not_enriched,unreviewed
7122,S902eb84379,Edie Brickell & New Bohemians,Keep Coming Back,,0,1,0,,not_enriched,unreviewed
7123,S903c240c48,Stray Cats,Stray Cat Strut,,0,1,0,,not_enriched,unreviewed
7124,S903f20ec23,Triumph,Embrujo (instrumental),,0,1,0,,not_enriched,unreviewed
7125,S9044011f8d,Creedence Clearwater Revival,The Midnight Special,,0,1,0,,not_enriched,unreviewed
7126,S904c55fcc3,John Cafferty & the Beaver Brown Band,Season in Hell (Fire Suite),,0,1,0,,not_enriched,unreviewed
7127,S905b6fe46c,Baltimora,Key-Key-Karimba,,0,1,0,,not_enriched,unreviewed
7128,S9061983552,The Cars,Don't Tell Me No,,0,1,0,,not_enriched,unreviewed
7129,S9063cc92e8,Spin Doctors,Sweet Widow,,0,1,0,,not_enriched,unreviewed
7130,S90705b824b,Todd Rundgren,Tiny Demons (re‐recorded),,0,1,0,,not_enriched,unreviewed
7131,S907267b681,Elton John,All the Nasties,,0,1,0,,not_enriched,unreviewed
7132,S9091e73933,ZZ Top,Shiek,,0,1,0,,not_enriched,unreviewed
7133,S9096b7e148,Steel Breeze,Every Night,,0,1,0,,not_enriched,unreviewed
7134,S909acc3ccd,Chris Rea,Standing in Your Doorway,,0,1,0,,not_enriched,unreviewed
7135,S90b62ba883,The Black Crowes,Downtown Money Waster,,0,1,0,,not_enriched,unreviewed
7136,S90ba104aa6,Neil Young,We R in Control,,0,1,0,,not_enriched,unreviewed
7137,S90c79ecd6e,Quiet Riot,Let’s Get Crazy,,0,1,0,,not_enriched,unreviewed
7138,S90c95c3909,Cheap Trick,Can't Stop Fallin’ Into Love,,0,1,0,,not_enriched,unreviewed
7139,S90d751a186,The Beach Boys,Wild Honey,,0,1,0,,not_enriched,unreviewed
7140,S90d8dff487,ZZ Top,(Somebody Else Been) Shaking Your Tree,,0,1,0,,not_enriched,unreviewed
7141,S90d9166c1d,Warrant,"Train, Train",,0,1,0,,not_enriched,unreviewed
7142,S90e96b6d37,Tommy Shaw,Girls With Guns,,0,1,0,,not_enriched,unreviewed
7143,S90f37c2689,Kenny Rogers & The First Edition,Something's Burning,,0,1,0,,not_enriched,unreviewed
7144,S910167c215,Pearl Jam,Last Exit,,0,1,0,,not_enriched,unreviewed
7145,S9119b79c35,The Fixx,Liner,,0,1,0,,not_enriched,unreviewed
7146,S91233505b7,Loverboy,Emotional,,0,1,0,,not_enriched,unreviewed
7147,S912c81325e,Cat Stevens,Sitting,,0,1,0,,not_enriched,unreviewed
7148,S912e6e4aad,Neil Young,Little Thing Called Love,,0,1,0,,not_enriched,unreviewed
7149,S912f55c667,April Wine,Hot on the Wheels of Love,,0,1,0,,not_enriched,unreviewed
7150,S91386c2382,Eddie Money,Take a Little Bit,,0,1,0,,not_enriched,unreviewed
7151,S913fedb1d4,The Cranberries,Dreaming My Dreams,,0,1,0,,not_enriched,unreviewed
7152,S91442ac041,Steve Miller Band,Lost in Your Eyes,,0,1,0,,not_enriched,unreviewed
7153,S91492ffc6a,Lou Reed,Sword of Damocles (Externally),,0,1,0,,not_enriched,unreviewed
7154,S91597875e5,Daryl Hall & John Oates,Method of Modern Love,,0,1,0,,not_enriched,unreviewed
7155,S915b1ee91a,Judas Priest,Turbo Lover,,0,1,0,,not_enriched,unreviewed
7156,S915df05d08,Golden Earring,Radar Love,,0,1,0,,not_enriched,unreviewed
7157,S916a0a31d4,Pat Benatar,We Belong,,0,1,0,,not_enriched,unreviewed
7158,S916a4a1312,The Rolling Stones,"If I Was a Dancer (Dance, Part 2)",,0,1,0,,not_enriched,unreviewed
7159,S91761d4045,Carpenters,Medley: Here Comes Santa Claus / Frosty the Snowman / Rudolph the Red-Nosed Reindeer / Good King Wenceslas,,0,1,0,,not_enriched,unreviewed
7160,S9195f273cb,38 Special,Against the Night,,0,1,0,,not_enriched,unreviewed
7161,S91a6892e72,Thin Lizzy,Angel From the Coast,,0,1,0,,not_enriched,unreviewed
7162,S91b2564df9,Steel Breeze,All I Ever Wanted To Do,,0,1,0,,not_enriched,unreviewed
7163,S91c4926c14,George Michael,Praying for Time,,0,1,0,,not_enriched,unreviewed
7164,S91c89ea06e,Bonnie Raitt,Tangled and Dark,,0,1,0,,not_enriched,unreviewed
7165,S91ca203d86,Pearl Jam,Dissident,,0,1,0,,not_enriched,unreviewed
7166,S91cc53a5c5,Metallica,Holier Than Thou,,0,1,0,,not_enriched,unreviewed
7167,S91ccc35e1a,Giuffria,Out of the Blue (Too Far Gone),,0,1,0,,not_enriched,unreviewed
7168,S91d81a91c3,The B‐52’s,Cosmic Thing,,0,1,0,,not_enriched,unreviewed
7169,S91dcf70350,Triumph,Tears in the Rain,,0,1,0,,not_enriched,unreviewed
7170,S91dec391b5,Nine Inch Nails,Big Man With a Gun,,0,1,0,,not_enriched,unreviewed
7171,S91ed57b106,Robert Plant,Thru' With the Two Step,,0,1,0,,not_enriched,unreviewed
7172,S91f0c487e8,Nirvana,The Man Who Sold the World,,0,1,0,,not_enriched,unreviewed
7173,S91f5e0c930,Fastball,The Way,,0,1,0,,not_enriched,unreviewed
7174,S9203025e15,Gin Blossoms,Allison Road,,0,1,0,,not_enriched,unreviewed
7175,S9204e970b3,The Knack,My Sharona,,0,1,0,,not_enriched,unreviewed
7176,S9206b7be37,INXS,Kiss the Dirt (Falling Down the Mountain),,0,1,0,,not_enriched,unreviewed
7177,S920b70aba8,Elton John,Spiteful Child,,0,1,0,,not_enriched,unreviewed
7178,S92127b9ac4,Steve Miller Band,Harmony of the Spheres 1,,0,1,0,,not_enriched,unreviewed
7179,S9212a560f9,Eddie Money,Maybe I’m a Fool,,0,1,0,,not_enriched,unreviewed
7180,S92184a3a53,Pearl Jam,Do the Evolution,,0,1,0,,not_enriched,unreviewed
7181,S921d64cc7a,Huey Lewis and the News,Is It Me,,0,1,0,,not_enriched,unreviewed
7182,S9220f5eef7,Seal,Show Me,,0,1,0,,not_enriched,unreviewed
7183,S922b1e08cc,Elton John,Did He Shoot Her?,,0,1,0,,not_enriched,unreviewed
7184,S923765b6fc,Van Morrison,Moondance,,0,1,0,,not_enriched,unreviewed
7185,S923dbe3926,John Cafferty & the Beaver Brown Band,Strangers in Paradise,,0,1,0,,not_enriched,unreviewed
7186,S9244f77cfa,Elton John,Burn Down the Mission,,0,1,0,,not_enriched,unreviewed
7187,S9249af06f1,Genesis,That’s All,,0,1,0,,not_enriched,unreviewed
7188,S92508afd57,Warren Zevon,Mohammed’s Radio,,0,1,0,,not_enriched,unreviewed
7189,S92517b6f91,Seals & Crofts,East of Ginger Trees,,0,1,0,,not_enriched,unreviewed
7190,S9262f269da,Firefall,Get You Back,,0,1,0,,not_enriched,unreviewed
7191,S926b540775,Steve Perry,Running Alone,,0,1,0,,not_enriched,unreviewed
7192,S927c5e1257,Tommy Shaw,Fading Away,,0,1,0,,not_enriched,unreviewed
7193,S928b7656c6,The Moody Blues,Going Nowhere,,0,1,0,,not_enriched,unreviewed
7194,S928dde9990,Survivor,I’m Not That Man Anymore,,0,1,0,,not_enriched,unreviewed
7195,S929597c800,Icehouse,Goodnight Mr. Matthews,,0,1,0,,not_enriched,unreviewed
7196,S9297fafbd6,Jackson Browne,Black and White,,0,1,0,,not_enriched,unreviewed
7197,S92992a157c,The Robert Cray Band,Night Patrol,,0,1,0,,not_enriched,unreviewed
7198,S929cd28c28,Billy Idol,Baby Talk,,0,1,0,,not_enriched,unreviewed
7199,S92b2e41dd3,Tommy James & the Shondells,Hanky Panky,,0,1,0,,not_enriched,unreviewed
7200,S92b317b486,Talking Heads,Popsicle,,0,1,0,,not_enriched,unreviewed
7201,S92b77e047c,Billy Idol,Mark of Caine,,0,1,0,,not_enriched,unreviewed
7202,S92c5740636,Rod Stewart,You Wear It Well,,0,1,0,,not_enriched,unreviewed
7203,S92c589fd15,Richard Marx,Should’ve Known Better,,0,1,0,,not_enriched,unreviewed
7204,S92dbb46749,Foreigner,Counting Every Minute,,0,1,0,,not_enriched,unreviewed
7205,S92dff8c542,Glenn Frey,Sea Cruise,,0,1,0,,not_enriched,unreviewed
7206,S92e6a062cc,ZZ Top,She Loves My Automobile,,0,1,0,,not_enriched,unreviewed
7207,S92eed614de,Men at Work,Who Can It Be Now?,,0,1,0,,not_enriched,unreviewed
7208,S92f6229938,Simple Minds,I Wish You Were Here,,0,1,0,,not_enriched,unreviewed
7209,S92f89378ef,Jay Ferguson,Soulin',,0,1,0,,not_enriched,unreviewed
7210,S9303daac4f,Bob Seger & the Silver Bullet Band,Roll Me Away,,0,1,0,,not_enriched,unreviewed
7211,S931308a4ac,"Crosby, Stills & Nash",Shadow Captain,,0,1,0,,not_enriched,unreviewed
7212,S931b62a2be,Elton John,Nobody Wins,,0,1,0,,not_enriched,unreviewed
7213,S932a8a177f,Stone Temple Pilots,Ride the Cliché,,0,1,0,,not_enriched,unreviewed
7214,S932f81847c,Kansas,Closet Chronicles,,0,1,0,,not_enriched,unreviewed
7215,S933b011012,REO Speedwagon,One Too Many Girlfriends,,0,1,0,,not_enriched,unreviewed
7216,S9340649432,REO Speedwagon,Let’s Be-Bop,,0,1,0,,not_enriched,unreviewed
7217,S93449fb3b8,Billy Joel,All for Leyna,,0,1,0,,not_enriched,unreviewed
7218,S934fb4589e,Rod Stewart,Lost Paraguayos,,0,1,0,,not_enriched,unreviewed
7219,S9357899a54,KISS,All Hell’s Breakin’ Loose,,0,1,0,,not_enriched,unreviewed
7220,S93584249c5,Icehouse,Man of Colours,,0,1,0,,not_enriched,unreviewed
7221,S936573da91,.38 Special,Hittin’ and Runnin’,,0,1,0,,not_enriched,unreviewed
7222,S936b969f0b,Tom Cochrane,Friendly Advice,,0,1,0,,not_enriched,unreviewed
7223,S9377177e5c,Sweet,Into the Night,,0,1,0,,not_enriched,unreviewed
7224,S9377ab33e8,Blue Öyster Cult,Kick Out the Jams,,0,1,0,,not_enriched,unreviewed
7225,S9378f0fd5f,Foreigner,Stranger in My Own House,,0,1,0,,not_enriched,unreviewed
7226,S937b093652,April Wine,Silver Dollar,,0,1,0,,not_enriched,unreviewed
7227,S938b5904cd,New Radicals,Someday We’ll Know,,0,1,0,,not_enriched,unreviewed
7228,S938b880734,XTC,Dying,,0,1,0,,not_enriched,unreviewed
7229,S938dfb7fcf,The Rolling Stones,Doo Doo Doo Doo Doo (Heartbreaker),,0,1,0,,not_enriched,unreviewed
7230,S938eec27d8,Hootie & the Blowfish,Goodbye,,0,1,0,,not_enriched,unreviewed
7231,S9398d0f569,Eurythmics,There Must Be an Angel,,0,1,0,,not_enriched,unreviewed
7232,S93ab105093,Joe Walsh,Second Hand Store,,0,1,0,,not_enriched,unreviewed
7233,S93aeac9240,Adam Ant,Anger Inc.,,0,1,0,,not_enriched,unreviewed
7234,S93b42d4fe6,Richard Marx,Heaven Only Knows,,0,1,0,,not_enriched,unreviewed
7235,S93c0a04553,ZZ Top,Tube Snake Boogie,,0,1,0,,not_enriched,unreviewed
7236,S93c2c6e64e,Jewel,Absence of Fear,,0,1,0,,not_enriched,unreviewed
7237,S93c35aab90,Tom Petty,Cabin Down Below,,0,1,0,,not_enriched,unreviewed
7238,S93c3e3f94b,A Flock of Seagulls,What Am I Supposed to Do,,0,1,0,,not_enriched,unreviewed
7239,S93c3e6c8a4,Little River Band,Falling,,0,1,0,,not_enriched,unreviewed
7240,S93c6e76393,Roger Hodgson,House on the Corner,,0,1,0,,not_enriched,unreviewed
7241,S93cca093fe,Burton Cummings,Your Back Yard,,0,1,0,,not_enriched,unreviewed
7242,S93d4b39e7a,Poison,The Scream,,0,1,0,,not_enriched,unreviewed
7243,S93d77f5a06,Eric Clapton,The Core,,0,1,0,,not_enriched,unreviewed
7244,S93db29b019,Stray Cats,Rumble in Brighton,,0,1,0,,not_enriched,unreviewed
7245,S93db6799a2,Extreme,Decadence Dance,,0,1,0,,not_enriched,unreviewed
7246,S93e9559263,Heart,Bebe Le Strange,,0,1,0,,not_enriched,unreviewed
7247,S93f3824b87,Don Henley,You Can't Make Love,,0,1,0,,not_enriched,unreviewed
7248,S93f80003ed,Planet P Project,"Behind the Barrier, Part 2",,0,1,0,,not_enriched,unreviewed
7249,S93fa4f5ae6,The Pretenders,Middle of the Road,,0,1,0,,not_enriched,unreviewed
7250,S93fb7d221a,Triumph,Hot Time (in This City Tonight),,0,1,0,,not_enriched,unreviewed
7251,S93fd6b4f7f,Stevie Ray Vaughan and Double Trouble,Tin Pan Alley,,0,1,0,,not_enriched,unreviewed
7252,S9400c45732,Danger Danger,Rock America,,0,1,0,,not_enriched,unreviewed
7253,S9401185876,Donnie Iris,Back on the Streets,,0,1,0,,not_enriched,unreviewed
7254,S9409f204cf,Chris Rea,Whatever Happened to Benny Santini?,,0,1,0,,not_enriched,unreviewed
7255,S941475e11a,Sammy Hagar,Eagles Fly,,0,1,0,,not_enriched,unreviewed
7256,S9420a2fd8b,Jethro Tull,Up to Me,,0,1,0,,not_enriched,unreviewed
7257,S9428c1f15b,ZZ Top,Dust My Broom,,0,1,0,,not_enriched,unreviewed
7258,S9429c017a3,Judas Priest,Hot for Love,,0,1,0,,not_enriched,unreviewed
7259,S9433c31da4,New Radicals,I Hope I Didn’t Just Give Away the Ending,,0,1,0,,not_enriched,unreviewed
7260,S943c687e4a,38 Special,Breakin’ Loose,,0,1,0,,not_enriched,unreviewed
7261,S943d0510f6,Gerry Rafferty,The Ark,,0,1,0,,not_enriched,unreviewed
7262,S944c1e8afc,Journey,Lovin’ You Is Easy,,0,1,0,,not_enriched,unreviewed
7263,S9450bad87c,Bonham,Just Another Day,,0,1,0,,not_enriched,unreviewed
7264,S9452c088fc,Keith Sykes,Smack Dab in the Middle,,0,1,0,,not_enriched,unreviewed
7265,S9477da568a,Billy Joel,It’s Still Rock and Roll to Me,,0,1,0,,not_enriched,unreviewed
7266,S949147b5bb,Linda Ronstadt,Roll Um Easy,,0,1,0,,not_enriched,unreviewed
7267,S9495848ef7,Fleetwood Mac,Brown Eyes,,0,1,0,,not_enriched,unreviewed
7268,S94978c74db,Chicago,Mama Mama,,0,1,0,,not_enriched,unreviewed
7269,S9498df523a,Crosby & Nash,Southbound Train,,0,1,0,,not_enriched,unreviewed
7270,S94995e49e5,St. Paul,Every Time I Close My Eyes,,0,1,0,,not_enriched,unreviewed
7271,S949b7e66c7,Bruce Springsteen,She’s the One,,0,1,0,,not_enriched,unreviewed
7272,S94a13e0f67,Marcy Playground,Poppies,,0,1,0,,not_enriched,unreviewed
7273,S94a38de69d,Def Leppard,Love and Affection,,0,1,0,,not_enriched,unreviewed
7274,S94a482cf51,Queen,You’re My Best Friend,,0,1,0,,not_enriched,unreviewed
7275,S94af3efa61,Johann Sebastian Bach,"Toccata and Fugue in D minor, BWV 565",,0,1,0,,not_enriched,unreviewed
7276,S94b3224c59,Richard Marx,Hold On to the Nights,,0,1,0,,not_enriched,unreviewed
7277,S94c1b968a9,Pearl Jam,Glorified G,,0,1,0,,not_enriched,unreviewed
7278,S94c7baf82b,Def Leppard,Excitable,,0,1,0,,not_enriched,unreviewed
7279,S94cd3e6248,Pat Benatar,I Want Out,,0,1,0,,not_enriched,unreviewed
7280,S94cddc0022,Neil Young,Don't Let It Bring You Down,,0,1,0,,not_enriched,unreviewed
7281,S94decb6f03,The Pretenders,Back on the Chain Gang,,0,1,0,,not_enriched,unreviewed
7282,S94e318f90e,Elton John,Ugly Girls and Fat Boys,,0,1,0,,not_enriched,unreviewed
7283,S94e3c47499,Rolling Stones,Continental Drift,,0,1,0,,not_enriched,unreviewed
7284,S94e4050f54,Van Halen,Dancing in the Street,,0,1,0,,not_enriched,unreviewed
7285,S94e811acae,David Crosby,Oh Yes I Can,,0,1,0,,not_enriched,unreviewed
7286,S94f0a338d9,Robert Plant,Why,,0,1,0,,not_enriched,unreviewed
7287,S94f0f24727,Santana,É papa ré,,0,1,0,,not_enriched,unreviewed
7288,S94f214942e,Neil Young,Hangin’ on a Limb,,0,1,0,,not_enriched,unreviewed
7289,S94f4949b75,Bruce Springsteen,Pony Boy,,0,1,0,,not_enriched,unreviewed
7290,S94f85be68a,Garth Brooks,Victim of the Game,,0,1,0,,not_enriched,unreviewed
7291,S9505d837f3,Loggins & Messina,Wasting Our Time,,0,1,0,,not_enriched,unreviewed
7292,S9506f643b1,Sherbs,Never Surrender,,0,1,0,,not_enriched,unreviewed
7293,S950aa272b1,Queen,Dancer,,0,1,0,,not_enriched,unreviewed
7294,S950dfdf2b5,Whitesnake,Spit It Out,,0,1,0,,not_enriched,unreviewed
7295,S950e137d89,Steely Dan,Everything You Did,,0,1,0,,not_enriched,unreviewed
7296,S952c2d885d,Journey,Keep On Runnin',,0,1,0,,not_enriched,unreviewed
7297,S9533aecc36,Tom Petty and the Heartbreakers,Needles and Pins,,0,1,0,,not_enriched,unreviewed
7298,S95444dfedf,Bryan Adams,Summer of ’69,,0,1,0,,not_enriched,unreviewed
7299,S95508d71a0,Keith Richards,Big Enough,,0,1,0,,not_enriched,unreviewed
7300,S9551b0b7e3,Duran Duran,I Take the Dice,,0,1,0,,not_enriched,unreviewed
7301,S955a6e79f5,T. Rex,Life’s a Gas,,0,1,0,,not_enriched,unreviewed
7302,S9564b09384,Rossington Collins Band,I'm Free Today,,0,1,0,,not_enriched,unreviewed
7303,S95652cb6b3,Billy Squier,Take a Look Behind Ya,,0,1,0,,not_enriched,unreviewed
7304,S95692440c4,Jefferson Starship,Keep on Dreamin',,0,1,0,,not_enriched,unreviewed
7305,S9572000549,Deep Purple,Space Truckin',,0,1,0,,not_enriched,unreviewed
7306,S957557d2ec,Rick Springfield,The American Girl,,0,1,0,,not_enriched,unreviewed
7307,S957dbb261c,Paul McCartney,Here Today,,0,1,0,,not_enriched,unreviewed
7308,S958639c6eb,Prince,When Doves Cry,,0,1,0,,not_enriched,unreviewed
7309,S95a07ef805,Meredith Brooks,It Don't Get Better,,0,1,0,,not_enriched,unreviewed
7310,S95a40a3cc8,KISS,Fits Like a Glove,,0,1,0,,not_enriched,unreviewed
7311,S95a4b91a73,Harry Chapin,A Child Is Born,,0,1,0,,not_enriched,unreviewed
7312,S95a8bc994a,Yes,I Would Have Waited Forever,,0,1,0,,not_enriched,unreviewed
7313,S95b5494d31,Genesis,Mama,,0,1,0,,not_enriched,unreviewed
7314,S95bc6d16f9,Bee Gees,Wind of Change,,0,1,0,,not_enriched,unreviewed
7315,S95be7e8be1,Pink Floyd,The Fletcher Memorial Home,,0,1,0,,not_enriched,unreviewed
7316,S95c2d48c39,Kenny Rogers & The First Edition,After All,,0,1,0,,not_enriched,unreviewed
7317,S95e0a5099f,The Georgia Satellites,Mon Cheri,,0,1,0,,not_enriched,unreviewed
7318,S95fb6a9de0,Yes,I’ve Seen All Good People: Your Move / All Good People,,0,1,0,,not_enriched,unreviewed
7319,S95fee46ac2,XTC,1000 Umbrellas,,0,1,0,,not_enriched,unreviewed
7320,S96083922bb,The Pretenders,Space Invader,,0,1,0,,not_enriched,unreviewed
7321,S960960f434,Don Henley,Building the Perfect Beast,,0,1,0,,not_enriched,unreviewed
7322,S961232d074,Styx,Lonely People,,0,1,0,,not_enriched,unreviewed
7323,S9621079214,Steve Miller Band,Midnight Train,,0,1,0,,not_enriched,unreviewed
7324,S963b04eb47,Carly Simon,The Garden,,0,1,0,,not_enriched,unreviewed
7325,S96410a0e91,Paul McCartney & Wings,"What’s That You’re Doing (Rough take, Monitor mix)",,0,1,0,,not_enriched,unreviewed
7326,S9646b0959f,Missing Persons,Bad Streets,,0,1,0,,not_enriched,unreviewed
7327,S964886524c,Steely Dan,Rikki Don’t Lose That Number,,0,1,0,,not_enriched,unreviewed
7328,S9664f72029,Lou Gramm,Midnight Blue,,0,1,0,,not_enriched,unreviewed
7329,S96686ceecf,The Cars,Cruiser,,0,1,0,,not_enriched,unreviewed
7330,S9675d82858,Stevie Nicks,Rhiannon,,0,1,0,,not_enriched,unreviewed
7331,S9675de7819,Doors,Been Down So Long,,0,1,0,,not_enriched,unreviewed
7332,S9682eab4cb,Rush,The Weapon,,0,1,0,,not_enriched,unreviewed
7333,S968a7453b8,Tommy Shaw,Kiss Me Hello,,0,1,0,,not_enriched,unreviewed
7334,S968b61f91c,Kenny G,End of the Night,,0,1,0,,not_enriched,unreviewed
7335,S968cc5d948,The Lovin’ Spoonful,Butchie’s Tune,,0,1,0,,not_enriched,unreviewed
7336,S969387d452,R.E.M.,Man on the Moon,,0,1,0,,not_enriched,unreviewed
7337,S9693c59e60,Martin Briley,Heart of Life,,0,1,0,,not_enriched,unreviewed
7338,S9694548aa5,The Hooters,South Ferry Road,,0,1,0,,not_enriched,unreviewed
7339,S9695569027,Roger Waters,"4:58 AM (Dunroamin, Duncarin, Dunlivin)",,0,1,0,,not_enriched,unreviewed
7340,S96aba880db,Ted Nugent,Turn It Up,,0,1,0,,not_enriched,unreviewed
7341,S96b0094cf5,Elton John,Mellow,,0,1,0,,not_enriched,unreviewed
7342,S96b2afaa20,Foreigner,Don't Let Go,,0,1,0,,not_enriched,unreviewed
7343,S96b304ac48,Steve Perry,Oh Sherrie,,0,1,0,,not_enriched,unreviewed
7344,S96b4ff9fc6,Lïve,Horse,,0,1,0,,not_enriched,unreviewed
7345,S96b5dac939,Jewel,Painters,,0,1,0,,not_enriched,unreviewed
7346,S96c19554f0,Sly & the Family Stone,Thank You (Falettinme Be Mice Elf Agin),,0,1,0,,not_enriched,unreviewed
7347,S96cd637569,Queen,I’m in Love With My Car,,0,1,0,,not_enriched,unreviewed
7348,S96e3a8d968,Slaughter,Burnin' Bridges,,0,1,0,,not_enriched,unreviewed
7349,S96e656cb54,Carpenters,It Came Upon a Midnight Clear,,0,1,0,,not_enriched,unreviewed
7350,S96f481a881,Blue Öyster Cult,I Am the Storm,,0,1,0,,not_enriched,unreviewed
7351,S96fd2cb21d,Tesla,Hang Tough,,0,1,0,,not_enriched,unreviewed
7352,S96fd55f976,The Cars,You Can't Hold On Too Long,,0,1,0,,not_enriched,unreviewed
7353,S96ffcf4580,Pretenders,How Much Did You Get for Your Soul?,,0,1,0,,not_enriched,unreviewed
7354,S97059a1c90,"Crosby, Stills & Nash",Just a Song Before I Go,,0,1,0,,not_enriched,unreviewed
7355,S97085cc7a4,Joe Walsh,Theme From Boat Weirdos,,0,1,0,,not_enriched,unreviewed
7356,S970a8df9a7,Garth Brooks,Not Counting You,,0,1,0,,not_enriched,unreviewed
7357,S9712063baa,Blind Faith,Sleeping in the Ground,,0,1,0,,not_enriched,unreviewed
7358,S9715c49854,Head East,Brother Jacob,,0,1,0,,not_enriched,unreviewed
7359,S971c6b7eda,Talking Heads,Love → Building on Fire,,0,1,0,,not_enriched,unreviewed
7360,S9727d19486,SCANDAL,Sisters,,0,1,0,,not_enriched,unreviewed
7361,S9729e1cee2,Rick Springfield,I’ve Done Everything for You,,0,1,0,,not_enriched,unreviewed
7362,S972ea8521f,Paul Simon,Duncan,,0,1,0,,not_enriched,unreviewed
7363,S9738752c67,David Crosby,Lady of the Harbor,,0,1,0,,not_enriched,unreviewed
7364,S9738f9fc6b,The Breeders,Cannonball,,0,1,0,,not_enriched,unreviewed
7365,S973add69eb,Buckingham Nicks,Lola (My Love),,0,1,0,,not_enriched,unreviewed
7366,S97431feccb,Al Stewart,Valentina Way,,0,1,0,,not_enriched,unreviewed
7367,S974b7d9c71,R.E.M.,I Took Your Name,,0,1,0,,not_enriched,unreviewed
7368,S974d9c9711,Tracy Chapman,Smoke and Ashes,,0,1,0,,not_enriched,unreviewed
7369,S974fe2f932,Roger Waters,4:47 AM (The Remains of Our Love),,0,1,0,,not_enriched,unreviewed
7370,S975f3c4e60,The Yardbirds,A Certain Girl,,0,1,0,,not_enriched,unreviewed
7371,S9761b8d84d,Thin Lizzy,The Boys Are Back in Town,,0,1,0,,not_enriched,unreviewed
7372,S9764e6a188,Steely Dan,Glamour Profession,,0,1,0,,not_enriched,unreviewed
7373,S97663a4fa0,Buffalo Springfield,On the Way Home,,0,1,0,,not_enriched,unreviewed
7374,S9769f3c4cf,The Alan Parsons Project,Secret Garden (5.1 mix),,0,1,0,,not_enriched,unreviewed
7375,S978db00a7d,The Wallflowers,I Wish I Felt Nothing,,0,1,0,,not_enriched,unreviewed
7376,S979f667647,Helix,You're A Woman Now,,0,1,0,,not_enriched,unreviewed
7377,S97a1e60ed4,Stone Temple Pilots,Crackerman,,0,1,0,,not_enriched,unreviewed
7378,S97a962c17d,Collective Soul,Where the River Flows,,0,1,0,,not_enriched,unreviewed
7379,S97bb7cc207,Lïve,Selling the Drama,,0,1,0,,not_enriched,unreviewed
7380,S97c09fe8a2,Bryan Adams,Rebel,,0,1,0,,not_enriched,unreviewed
7381,S97d8264f95,Cruzados,Bed of Lies,,0,1,0,,not_enriched,unreviewed
7382,S97de51b339,R.E.M.,I Remember California,,0,1,0,,not_enriched,unreviewed
7383,S97e3671b0a,Steely Dan,Barrytown,,0,1,0,,not_enriched,unreviewed
7384,S97f96dbd01,Eric Clapton,Tulsa Time,,0,1,0,,not_enriched,unreviewed
7385,S97ffd03afa,Jackson Browne,I’m Alive,,0,1,0,,not_enriched,unreviewed
7386,S980334a13b,Nils Lofgren,Silver Lining,,0,1,0,,not_enriched,unreviewed
7387,S980cf4359f,Hootie & the Blowfish,Time,,0,1,0,,not_enriched,unreviewed
7388,S9812032d09,Bruce Springsteen,Real World,,0,1,0,,not_enriched,unreviewed
7389,S9817d0c957,Starship,Rock Myself to Sleep,,0,1,0,,not_enriched,unreviewed
7390,S98223206f8,Ian Matthews,Sail My Soul,,0,1,0,,not_enriched,unreviewed
7391,S983e8dd16a,Mercy,Love Is Blue,,0,1,0,,not_enriched,unreviewed
7392,S98504b22f5,The Georgia Satellites,Don’t Pass Me By,,0,1,0,,not_enriched,unreviewed
7393,S98537cd7d8,Glenn Frey,Don't Give Up,,0,1,0,,not_enriched,unreviewed
7394,S986579d29f,George Thorogood & the Destroyers,If You Don’t Start Drinkin’ (I’m Gonna Leave),,0,1,0,,not_enriched,unreviewed
7395,S9867d849ec,Van Stephenson,Don't Do That,,0,1,0,,not_enriched,unreviewed
7396,S986882364b,Robert Plant,Watching You,,0,1,0,,not_enriched,unreviewed
7397,S986bfcecc7,Garth Brooks,Against the Grain,,0,1,0,,not_enriched,unreviewed
7398,S9872b3e10b,Greg Kihn Band,Happy Man,,0,1,0,,not_enriched,unreviewed
7399,S98734fe6dd,Pearl Jam,Sometimes,,0,1,0,,not_enriched,unreviewed
7400,S9876d0be6a,Porno for Pyros,Packin' .25,,0,1,0,,not_enriched,unreviewed
7401,S98803d48d1,John Cougar Mellencamp,Mansions in Heaven,,0,1,0,,not_enriched,unreviewed
7402,S98896510a3,Eddie Money,It Could Happen to You,,0,1,0,,not_enriched,unreviewed
7403,S988ae9cb03,Walter Egan,Unloved,,0,1,0,,not_enriched,unreviewed
7404,S989dc4a86e,Wham!,Freedom,,0,1,0,,not_enriched,unreviewed
7405,S98a54d0dc4,"Hamilton, Joe Frank & Reynolds",Everyday Without You,,0,1,0,,not_enriched,unreviewed
7406,S98ab99f93d,Cream,White Room,,0,1,0,,not_enriched,unreviewed
7407,S98ba22ac1c,Sherbs,Juliet and Me,,0,1,0,,not_enriched,unreviewed
7408,S98c015ba03,REO Speedwagon,Gotta Feel More,,0,1,0,,not_enriched,unreviewed
7409,S98c3b29c83,Roy Orbison,California Blue,,0,1,0,,not_enriched,unreviewed
7410,S98c929583d,Van Halen,A Apolitical Blues,,0,1,0,,not_enriched,unreviewed
7411,S98ca53c906,Tommy James & the Shondells,Mony Mony,,0,1,0,,not_enriched,unreviewed
7412,S98d0e6c2a4,Ted Nugent,Dog Eat Dog,,0,1,0,,not_enriched,unreviewed
7413,S98d44329b4,Tesla,Modern Day Cowboy,,0,1,0,,not_enriched,unreviewed
7414,S98d487f196,Triumph,Allied Forces,,0,1,0,,not_enriched,unreviewed
7415,S98d99cfd11,Tommy Tutone,Which Man Are You,,0,1,0,,not_enriched,unreviewed
7416,S98f12a640e,Loverboy,Prime of Your Life,,0,1,0,,not_enriched,unreviewed
7417,S98f3bcabb0,Carpenters,"Man Smart, Woman Smarter",,0,1,0,,not_enriched,unreviewed
7418,S98f4776f19,Roy Orbison,Careless Heart,,0,1,0,,not_enriched,unreviewed
7419,S98f9a8a691,John Waite,Encircled,,0,1,0,,not_enriched,unreviewed
7420,S98fc405c37,Ringo Starr,Call Me,,0,1,0,,not_enriched,unreviewed
7421,S99013be661,Paula Cole,Tiger,,0,1,0,,not_enriched,unreviewed
7422,S9902887204,The Motels,Apocalypso,,0,1,0,,not_enriched,unreviewed
7423,S990d7d6bb8,Roy Orbison,(All I Can Do Is) Dream You,,0,1,0,,not_enriched,unreviewed
7424,S991e3669b8,Rossington Collins Band,Prime Time,,0,1,0,,not_enriched,unreviewed
7425,S9921ae90a8,Men at Work,Touching the Untouchables,,0,1,0,,not_enriched,unreviewed
7426,S9927a23e25,Electric Light Orchestra,Bluebird Is Dead,,0,1,0,,not_enriched,unreviewed
7427,S99441366bf,Arc Angel,Sidelines,,0,1,0,,not_enriched,unreviewed
7428,S9948a13ad8,Three Dog Night,King Solomon's Mines,,0,1,0,,not_enriched,unreviewed
7429,S995339a995,The Cars,Touch and Go,,0,1,0,,not_enriched,unreviewed
7430,S99583d5b9a,Rick Derringer,Teenage Love Affair,,0,1,0,,not_enriched,unreviewed
7431,S996fe9c3be,Freedom And Whiskey,Dog House,,0,1,0,,not_enriched,unreviewed
7432,S997b81b403,Talking Heads,Warning Sign,,0,1,0,,not_enriched,unreviewed
7433,S99831ab1b6,Ten Years After,Here They Come,,0,1,0,,not_enriched,unreviewed
7434,S99871913d3,Three Dog Night,Midnight Runaway,,0,1,0,,not_enriched,unreviewed
7435,S998fb68df3,L.A. Guns,I'm Addicted,,0,1,0,,not_enriched,unreviewed
7436,S99915420ce,Marillion,Pseudo Silk Kimono,,0,1,0,,not_enriched,unreviewed
7437,S999459b661,David Baerwald,Hello Mary,,0,1,0,,not_enriched,unreviewed
7438,S999704d20e,KISS,Exciter,,0,1,0,,not_enriched,unreviewed
7439,S99aa588a74,Van Halen,Runnin’ With the Devil,,0,1,0,,not_enriched,unreviewed
7440,S99ab57a0aa,Izzy Stradlin and the Ju Ju Hounds,Cuttin’ the Rug,,0,1,0,,not_enriched,unreviewed
7441,S99b2e15cff,Spandau Ballet,True,,0,1,0,,not_enriched,unreviewed
7442,S99b561ea1a,Bonham,Wait for You,,0,1,0,,not_enriched,unreviewed
7443,S99c0742dec,Foreigner,Out of the Blue,,0,1,0,,not_enriched,unreviewed
7444,S99c74ce14e,Player,Tryin’ to Write a Hit Song,,0,1,0,,not_enriched,unreviewed
7445,S99d2170c97,Stabilizers,A Place To Hide,,0,1,0,,not_enriched,unreviewed
7446,S99e0ba13f5,Argent,Thunder and Lightning,,0,1,0,,not_enriched,unreviewed
7447,S99e36387cd,Kim Mitchell,Cameo Spirit,,0,1,0,,not_enriched,unreviewed
7448,S99f09fded4,Winger,Easy Come Easy Go,,0,1,0,,not_enriched,unreviewed
7449,S9a05427010,Atlanta Rhythm Section,Southern Exposure,,0,1,0,,not_enriched,unreviewed
7450,S9a05749a31,The Doors,Alabama Song (Whisky Bar),,0,1,0,,not_enriched,unreviewed
7451,S9a15c1d454,Gregg Alexander,I Wanna Seduce You,,0,1,0,,not_enriched,unreviewed
7452,S9a1a47a6b9,Sinéad O’Connor,Three Babies,,0,1,0,,not_enriched,unreviewed
7453,S9a1f9475f6,The Del Fuegos,Hand in Hand,,0,1,0,,not_enriched,unreviewed
7454,S9a1ff6fb9f,Bob Dylan,"If You See Her, Say Hello",,0,1,0,,not_enriched,unreviewed
7455,S9a239f1884,Tubes,Think About Me,,0,1,0,,not_enriched,unreviewed
7456,S9a2cc5ef10,The Who,Sister Disco,,0,1,0,,not_enriched,unreviewed
7457,S9a37f3c86e,Genesis,I Can’t Dance,,0,1,0,,not_enriched,unreviewed
7458,S9a3888e201,City Boy,Dangerous Ground,,0,1,0,,not_enriched,unreviewed
7459,S9a4c051d31,Todd Rundgren,Secret Society (re‐recorded),,0,1,0,,not_enriched,unreviewed
7460,S9a556123aa,Edie Brickell & New Bohemians,Little Miss S.,,0,1,0,,not_enriched,unreviewed
7461,S9a5c67e574,The Rolling Stones,Silver Train,,0,1,0,,not_enriched,unreviewed
7462,S9a5f5222ae,Kenny Rogers & The First Edition,For the Good Times,,0,1,0,,not_enriched,unreviewed
7463,S9a67ee766e,R.E.M.,Sweetness Follows,,0,1,0,,not_enriched,unreviewed
7464,S9a68f2b431,L.A. Guns,Slap in the Face,,0,1,0,,not_enriched,unreviewed
7465,S9a6a17e6d9,Sweet,I Wanna Be Committed,,0,1,0,,not_enriched,unreviewed
7466,S9a75c82e60,The Caroleers,Home for the Holidays,,0,1,0,,not_enriched,unreviewed
7467,S9a79bda43c,The Hooters,She Comes in Colors,,0,1,0,,not_enriched,unreviewed
7468,S9a7fa1b610,Creedence Clearwater Revival,Hello Mary Lou,,0,1,0,,not_enriched,unreviewed
7469,S9a82d3c697,T. Rex,Rip Off,,0,1,0,,not_enriched,unreviewed
7470,S9a859968c8,"Emerson, Lake & Palmer",Jerusalem,,0,1,0,,not_enriched,unreviewed
7471,S9a8a2480e3,Cheap Trick,If You Need Me,,0,1,0,,not_enriched,unreviewed
7472,S9a8e4744f6,"Hamilton, Joe Frank & Reynolds",Barroom Blues,,0,1,0,,not_enriched,unreviewed
7473,S9a8f8cb879,Fleetwood Mac,That's Enough for Me,,0,1,0,,not_enriched,unreviewed
7474,S9a944e3a98,Kenny G,Morning,,0,1,0,,not_enriched,unreviewed
7475,S9a945c1dd9,Savage Garden,A Thousand Words,,0,1,0,,not_enriched,unreviewed
7476,S9a959430a9,Blue Öyster Cult,Heavy Metal: The Black and Silver,,0,1,0,,not_enriched,unreviewed
7477,S9a95c6b095,Julian Lennon,You Get What You Want,,0,1,0,,not_enriched,unreviewed
7478,S9a9ed530a9,Sweet,Sweet F.A.,,0,1,0,,not_enriched,unreviewed
7479,S9a9f3a62ff,John Cougar,Don’t Misunderstand Me,,0,1,0,,not_enriched,unreviewed
7480,S9aa217a729,Bruce Springsteen,57 Channels (and Nothin’ On),,0,1,0,,not_enriched,unreviewed
7481,S9aa431ac4e,Phil Collins,Hang In Long Enough,,0,1,0,,not_enriched,unreviewed
7482,S9aa8d9a4e9,Electric Light Orchestra,Down Home Town,,0,1,0,,not_enriched,unreviewed
7483,S9aaf970543,Roy Orbison,She's a Mystery to Me,,0,1,0,,not_enriched,unreviewed
7484,S9aafd11973,U2,The Fly,,0,1,0,,not_enriched,unreviewed
7485,S9ab6edaef0,Kenny Loggins,What a Fool Believes,,0,1,0,,not_enriched,unreviewed
7486,S9ab88ae477,Neil Young,Peace and Love,,0,1,0,,not_enriched,unreviewed
7487,S9ab8d5fe21,Van Halen,Finish What Ya Started,,0,1,0,,not_enriched,unreviewed
7488,S9abb104cbd,Eddie Money,Get A Move On,,0,1,0,,not_enriched,unreviewed
7489,S9abc9c472b,Toto,It’s a Feeling,,0,1,0,,not_enriched,unreviewed
7490,S9acc3bab00,Tower of Fire,The Burning Beast of the Tower of Fire,,0,1,0,,not_enriched,unreviewed
7491,S9accd97a64,Peter Gabriel,Come Talk to Me,,0,1,0,,not_enriched,unreviewed
7492,S9afafdc773,The Del Fuegos,Shame,,0,1,0,,not_enriched,unreviewed
7493,S9aff175e92,Bandit,One Way Love,,0,1,0,,not_enriched,unreviewed
7494,S9b0411ec9b,John Fogerty,Searchlight,,0,1,0,,not_enriched,unreviewed
7495,S9b05a3ae71,Fleetwood Mac,Oh Diane,,0,1,0,,not_enriched,unreviewed
7496,S9b05d0b1b6,Santana,Black Magic Woman / Gypsy Queen,,0,1,0,,not_enriched,unreviewed
7497,S9b06fbf63e,Firefall,Mexico,,0,1,0,,not_enriched,unreviewed
7498,S9b14fefc14,R.E.M.,Radio Free Europe (original Hib-Tone single),,0,1,0,,not_enriched,unreviewed
7499,S9b25400bb2,Lindsey Buckingham,That’s How We Do It in L.A.,,0,1,0,,not_enriched,unreviewed
7500,S9b28ef2890,Billy Joel,Shades of Grey,,0,1,0,,not_enriched,unreviewed
7501,S9b3307a1d5,Bruce Springsteen,Ain’t Got You,,0,1,0,,not_enriched,unreviewed
7502,S9b394357c9,The Black Crowes,Nonfiction,,0,1,0,,not_enriched,unreviewed
7503,S9b3dd700af,Arc Angel,Rock Me Tonight,,0,1,0,,not_enriched,unreviewed
7504,S9b409ec5eb,Danny Wilde,Restless Heart,,0,1,0,,not_enriched,unreviewed
7505,S9b49457524,Stray Cats,Lonely Summer Nights,,0,1,0,,not_enriched,unreviewed
7506,S9b4e4f3a1d,Split Enz,I Got You,,0,1,0,,not_enriched,unreviewed
7507,S9b51c818d0,Metallica,Enter Sandman,,0,1,0,,not_enriched,unreviewed
7508,S9b555e1dea,Ugly Kid Joe,Cats in the Cradle,,0,1,0,,not_enriched,unreviewed
7509,S9b56000151,Sneaker,In Time,,0,1,0,,not_enriched,unreviewed
7510,S9b58bdd536,Triumph,Air Raid,,0,1,0,,not_enriched,unreviewed
7511,S9b5cad7563,Dan Fogelberg,Only the Heart May Know,,0,1,0,,not_enriched,unreviewed
7512,S9b5e00b412,The Fixx,Sense the Adventure,,0,1,0,,not_enriched,unreviewed
7513,S9b5ef5dbb2,Tracy Chapman,Heaven's Here on Earth,,0,1,0,,not_enriched,unreviewed
7514,S9b68530db6,Arc Angel,Tragedy,,0,1,0,,not_enriched,unreviewed
7515,S9b6aa80cc5,Cracker,I Want Everything,,0,1,0,,not_enriched,unreviewed
7516,S9b706352f4,Eurythmics,Don't Ask Me Why,,0,1,0,,not_enriched,unreviewed
7517,S9b78d7fbbb,Extreme,He‐Man Woman Hater,,0,1,0,,not_enriched,unreviewed
7518,S9b7989595a,KISS,Calling Dr. Love,,0,1,0,,not_enriched,unreviewed
7519,S9b7c09744b,John Cougar,Make Me Feel,,0,1,0,,not_enriched,unreviewed
7520,S9b8100e23f,Roger Waters,"5:01 AM (The Pros and Cons of Hitch Hiking, Part 10)",,0,1,0,,not_enriched,unreviewed
7521,S9b827ce444,Three Dog Night,The Writings on the Wall,,0,1,0,,not_enriched,unreviewed
7522,S9b8e051527,R.E.M.,Try Not to Breathe,,0,1,0,,not_enriched,unreviewed
7523,S9b8e219bc9,Enigma,Callas Went Away,,0,1,0,,not_enriched,unreviewed
7524,S9b971e0dc8,Steve Miller Band,I Wanna Be Loved (but by Only You),,0,1,0,,not_enriched,unreviewed
7525,S9b9db3c4bb,Joe Jackson,It’s Different for Girls,,0,1,0,,not_enriched,unreviewed
7526,S9ba0bf00c5,The J. Geils Band,Centerfold,,0,1,0,,not_enriched,unreviewed
7527,S9bae049edc,Donnie Iris,Agnes,,0,1,0,,not_enriched,unreviewed
7528,S9bb2b8b017,Billy Joel,New York State of Mind,,0,1,0,,not_enriched,unreviewed
7529,S9bcf3a8d9b,Blue Öyster Cult,Vengeance (The Pact),,0,1,0,,not_enriched,unreviewed
7530,S9bcfeaeccd,Joe Cocker,Darling Be Home Soon,,0,1,0,,not_enriched,unreviewed
7531,S9bd6badff1,Peter Gabriel,Secret World,,0,1,0,,not_enriched,unreviewed
7532,S9be03804aa,INXS,Tiny Daggers,,0,1,0,,not_enriched,unreviewed
7533,S9be1266a3a,Stone Temple Pilots,Press Play,,0,1,0,,not_enriched,unreviewed
7534,S9bea312677,Tommy James & the Shondells,Draggin’ the Line,,0,1,0,,not_enriched,unreviewed
7535,S9bedff003f,The Alan Parsons Project,You Don’t Believe,,0,1,0,,not_enriched,unreviewed
7536,S9bef7b5927,Collective Soul,Needs,,0,1,0,,not_enriched,unreviewed
7537,S9bf3e9ae64,City Boy,Goodbye Laurelie,,0,1,0,,not_enriched,unreviewed
7538,S9bf6548c2b,Slaughter,Up All Night,,0,1,0,,not_enriched,unreviewed
7539,S9bfa634400,Buckingham Nicks,Django,,0,1,0,,not_enriched,unreviewed
7540,S9bfb3550a9,George Harrison,Poor Little Girl,,0,1,0,,not_enriched,unreviewed
7541,S9c0057537d,Blue Rose,Geraldine and Ruthie Mae,,0,1,0,,not_enriched,unreviewed
7542,S9c06fb279f,Stone Temple Pilots,Seven Caged Tigers,,0,1,0,,not_enriched,unreviewed
7543,S9c07480761,Robert Plant,Mystery Title,,0,1,0,,not_enriched,unreviewed
7544,S9c0e14b391,Pearl Jam,Go,,0,1,0,,not_enriched,unreviewed
7545,S9c1533aa41,The Outfield,Talk to Me,,0,1,0,,not_enriched,unreviewed
7546,S9c1576693e,Jefferson Starship,Freedom at Point Zero,,0,1,0,,not_enriched,unreviewed
7547,S9c1b3995f1,Linda Ronstadt,"Hey Mister, That’s Me Up on the Jukebox",,0,1,0,,not_enriched,unreviewed
7548,S9c1fab57b0,The Robert Cray Band,Across the Line,,0,1,0,,not_enriched,unreviewed
7549,S9c232a4296,Fleetwood Mac,Straight Back,,0,1,0,,not_enriched,unreviewed
7550,S9c40ddaaf3,Molly Hatchet,Edge of Sundown,,0,1,0,,not_enriched,unreviewed
7551,S9c5070939b,Buffalo Springfield,Rock and Roll Woman,,0,1,0,,not_enriched,unreviewed
7552,S9c51334837,The Beach Boys,You're So Good to Me,,0,1,0,,not_enriched,unreviewed
7553,S9c54f43c76,Gilbert O’Sullivan,Too Much Attention,,0,1,0,,not_enriched,unreviewed
7554,S9c596571f5,Steely Dan,Gaucho,,0,1,0,,not_enriched,unreviewed
7555,S9c729ffdb4,The Notting Hillbillies,That's Where I Belong,,0,1,0,,not_enriched,unreviewed
7556,S9c7872286f,The Kinks,Do It Again,,0,1,0,,not_enriched,unreviewed
7557,S9c8445a2f7,Duffy Bishop & The Rhythm Dogs,You Can't Hold Back on Love,,0,1,0,,not_enriched,unreviewed
7558,S9c8c8682bd,Talking Heads,I Wish You Wouldn’t Say That,,0,1,0,,not_enriched,unreviewed
7559,S9c94822783,Badfinger,I'm in Love,,0,1,0,,not_enriched,unreviewed
7560,S9c9514be45,Dire Straits,Les Boys,,0,1,0,,not_enriched,unreviewed
7561,S9c957fbae9,Night Ranger,Rumours in the Air,,0,1,0,,not_enriched,unreviewed
7562,S9c96d0e308,Russ Ballard,Beware,,0,1,0,,not_enriched,unreviewed
7563,S9c9d129d0f,The Gregg Allman Band,Lead Me On,,0,1,0,,not_enriched,unreviewed
7564,S9ca2eb86c0,Christine McVie,Ask Anybody,,0,1,0,,not_enriched,unreviewed
7565,S9cce69602a,Pat Benatar,Silent Partner,,0,1,0,,not_enriched,unreviewed
7566,S9cd5751b09,Prince,Tamborine,,0,1,0,,not_enriched,unreviewed
7567,S9cef8c0470,EMF,Children,,0,1,0,,not_enriched,unreviewed
7568,S9cefd5d4ed,Nils Lofgren,I Found Her,,0,1,0,,not_enriched,unreviewed
7569,S9cf9a5dc6a,Paul McCartney & Wings,Daytime Nighttime Suffering (early mix),,0,1,0,,not_enriched,unreviewed
7570,S9d10361f8f,Carpenters,Those Good Old Dreams,,0,1,0,,not_enriched,unreviewed
7571,S9d1ed6f363,Del Amitri,I Won't Take the Blame,,0,1,0,,not_enriched,unreviewed
7572,S9d2016d2a3,Icehouse,Glam,,0,1,0,,not_enriched,unreviewed
7573,S9d22c52b49,Blondie,"(I’m Always Touched by Your) Presence, Dear",,0,1,0,,not_enriched,unreviewed
7574,S9d27ae114f,April Wine,Wanna Rock,,0,1,0,,not_enriched,unreviewed
7575,S9d332ec479,Melissa Etheridge,Bring Me Some Water,,0,1,0,,not_enriched,unreviewed
7576,S9d38ba6be5,Chicago,Hope for Love,,0,1,0,,not_enriched,unreviewed
7577,S9d3ae64f84,Eddie Money,Nightmare,,0,1,0,,not_enriched,unreviewed
7578,S9d3ea90b77,Dread Zeppelin,Black Mountain Side,,0,1,0,,not_enriched,unreviewed
7579,S9d3fe92005,Jethro Tull,Sweet Dream,,0,1,0,,not_enriched,unreviewed
7580,S9d4a8a8a89,Enya,Evacuee,,0,1,0,,not_enriched,unreviewed
7581,S9d4bd6a432,John Waite,These Times Are Hard for Lovers,,0,1,0,,not_enriched,unreviewed
7582,S9d504e8579,Bob Seger & the Silver Bullet Band,Old Time Rock & Roll,,0,1,0,,not_enriched,unreviewed
7583,S9d544af630,Joe Cocker,She Came in Through the Bathroom Window,,0,1,0,,not_enriched,unreviewed
7584,S9d61a7c4e1,INXS,Devil Inside,,0,1,0,,not_enriched,unreviewed
7585,S9d62524358,The Rolling Stones,Luxury,,0,1,0,,not_enriched,unreviewed
7586,S9d64f3c54d,Harry Chapin,Shooting Star,,0,1,0,,not_enriched,unreviewed
7587,S9d7b33603b,Kenny Rogers & The First Edition,Shine on Ruby Mountain,,0,1,0,,not_enriched,unreviewed
7588,S9d8440e518,The Rolling Stones,If You Can’t Rock Me,,0,1,0,,not_enriched,unreviewed
7589,S9d8a8e7a1b,Steely Dan,Pretzel Logic,,0,1,0,,not_enriched,unreviewed
7590,S9da5e28bcc,Little River Band,Mr. Socialite,,0,1,0,,not_enriched,unreviewed
7591,S9da673286c,Counting Crows,Sullivan Street,,0,1,0,,not_enriched,unreviewed
7592,S9daaf12038,John Cougar Mellencamp,Paper in Fire,,0,1,0,,not_enriched,unreviewed
7593,S9dac05bec1,Squeeze,Labelled With Love,,0,1,0,,not_enriched,unreviewed
7594,S9db3f92610,Del Amitri,Just Like a Man,,0,1,0,,not_enriched,unreviewed
7595,S9dbfe056a1,George Harrison,Here Comes the Moon,,0,1,0,,not_enriched,unreviewed
7596,S9dc6f2a8fe,The Doors,Moonlight Drive,,0,1,0,,not_enriched,unreviewed
7597,S9dcd7298f5,Billy Joel,Rosalinda’s Eyes,,0,1,0,,not_enriched,unreviewed
7598,S9dce6ab79e,Eric Johnson,Song for George,,0,1,0,,not_enriched,unreviewed
7599,S9dd99d1aa5,Julian Lennon,Lonely,,0,1,0,,not_enriched,unreviewed
7600,S9ddd45a53a,Neil Young,Welfare Mothers,,0,1,0,,not_enriched,unreviewed
7601,S9de5e32b2e,Sammy Hagar,Rock Is in My Blood,,0,1,0,,not_enriched,unreviewed
7602,S9de79d0e27,Shania Twain,When,,0,1,0,,not_enriched,unreviewed
7603,S9de9b5e548,U2,Babyface,,0,1,0,,not_enriched,unreviewed
7604,S9df7d21547,Nirvana,Lake of Fire,,0,1,0,,not_enriched,unreviewed
7605,S9dfb0e72be,Atlanta Rhythm Section,Normal Love,,0,1,0,,not_enriched,unreviewed
7606,S9e06832fd1,R.E.M.,Drive,,0,1,0,,not_enriched,unreviewed
7607,S9e19775cf8,R.E.M.,Driver 8,,0,1,0,,not_enriched,unreviewed
7608,S9e1de1502f,Animotion,Turn Around,,0,1,0,,not_enriched,unreviewed
7609,S9e20a5c3ad,Jeff Beck,"Stop, Look and Listen",,0,1,0,,not_enriched,unreviewed
7610,S9e25ab9659,Georgia Satellites,Nights Of Mystery,,0,1,0,,not_enriched,unreviewed
7611,S9e32401f15,Loverboy,The Kid Is Hot Tonite,,0,1,0,,not_enriched,unreviewed
7612,S9e353953f6,Def Leppard,Armageddon It,,0,1,0,,not_enriched,unreviewed
7613,S9e3af994f7,Little River Band,Man on Your Mind,,0,1,0,,not_enriched,unreviewed
7614,S9e3ebe3013,The Outfield,61 Seconds,,0,1,0,,not_enriched,unreviewed
7615,S9e48e5b183,Aerosmith,Same Old Song and Dance,,0,1,0,,not_enriched,unreviewed
7616,S9e4b9dd46c,The Alan Parsons Project,Sooner or Later,,0,1,0,,not_enriched,unreviewed
7617,S9e4d0cd88e,Ozzy Osbourne,S.A.T.O.,,0,1,0,,not_enriched,unreviewed
7618,S9e562b81ec,Ludwig van Beethoven,"Symphony no. 6 (“Pastoral”), op. 68: III. Allegro / IV. Allegro / V. Allegretto",,0,1,0,,not_enriched,unreviewed
7619,S9e5fb60ba0,Mountain,Mississippi Queen,,0,1,0,,not_enriched,unreviewed
7620,S9e6059937b,Steve Winwood,Freedom Overspill,,0,1,0,,not_enriched,unreviewed
7621,S9e774c7f16,REO Speedwagon,Sweet Time,,0,1,0,,not_enriched,unreviewed
7622,S9e7d633f43,Elton John,I Am Your Robot,,0,1,0,,not_enriched,unreviewed
7623,S9e7f1c87a8,Eagles,Those Shoes,,0,1,0,,not_enriched,unreviewed
7624,S9e90fef6f4,The Doors,Twentieth Century Fox,,0,1,0,,not_enriched,unreviewed
7625,S9e91715516,Joe Cocker,I Think It's Going to Rain Today,,0,1,0,,not_enriched,unreviewed
7626,S9e96d31fd4,Bruce Springsteen,Drive All Night,,0,1,0,,not_enriched,unreviewed
7627,S9e9f9cbc42,KISS,Baby Driver,,0,1,0,,not_enriched,unreviewed
7628,S9ea67e065e,Tubes,Don’t Want to Wait Anymore,,0,1,0,,not_enriched,unreviewed
7629,S9eb22f833e,Freedom And Whiskey,No More,,0,1,0,,not_enriched,unreviewed
7630,S9eb4d41e4b,The Beach Boys,Just Once in My Life,,0,1,0,,not_enriched,unreviewed
7631,S9eb81f8482,Bruce Springsteen,Real Man,,0,1,0,,not_enriched,unreviewed
7632,S9eb9233a98,Aerosmith,Back in the Saddle,,0,1,0,,not_enriched,unreviewed
7633,S9ebc3d7372,The Cranberries,I Can’t Be With You,,0,1,0,,not_enriched,unreviewed
7634,S9ebebfbbe3,Queensrÿche,The Thin Line,,0,1,0,,not_enriched,unreviewed
7635,S9ed00f72c0,Nine Inch Nails,Piggy,,0,1,0,,not_enriched,unreviewed
7636,S9edb7f5840,Eric Clapton,Peaches and Diesel,,0,1,0,,not_enriched,unreviewed
7637,S9ee15e21fd,Atlanta Rhythm Section,Quinella,,0,1,0,,not_enriched,unreviewed
7638,S9ee3527a49,Nick Gilder,All Because of Love,,0,1,0,,not_enriched,unreviewed
7639,S9effe2c0fd,Lenny Kravitz,Are You Gonna Go My Way,,0,1,0,,not_enriched,unreviewed
7640,S9f06cc0a70,The Rolling Stones,Shake Your Hips,,0,1,0,,not_enriched,unreviewed
7641,S9f075b1da7,Nick Mason,The Grand Vizier’s Garden Party: Part 1 – Entrance / Part 2 – Entertainment / Part 3 – Exit,,0,1,0,,not_enriched,unreviewed
7642,S9f37f6fd48,Rod Stewart,The Wild Horse,,0,1,0,,not_enriched,unreviewed
7643,S9f48dd5149,Neil Young,Farmer John,,0,1,0,,not_enriched,unreviewed
7644,S9f4e87cc1a,Billy Joel,A Room of Our Own,,0,1,0,,not_enriched,unreviewed
7645,S9f58e1d4ca,John Cafferty & the Beaver Brown Band,Small Town Girl,,0,1,0,,not_enriched,unreviewed
7646,S9f6a8f97b1,Saga,The Interview,,0,1,0,,not_enriched,unreviewed
7647,S9f6b0e5483,Mason Ruffner,Distant Thunder,,0,1,0,,not_enriched,unreviewed
7648,S9f711e085c,Ten Years After,I’d Love to Change the World,,0,1,0,,not_enriched,unreviewed
7649,S9f75e59dcb,Duran Duran,Union of the Snake,,0,1,0,,not_enriched,unreviewed
7650,S9f7f41ec73,R.E.M.,Turn You Inside‐Out,,0,1,0,,not_enriched,unreviewed
7651,S9f9ca15a21,Rossington Collins Band,Misery Loves Company,,0,1,0,,not_enriched,unreviewed
7652,S9faf441fc4,Steely Dan,Parker’s Band,,0,1,0,,not_enriched,unreviewed
7653,S9fb3a82448,Bryan Adams,Native Son,,0,1,0,,not_enriched,unreviewed
7654,S9fc6ef9eba,The Motels,Trust Me,,0,1,0,,not_enriched,unreviewed
7655,S9fc7c600d0,Jimi Hendrix Experience,The Wind Cries Mary,,0,1,0,,not_enriched,unreviewed
7656,S9fca38c69b,Triumph,Fight the Good Fight,,0,1,0,,not_enriched,unreviewed
7657,S9fce321cf4,Huey Lewis and the News,Workin' for a Livin',,0,1,0,,not_enriched,unreviewed
7658,S9fd5bba1aa,"Crosby, Stills & Nash",Fair Game,,0,1,0,,not_enriched,unreviewed
7659,S9fde9aab88,R.E.M.,Crush With Eyeliner,,0,1,0,,not_enriched,unreviewed
7660,S9fe8f801a5,Toad the Wet Sprocket,Nightingale Song,,0,1,0,,not_enriched,unreviewed
7661,S9fecc385c0,Chris Isaak,Except the New Girl,,0,1,0,,not_enriched,unreviewed
7662,S9ff733447f,Rod Stewart,The Best Day of My Life,,0,1,0,,not_enriched,unreviewed
7663,S9ffc907894,Garth Brooks,Dixie Chicken,,0,1,0,,not_enriched,unreviewed
7664,Sa009a1ca92,The Human League,I Am the Law,,0,1,0,,not_enriched,unreviewed
7665,Sa0184e6fce,Foghat,Terraplane Blues,,0,1,0,,not_enriched,unreviewed
7666,Sa01a943540,Gregg Allman,These Days,,0,1,0,,not_enriched,unreviewed
7667,Sa020b157ad,Journey,Lady Luck,,0,1,0,,not_enriched,unreviewed
7668,Sa0375a3064,Sherbs,I Have the Skill,,0,1,0,,not_enriched,unreviewed
7669,Sa03c332a1f,April Wine,Tonite,,0,1,0,,not_enriched,unreviewed
7670,Sa03e06928d,Patty Smyth,Sue Lee,,0,1,0,,not_enriched,unreviewed
7671,Sa03ed6b29d,Stray Cats,Rev It Up & Go,,0,1,0,,not_enriched,unreviewed
7672,Sa0431d9beb,Billy Idol,Don’t Need a Gun,,0,1,0,,not_enriched,unreviewed
7673,Sa04ba0c49d,The Alan Parsons Project,Damned If I Do (5.1 mix),,0,1,0,,not_enriched,unreviewed
7674,Sa05eae62ac,Neil Diamond,Santa Claus Is Coming to Town,,0,1,0,,not_enriched,unreviewed
7675,Sa0660e29ba,Warrant,I Saw Red,,0,1,0,,not_enriched,unreviewed
7676,Sa066205ee8,Mason Ruffner,Runnin',,0,1,0,,not_enriched,unreviewed
7677,Sa067beffa6,Firefall,Count Your Blessing,,0,1,0,,not_enriched,unreviewed
7678,Sa069af1b91,The B‐52’s,Follow Your Bliss,,0,1,0,,not_enriched,unreviewed
7679,Sa070183dde,The Who,You,,0,1,0,,not_enriched,unreviewed
7680,Sa07881441d,Nils Lofgren,Sticks and Stones,,0,1,0,,not_enriched,unreviewed
7681,Sa07bf1d8fd,Warrant,Big Talk,,0,1,0,,not_enriched,unreviewed
7682,Sa08962f860,Roger Waters,4:50 AM (Go Fishing),,0,1,0,,not_enriched,unreviewed
7683,Sa09246c3b5,En Vogue,"Give It Up, Turn It Loose",,0,1,0,,not_enriched,unreviewed
7684,Sa093aee671,Tom Petty and the Heartbreakers,Magnolia,,0,1,0,,not_enriched,unreviewed
7685,Sa098227ca2,Phil Collins,Inside Out,,0,1,0,,not_enriched,unreviewed
7686,Sa09cb693ee,Fleetwood Mac,Eyes of the World,,0,1,0,,not_enriched,unreviewed
7687,Sa0a7cff8fd,Nilsson,Don’t Leave Me,,0,1,0,,not_enriched,unreviewed
7688,Sa0ae8b587e,The Police,Voices Inside My Head,,0,1,0,,not_enriched,unreviewed
7689,Sa0c217d0b3,John Stewart,The Spinning of the World,,0,1,0,,not_enriched,unreviewed
7690,Sa0c24e8d25,Cruzados,Chains of Freedom,,0,1,0,,not_enriched,unreviewed
7691,Sa0c4b56332,Christine McVie,Who's Dreaming This Dream,,0,1,0,,not_enriched,unreviewed
7692,Sa0c6b0438d,XTC,Season Cycle,,0,1,0,,not_enriched,unreviewed
7693,Sa0c9c3b29a,Duran Duran,Last Chance on the Stairway,,0,1,0,,not_enriched,unreviewed
7694,Sa0cbef4a4b,Def Leppard,Photograph,,0,1,0,,not_enriched,unreviewed
7695,Sa0d7dd6148,Blondie,The Hardest Part,,0,1,0,,not_enriched,unreviewed
7696,Sa0deb45e25,Linda Ronstadt,Justine,,0,1,0,,not_enriched,unreviewed
7697,Sa0e4b52789,INXS,Golden Playpen,,0,1,0,,not_enriched,unreviewed
7698,Sa0eb54b5c2,The Animals,Trying to Get You,,0,1,0,,not_enriched,unreviewed
7699,Sa0f8f35cd1,Carly Simon,Julie Through the Glass,,0,1,0,,not_enriched,unreviewed
7700,Sa0ff34b95c,Elton John,Amy,,0,1,0,,not_enriched,unreviewed
7701,Sa0ffb5c893,Bad Company,100 Miles,,0,1,0,,not_enriched,unreviewed
7702,Sa100815d7c,Don McLean,The Grave,,0,1,0,,not_enriched,unreviewed
7703,Sa10594846b,Survivor,I See You in Everyone,,0,1,0,,not_enriched,unreviewed
7704,Sa1123a0f52,Aldo Nova,Hot Love,,0,1,0,,not_enriched,unreviewed
7705,Sa113b0659b,Rossington Collins Band,Tashauna,,0,1,0,,not_enriched,unreviewed
7706,Sa12120dc3d,April Wine,Ladies Man,,0,1,0,,not_enriched,unreviewed
7707,Sa122e82802,Stone Temple Pilots,Trippin’ on a Hole in a Paper Heart,,0,1,0,,not_enriched,unreviewed
7708,Sa127c241ec,Honeymoon Suite,Bad Attitude,,0,1,0,,not_enriched,unreviewed
7709,Sa12f519ef3,Foreigner,"Blue Morning, Blue Day",,0,1,0,,not_enriched,unreviewed
7710,Sa130d4f194,Bryan Adams,Cuts Like a Knife,,0,1,0,,not_enriched,unreviewed
7711,Sa1340f5a5b,Bad Company,Bad Man,,0,1,0,,not_enriched,unreviewed
7712,Sa13cbbd106,David Bowie,Ashes to Ashes,,0,1,0,,not_enriched,unreviewed
7713,Sa149c10006,Tears for Fears,Mothers Talk,,0,1,0,,not_enriched,unreviewed
7714,Sa14d2bf181,Freedom And Whiskey,Freedom,,0,1,0,,not_enriched,unreviewed
7715,Sa14f00c35a,Nirvana,About a Girl,,0,1,0,,not_enriched,unreviewed
7716,Sa15374c590,Neil Diamond,Be,,0,1,0,,not_enriched,unreviewed
7717,Sa15691632a,Talking Heads,Heaven,,0,1,0,,not_enriched,unreviewed
7718,Sa15ffbd35a,David Bowie,China Girl,,0,1,0,,not_enriched,unreviewed
7719,Sa160f8bfbf,SCANDAL,Satisfaction,,0,1,0,,not_enriched,unreviewed
7720,Sa162b2ad7f,Carly Simon,The Girl You Think You See,,0,1,0,,not_enriched,unreviewed
7721,Sa16afb0c97,Triumph,Young Enough to Cry,,0,1,0,,not_enriched,unreviewed
7722,Sa17dfb16d0,Baltimora,Jukebox Boy,,0,1,0,,not_enriched,unreviewed
7723,Sa186e7d0b5,The Doors,I Can’t See Your Face in My Mind,,0,1,0,,not_enriched,unreviewed
7724,Sa18765eedd,Janet Jackson,Control,,0,1,0,,not_enriched,unreviewed
7725,Sa197a755c4,Elton John,Live in London (Introduction),,0,1,0,,not_enriched,unreviewed
7726,Sa19a91ecbd,Jay Ferguson,Night Shift,,0,1,0,,not_enriched,unreviewed
7727,Sa1a2389e98,Toto,I Think I Could Stand You Forever,,0,1,0,,not_enriched,unreviewed
7728,Sa1a283e5ac,Great White,Call It Rock ’n’ Roll,,0,1,0,,not_enriched,unreviewed
7729,Sa1a7a1a8ef,Gibson Brothers,Que Sera Mi Vida,,0,1,0,,not_enriched,unreviewed
7730,Sa1b860bc9d,Waylon Jennings,The Wurlitzer Prize (I Don’t Want to Get Over You),,0,1,0,,not_enriched,unreviewed
7731,Sa1bcd1f466,Jeff Beck,Ambitious,,0,1,0,,not_enriched,unreviewed
7732,Sa1c521c096,Dan Fogelberg,Twins Theme,,0,1,0,,not_enriched,unreviewed
7733,Sa1d07aaf2a,Billy Squier,Lonely One,,0,1,0,,not_enriched,unreviewed
7734,Sa1d51794e7,Paul McCartney,Tug of Peace,,0,1,0,,not_enriched,unreviewed
7735,Sa1df1afa82,The Beatles,If I Fell,,0,1,0,,not_enriched,unreviewed
7736,Sa1e75daa7d,Tommy James & the Shondells,"Run, Run, Baby, Run",,0,1,0,,not_enriched,unreviewed
7737,Sa1f8127c83,The Cranberries,Ridiculous Thoughts,,0,1,0,,not_enriched,unreviewed
7738,Sa1fa3a2796,Blondie,Picture This,,0,1,0,,not_enriched,unreviewed
7739,Sa202917816,ZZ Top,Sure Got Cold After the Rain Fell,,0,1,0,,not_enriched,unreviewed
7740,Sa204256526,The Hollies,Rubber Lucy,,0,1,0,,not_enriched,unreviewed
7741,Sa20b95cb9d,Bonham,Holding on Forever,,0,1,0,,not_enriched,unreviewed
7742,Sa2137e5c86,Jim Croce,Lover’s Cross,,0,1,0,,not_enriched,unreviewed
7743,Sa21a52d99b,Lindsey Buckingham,Play in the Rain (Continued),,0,1,0,,not_enriched,unreviewed
7744,Sa21d4c1c6a,Van Halen,When It’s Love,,0,1,0,,not_enriched,unreviewed
7745,Sa227e47e7d,Eddie Money,Don’t Worry,,0,1,0,,not_enriched,unreviewed
7746,Sa22cbcf518,RTZ,Until Your Love Comes Back Around,,0,1,0,,not_enriched,unreviewed
7747,Sa2310832ee,Phil Collins,Like China,,0,1,0,,not_enriched,unreviewed
7748,Sa243338cd8,Gilbert O’Sullivan,Thunder and Lightning,,0,1,0,,not_enriched,unreviewed
7749,Sa24d4ed181,Elton John,Tiny Dancer,,0,1,0,,not_enriched,unreviewed
7750,Sa25107d1d6,Daryl Hall + John Oates,Delayed Reaction,,0,1,0,,not_enriched,unreviewed
7751,Sa264d05c45,Stone Temple Pilots,Interstate Love Song,,0,1,0,,not_enriched,unreviewed
7752,Sa265f419c6,The Fixx,Running,,0,1,0,,not_enriched,unreviewed
7753,Sa267d5823a,Richard Wright,"Sysyphus, Part 1",,0,1,0,,not_enriched,unreviewed
7754,Sa27236358a,The Rolling Stones,Crazy Mama,,0,1,0,,not_enriched,unreviewed
7755,Sa2727085ba,David Baerwald,Dance,,0,1,0,,not_enriched,unreviewed
7756,Sa2743a3230,Buckingham Nicks,Crystal,,0,1,0,,not_enriched,unreviewed
7757,Sa27cf85823,Garth Brooks,Every Now and Then,,0,1,0,,not_enriched,unreviewed
7758,Sa27f931070,Bob Welch,Little Star,,0,1,0,,not_enriched,unreviewed
7759,Sa28bae9725,Elton John,Ball & Chain,,0,1,0,,not_enriched,unreviewed
7760,Sa29dcd24c7,Enya,Oriel Window,,0,1,0,,not_enriched,unreviewed
7761,Sa2a0a7315c,Enigma,The Voice of Enigma,,0,1,0,,not_enriched,unreviewed
7762,Sa2b14f8ab4,David Bowie,Rebel Rebel,,0,1,0,,not_enriched,unreviewed
7763,Sa2b54abf12,Yes,Yours Is No Disgrace,,0,1,0,,not_enriched,unreviewed
7764,Sa2d54620e5,En Vogue,Thanks / Prayer,,0,1,0,,not_enriched,unreviewed
7765,Sa2daf65eaf,Franke & the Knockouts,Morning Sun (Dream On),,0,1,0,,not_enriched,unreviewed
7766,Sa2dd8544a4,The Beach Boys,Rock 'n' Roll to the Rescue,,0,1,0,,not_enriched,unreviewed
7767,Sa2deeb61a3,Kim Mitchell,Get Lucky (Boys & Girls),,0,1,0,,not_enriched,unreviewed
7768,Sa2eadf5b02,Steve Miller Band,Kow Kow Calqulator,,0,1,0,,not_enriched,unreviewed
7769,Sa2f6c5b788,Edie Brickell & New Bohemians,Air of December,,0,1,0,,not_enriched,unreviewed
7770,Sa2fcc3dc6f,Robert Plant,Your Ma Said You Cried in Your Sleep Last Night,,0,1,0,,not_enriched,unreviewed
7771,Sa2fee9d644,Stephen Stills,Can’t Let Go,,0,1,0,,not_enriched,unreviewed
7772,Sa30241a53f,Glenn Frey,Aqua Tranquillo,,0,1,0,,not_enriched,unreviewed
7773,Sa3066fa0ae,Lindsey Buckingham,September Song,,0,1,0,,not_enriched,unreviewed
7774,Sa3107bddce,Phil Collins,I Don’t Care Anymore,,0,1,0,,not_enriched,unreviewed
7775,Sa310d766cc,Quarterflash,Find Another Fool,,0,1,0,,not_enriched,unreviewed
7776,Sa319a19cf4,.38 Special,Back Alley Sally,,0,1,0,,not_enriched,unreviewed
7777,Sa31fea9193,L.A. Guns,Never Enough,,0,1,0,,not_enriched,unreviewed
7778,Sa3204e1a1d,Neil Young,Are You Ready for the Country?,,0,1,0,,not_enriched,unreviewed
7779,Sa325a86acf,Hootie & the Blowfish,Look Away,,0,1,0,,not_enriched,unreviewed
7780,Sa3289cbd0b,Player,Come On Out,,0,1,0,,not_enriched,unreviewed
7781,Sa330b54686,The Wallflowers,Invisible City,,0,1,0,,not_enriched,unreviewed
7782,Sa33cd2b864,Robert Plant,Pledge Pin,,0,1,0,,not_enriched,unreviewed
7783,Sa33cdaa423,The Beat Farmers,Rosie,,0,1,0,,not_enriched,unreviewed
7784,Sa33eb05af7,The Alan Parsons Project,"The Ace of Swords, Part 2",,0,1,0,,not_enriched,unreviewed
7785,Sa341872f1a,Madonna,Love Tried to Welcome Me,,0,1,0,,not_enriched,unreviewed
7786,Sa341b74e26,Sherbs,I’m O.K.,,0,1,0,,not_enriched,unreviewed
7787,Sa348df3ce6,Talking Heads,This Must Be the Place (Naive Melody),,0,1,0,,not_enriched,unreviewed
7788,Sa34bcfd482,America,A Horse With No Name,,0,1,0,,not_enriched,unreviewed
7789,Sa35cefd795,Sneaker,No More Lonely Days,,0,1,0,,not_enriched,unreviewed
7790,Sa35d38b09c,Journey,Send Her My Love,,0,1,0,,not_enriched,unreviewed
7791,Sa361e4e01f,Edie Brickell & New Bohemians,She,,0,1,0,,not_enriched,unreviewed
7792,Sa3631ef767,Rush,Red Barchetta,,0,1,0,,not_enriched,unreviewed
7793,Sa36e46c441,The Yardbirds,Baby What’s Wrong,,0,1,0,,not_enriched,unreviewed
7794,Sa377ee8230,REO Speedwagon,Rock & Roll Music,,0,1,0,,not_enriched,unreviewed
7795,Sa38bfd07d2,Janet Jackson,Escapade,,0,1,0,,not_enriched,unreviewed
7796,Sa38e5830d1,Nirvana,Breed,,0,1,0,,not_enriched,unreviewed
7797,Sa39956ca11,Queen,All God’s People,,0,1,0,,not_enriched,unreviewed
7798,Sa399d0da08,k.d. lang,Season of Hollow Soul,,0,1,0,,not_enriched,unreviewed
7799,Sa39bc1793f,Billy Joel,Travelin’ Prayer,,0,1,0,,not_enriched,unreviewed
7800,Sa39cd8816d,Kansas,How My Soul Cries Out for You,,0,1,0,,not_enriched,unreviewed
7801,Sa39efba9ca,Jethro Tull,Living in the Past,,0,1,0,,not_enriched,unreviewed
7802,Sa39efc29b8,Heart,Wait for an Answer,,0,1,0,,not_enriched,unreviewed
7803,Sa39f5f46b3,INXS,Don’t Change,,0,1,0,,not_enriched,unreviewed
7804,Sa3a724af6d,The Rolling Stones,Dancing With Mr. D.,,0,1,0,,not_enriched,unreviewed
7805,Sa3b0c48f43,Melissa Etheridge,All American Girl,,0,1,0,,not_enriched,unreviewed
7806,Sa3b4f70f20,Kim Mitchell,Patio Lanterns,,0,1,0,,not_enriched,unreviewed
7807,Sa3c1b448c5,Fleetwood Mac,What Makes You Think You're the One,,0,1,0,,not_enriched,unreviewed
7808,Sa3c6178746,Jesus Jones,"Right Here, Right Now",,0,1,0,,not_enriched,unreviewed
7809,Sa3caf4e53c,Elton John,Cold as Christmas (in the Middle of the Year),,0,1,0,,not_enriched,unreviewed
7810,Sa3d07424a8,Michael Stanley Band,One of Those Dreams,,0,1,0,,not_enriched,unreviewed
7811,Sa3d3c1e84b,Kenny Rogers & The First Edition,Run Thru Your Mind,,0,1,0,,not_enriched,unreviewed
7812,Sa3d63d02a8,Gregg Alexander,The Truth,,0,1,0,,not_enriched,unreviewed
7813,Sa3dbdd6237,The Rolling Stones,Twenty Flight Rock,,0,1,0,,not_enriched,unreviewed
7814,Sa3e54cae72,Night Ranger,Play Rough,,0,1,0,,not_enriched,unreviewed
7815,Sa3e5a71266,Mercy,Walking By,,0,1,0,,not_enriched,unreviewed
7816,Sa3e62fecdc,Crosby & Nash,Cowboy Of Dreams,,0,1,0,,not_enriched,unreviewed
7817,Sa3e641ca98,Heart,Cry to Me,,0,1,0,,not_enriched,unreviewed
7818,Sa3e6b2b2b5,Billy Joel,Goodnight Saigon,,0,1,0,,not_enriched,unreviewed
7819,Sa3e75abc4b,Bob Seger & the Silver Bullet Band,Beautiful Loser,,0,1,0,,not_enriched,unreviewed
7820,Sa3e8ed3825,Crosby & Nash,Whole Cloth,,0,1,0,,not_enriched,unreviewed
7821,Sa3f36ebddc,Steve Miller Band,Daybreak,,0,1,0,,not_enriched,unreviewed
7822,Sa3f44f5009,Alice in Chains,Dirt,,0,1,0,,not_enriched,unreviewed
7823,Sa3fdc69597,Genesis,Way of the World,,0,1,0,,not_enriched,unreviewed
7824,Sa40415beb6,Harry Chapin,Mr. Tanner,,0,1,0,,not_enriched,unreviewed
7825,Sa4043e9a56,The Vaughan Brothers,Tick Tock,,0,1,0,,not_enriched,unreviewed
7826,Sa40df890fe,Survivor,Everlasting,,0,1,0,,not_enriched,unreviewed
7827,Sa4164d2028,Tom Cochrane,Sinking Like a Sunset,,0,1,0,,not_enriched,unreviewed
7828,Sa4167f8e0a,ZZ Top,Dipping Low (in the Lap of Luxury),,0,1,0,,not_enriched,unreviewed
7829,Sa433be6408,Mason Ruffner,Ain't Gonna Get It,,0,1,0,,not_enriched,unreviewed
7830,Sa442fb4fdf,Kenny Loggins,If It’s Not What You’re Looking For,,0,1,0,,not_enriched,unreviewed
7831,Sa448513e70,Stone Temple Pilots,And So I Know,,0,1,0,,not_enriched,unreviewed
7832,Sa450a27915,Elton John,Too Low for Zero,,0,1,0,,not_enriched,unreviewed
7833,Sa45756c0c1,Paul McCartney,San Francisco Bay Blues,,0,1,0,,not_enriched,unreviewed
7834,Sa45ccc4a93,Glenn Frey,Sexy Girl,,0,1,0,,not_enriched,unreviewed
7835,Sa45e8203e9,Simple Minds,Sanctify Yourself,,0,1,0,,not_enriched,unreviewed
7836,Sa4615eb83b,Fleetwood Mac,Hold Me,,0,1,0,,not_enriched,unreviewed
7837,Sa46b27ea4f,ZZ Top,A Fool for Your Stockings,,0,1,0,,not_enriched,unreviewed
7838,Sa475e5f794,Buffalo Springfield,Nowadays Clancy Can’t Even Sing,,0,1,0,,not_enriched,unreviewed
7839,Sa4775837d9,The Rolling Stones,Mannish Boy,,0,1,0,,not_enriched,unreviewed
7840,Sa47b6e56fb,Rod Stewart,Almost Illegal,,0,1,0,,not_enriched,unreviewed
7841,Sa48942b4cd,En Vogue,This Is Your Life,,0,1,0,,not_enriched,unreviewed
7842,Sa4994ebad0,Robert Palmer,More Than Ever,,0,1,0,,not_enriched,unreviewed
7843,Sa49c0734b8,Drum Madness,Moby Dick,,0,1,0,,not_enriched,unreviewed
7844,Sa49fd9814f,Cyndi Lauper,Heading for the Moon,,0,1,0,,not_enriched,unreviewed
7845,Sa4a74387ca,Sweet F.A.,Stick to Your Guns,,0,1,0,,not_enriched,unreviewed
7846,Sa4afd238ca,Steve Winwood,My Love's Leavin',,0,1,0,,not_enriched,unreviewed
7847,Sa4b3812a01,Don Henley,If Dirt Were Dollars,,0,1,0,,not_enriched,unreviewed
7848,Sa4b6a8e0dc,George Thorogood & the Destroyers,Dixie Fried,,0,1,0,,not_enriched,unreviewed
7849,Sa4b9976eb8,Icehouse,Sidewalk,,0,1,0,,not_enriched,unreviewed
7850,Sa4ba098b2a,Mötley Crüe,Dr. Feelgood,,0,1,0,,not_enriched,unreviewed
7851,Sa4c5a300a2,The Beach Boys,All I Want to Do,,0,1,0,,not_enriched,unreviewed
7852,Sa4d55110b9,Pearl Jam,Who You Are,,0,1,0,,not_enriched,unreviewed
7853,Sa4e12547c1,Firefall,Some Things Never Change,,0,1,0,,not_enriched,unreviewed
7854,Sa4e37acb36,Janet Jackson,Lonely,,0,1,0,,not_enriched,unreviewed
7855,Sa4ed264633,Don McLean,Babylon,,0,1,0,,not_enriched,unreviewed
7856,Sa4f0addf77,Garth Brooks,Learning to Live Again,,0,1,0,,not_enriched,unreviewed
7857,Sa4f5756e65,Van Halen,(Oh) Pretty Woman,,0,1,0,,not_enriched,unreviewed
7858,Sa4fc2fd482,Collective Soul,Blame,,0,1,0,,not_enriched,unreviewed
7859,Sa5012649a7,Neil Young,Transformer Man,,0,1,0,,not_enriched,unreviewed
7860,Sa506bffeef,Elton John,Funeral for a Friend / Love Lies Bleeding,,0,1,0,,not_enriched,unreviewed
7861,Sa50a3305b9,Smash Mouth,Push,,0,1,0,,not_enriched,unreviewed
7862,Sa5182677e6,Blue Öyster Cult,Astronomy,,0,1,0,,not_enriched,unreviewed
7863,Sa51a0621a8,Firefall,Dolphin's Lullaby,,0,1,0,,not_enriched,unreviewed
7864,Sa51d48c4f9,Dire Straits,Ticket to Heaven,,0,1,0,,not_enriched,unreviewed
7865,Sa52f1a3b7f,Pink Floyd,Two Suns in the Sunset,,0,1,0,,not_enriched,unreviewed
7866,Sa5399f3cba,Gin Blossoms,Until I Fall Away,,0,1,0,,not_enriched,unreviewed
7867,Sa53d497868,Deep Purple,Highway Star,,0,1,0,,not_enriched,unreviewed
7868,Sa53e5eddba,Metallica,Sad but True,,0,1,0,,not_enriched,unreviewed
7869,Sa542c2e0c3,Jimi Hendrix Experience,Hey Joe,,0,1,0,,not_enriched,unreviewed
7870,Sa5830fce24,Jesus Jones,Who? Where? Why?,,0,1,0,,not_enriched,unreviewed
7871,Sa585bbbc38,Alannah Myles,Black Velvet,,0,1,0,,not_enriched,unreviewed
7872,Sa5872bc244,Elvis Presley,I Believe in the Man in the Sky,,0,1,0,,not_enriched,unreviewed
7873,Sa58ca2dbb0,Jay Ferguson,Cozumel,,0,1,0,,not_enriched,unreviewed
7874,Sa591b5a852,Don Henley,You Better Hang Up,,0,1,0,,not_enriched,unreviewed
7875,Sa59b798db6,David Bowie,Modern Love,,0,1,0,,not_enriched,unreviewed
7876,Sa5aa7c156b,Night Ranger,Call My Name,,0,1,0,,not_enriched,unreviewed
7877,Sa5aad6bd6f,Planet P Project,A Letter From the Shelter,,0,1,0,,not_enriched,unreviewed
7878,Sa5ab442a5f,Grand Funk Railroad,Responsibility,,0,1,0,,not_enriched,unreviewed
7879,Sa5b220bc80,SCANDAL,Shoujo S,,0,1,0,,not_enriched,unreviewed
7880,Sa5b3a0dbaf,Journey,Separate Ways (Worlds Apart),,0,1,0,,not_enriched,unreviewed
7881,Sa5c37eaffe,David Gilmour,"The Narrow Way – Parts 1, 2 & 3",,0,1,0,,not_enriched,unreviewed
7882,Sa5c5c75e80,Billy Joel,A Matter of Trust,,0,1,0,,not_enriched,unreviewed
7883,Sa5d8934d42,Kim Mitchell,Alana Loves Me,,0,1,0,,not_enriched,unreviewed
7884,Sa5da7bf940,The Outfield,John Lennon,,0,1,0,,not_enriched,unreviewed
7885,Sa5e1859d70,Gun,Inside Out,,0,1,0,,not_enriched,unreviewed
7886,Sa5e4cc687e,38-Special,Money Honey,,0,1,0,,not_enriched,unreviewed
7887,Sa5f3fa31e5,Eddie Money,I’ll Get By,,0,1,0,,not_enriched,unreviewed
7888,Sa5fef3be90,Shania Twain,You’ve Got a Way,,0,1,0,,not_enriched,unreviewed
7889,Sa601001478,The Black Crowes,A Conspiracy,,0,1,0,,not_enriched,unreviewed
7890,Sa6012041ec,Bob Welch,Lose Your Heart,,0,1,0,,not_enriched,unreviewed
7891,Sa6066ac0f2,Electric Light Orchestra,Hold On Tight,,0,1,0,,not_enriched,unreviewed
7892,Sa620e04fc4,Counting Crows,Rain King,,0,1,0,,not_enriched,unreviewed
7893,Sa622a1cac6,Poison,Life Goes On,,0,1,0,,not_enriched,unreviewed
7894,Sa637e1b96c,Bruce Hornsby & the Range,The Valley Road,,0,1,0,,not_enriched,unreviewed
7895,Sa647c01a42,Cruzados,"Summer's Come, Summer's Gone",,0,1,0,,not_enriched,unreviewed
7896,Sa648eb6d00,Eddie Money,Call On Me,,0,1,0,,not_enriched,unreviewed
7897,Sa657a514b2,R.E.M.,Find the River,,0,1,0,,not_enriched,unreviewed
7898,Sa6580b7460,Taylor Dayne,With Every Beat of My Heart,,0,1,0,,not_enriched,unreviewed
7899,Sa659ac5c1f,38 Special,Just a Little Love,,0,1,0,,not_enriched,unreviewed
7900,Sa66598efb1,The Doors,Alabama Song,,0,1,0,,not_enriched,unreviewed
7901,Sa66bc48af4,Hooters,Satellite,,0,1,0,,not_enriched,unreviewed
7902,Sa66e79132b,Billy Joel,State of Grace,,0,1,0,,not_enriched,unreviewed
7903,Sa6752606f4,Red Hot Chili Peppers,Blood Sugar Sex Magik,,0,1,0,,not_enriched,unreviewed
7904,Sa67d7601c8,John Lennon,Dear Yoko,,0,1,0,,not_enriched,unreviewed
7905,Sa693ff46fc,Fleetwood Mac,Although the Sun Is Shining,,0,1,0,,not_enriched,unreviewed
7906,Sa6a251d07d,Triumph,Killing Time,,0,1,0,,not_enriched,unreviewed
7907,Sa6a449c90d,Night Ranger,Young Girl in Love,,0,1,0,,not_enriched,unreviewed
7908,Sa6a8618005,The Beatles,When I Get Home,,0,1,0,,not_enriched,unreviewed
7909,Sa6ac71199d,Ted Nugent,Where Have You Been All My Life,,0,1,0,,not_enriched,unreviewed
7910,Sa6ac87be0c,Starship,We Built This City,,0,1,0,,not_enriched,unreviewed
7911,Sa6af963e87,Asia,Sole Survivor,,0,1,0,,not_enriched,unreviewed
7912,Sa6b6c315d5,Chris Rea,The Road to Hell (Part II),,0,1,0,,not_enriched,unreviewed
7913,Sa6bc6826c8,Billy Joel,James,,0,1,0,,not_enriched,unreviewed
7914,Sa6c2451047,The Police,Too Much Information,,0,1,0,,not_enriched,unreviewed
7915,Sa6cdcae047,Billy Squier,Too Daze Gone,,0,1,0,,not_enriched,unreviewed
7916,Sa6d01ef8b3,Badfinger,The Name of the Game,,0,1,0,,not_enriched,unreviewed
7917,Sa6d38485b8,Eagles,After the Thrill Is Gone,,0,1,0,,not_enriched,unreviewed
7918,Sa6d5637fb9,Billy Joel,I Don’t Want to Be Alone,,0,1,0,,not_enriched,unreviewed
7919,Sa6d5827bad,Fastball,Better Than It Was,,0,1,0,,not_enriched,unreviewed
7920,Sa6dd9fac66,John Cougar Mellencamp,Authority Song,,0,1,0,,not_enriched,unreviewed
7921,Sa6e6b6641b,The Edgar Winter Group,Free Ride,,0,1,0,,not_enriched,unreviewed
7922,Sa6eba53165,Eddie Money,Stranger in a Strange Land,,0,1,0,,not_enriched,unreviewed
7923,Sa6fa9d577b,Phil Collins,The West Side,,0,1,0,,not_enriched,unreviewed
7924,Sa7068df8cf,Steve Miller Band,Walks Like a Lady,,0,1,0,,not_enriched,unreviewed
7925,Sa70be0d23d,Tubes,Power Tools,,0,1,0,,not_enriched,unreviewed
7926,Sa70c5e3997,Nick Lowe,The Rose of England,,0,1,0,,not_enriched,unreviewed
7927,Sa7121183e6,Journey,Troubled Child,,0,1,0,,not_enriched,unreviewed
7928,Sa71a04c344,Elton John,Your Sister Can't Twist (but She Can Rock'n'Roll),,0,1,0,,not_enriched,unreviewed
7929,Sa71ff98b5d,Dennis DeYoung,Dear Darling (I'll Be There),,0,1,0,,not_enriched,unreviewed
7930,Sa72ed0e47e,Sly & the Family Stone,Stand!,,0,1,0,,not_enriched,unreviewed
7931,Sa736bb0736,Duran Duran,Shadows on Your Side,,0,1,0,,not_enriched,unreviewed
7932,Sa7382b0543,Zebra,As I Said Before,,0,1,0,,not_enriched,unreviewed
7933,Sa73f0b91f5,Traveling Wilburys,Nobody's Child,,0,1,0,,not_enriched,unreviewed
7934,Sa744778f5f,Vernell Brown Jr.,Traffic,,0,1,0,,not_enriched,unreviewed
7935,Sa7464ed975,Sam Harris,Hearts on Fire,,0,1,0,,not_enriched,unreviewed
7936,Sa748853033,The Rembrandts,Burning Timber,,0,1,0,,not_enriched,unreviewed
7937,Sa74957394c,Fleetwood Mac,Book of Love,,0,1,0,,not_enriched,unreviewed
7938,Sa7523ebf7d,Novo Combo,Do You Wanna Shake?,,0,1,0,,not_enriched,unreviewed
7939,Sa762bd40cb,The Fixx,Built for the Future,,0,1,0,,not_enriched,unreviewed
7940,Sa7630d3667,Spin Doctors,Off My Line,,0,1,0,,not_enriched,unreviewed
7941,Sa768d11d7e,Toto,Turn Back,,0,1,0,,not_enriched,unreviewed
7942,Sa76b50d195,KISS,Gimme More,,0,1,0,,not_enriched,unreviewed
7943,Sa7707032d8,Don Henley,Nobody’s Business,,0,1,0,,not_enriched,unreviewed
7944,Sa77b9d5ef5,Billy Joel,Ain’t No Crime,,0,1,0,,not_enriched,unreviewed
7945,Sa77e60a863,Joe Walsh,Indian Summer,,0,1,0,,not_enriched,unreviewed
7946,Sa78835d1cb,Kim Carnes,Draw of the Cards,,0,1,0,,not_enriched,unreviewed
7947,Sa78849e3b0,Pearl Jam,I’m Open,,0,1,0,,not_enriched,unreviewed
7948,Sa79ae4e4d1,U2,Some Days Are Better Than Others,,0,1,0,,not_enriched,unreviewed
7949,Sa7a66270d5,SCANDAL,LOVE ME DO,,0,1,0,,not_enriched,unreviewed
7950,Sa7aaf6c8c7,Carpenters,Goodbye to Love,,0,1,0,,not_enriched,unreviewed
7951,Sa7ac92d81d,Loverboy,Passion Pit,,0,1,0,,not_enriched,unreviewed
7952,Sa7b1f80a1e,Blue Öyster Cult,The Marshall Plan,,0,1,0,,not_enriched,unreviewed
7953,Sa7be1b927a,Missing Persons,Destination Unknown,,0,1,0,,not_enriched,unreviewed
7954,Sa7d472103b,Boston,Can’tcha Say / Still in Love,,0,1,0,,not_enriched,unreviewed
7955,Sa7d8798d0e,Van Halen,Where Have All the Good Times Gone!,,0,1,0,,not_enriched,unreviewed
7956,Sa7de937a41,John Cougar Mellencamp,Hard Times for an Honest Man,,0,1,0,,not_enriched,unreviewed
7957,Sa7e18c99be,John Cougar Mellencamp,Crumblin’ Down,,0,1,0,,not_enriched,unreviewed
7958,Sa7ee0ad2ce,USK,Lo-Biton,,0,1,0,,not_enriched,unreviewed
7959,Sa7ee9ace41,Paul McCartney,Blackbird,,0,1,0,,not_enriched,unreviewed
7960,Sa7ef8ccbb8,Linda Ronstadt,You Tell Me That I’m Falling Down,,0,1,0,,not_enriched,unreviewed
7961,Sa7f7db0a18,Alias,Say What I Wanna Say,,0,1,0,,not_enriched,unreviewed
7962,Sa7fad86832,Yes,Lift Me Up,,0,1,0,,not_enriched,unreviewed
7963,Sa7fde049f6,"Crosby, Stills, Nash & Young",Sanibel,,0,1,0,,not_enriched,unreviewed
7964,Sa80345adff,Poison,Strike Up the Band,,0,1,0,,not_enriched,unreviewed
7965,Sa804e880b6,Grateful Dead,Uncle John's Band,,0,1,0,,not_enriched,unreviewed
7966,Sa804e9f240,Eagles,Outlaw Man,,0,1,0,,not_enriched,unreviewed
7967,Sa8144d7361,Eric Clapton,Grand Illusion,,0,1,0,,not_enriched,unreviewed
7968,Sa81895d9fa,Steve Winwood,Roll With It,,0,1,0,,not_enriched,unreviewed
7969,Sa837b620cf,April Wine,Future Tense,,0,1,0,,not_enriched,unreviewed
7970,Sa84b2ca23c,The Notting Hillbillies,Will You Miss Me,,0,1,0,,not_enriched,unreviewed
7971,Sa84f99fcab,The Sweet,California Nights,,0,1,0,,not_enriched,unreviewed
7972,Sa851065a40,Blues Traveler,Hook,,0,1,0,,not_enriched,unreviewed
7973,Sa8517e1e4e,Rod Stewart,Lost in You,,0,1,0,,not_enriched,unreviewed
7974,Sa855eeec40,Sniff ’n’ the Tears,Last Dance,,0,1,0,,not_enriched,unreviewed
7975,Sa85afbbe07,Johnny Nash,Comma Comma,,0,1,0,,not_enriched,unreviewed
7976,Sa85c44944c,Eric Johnson,Cliffs of Dover,,0,1,0,,not_enriched,unreviewed
7977,Sa86214d1f0,Foreigner,I'm Gonna Win,,0,1,0,,not_enriched,unreviewed
7978,Sa8626241c3,Elton John,My Father's Gun,,0,1,0,,not_enriched,unreviewed
7979,Sa86a5d7422,Pretenders,Light of the Moon,,0,1,0,,not_enriched,unreviewed
7980,Sa86c580240,The Police,Behind My Camel,,0,1,0,,not_enriched,unreviewed
7981,Sa87468b7f0,The Pretenders,Precious,,0,1,0,,not_enriched,unreviewed
7982,Sa887ed73d1,Richard Marx,Rhythm of Life,,0,1,0,,not_enriched,unreviewed
7983,Sa891325291,Eric Clapton,Holy Mother,,0,1,0,,not_enriched,unreviewed
7984,Sa8af8e2c22,Bob Dylan,Sweetheart Like You,,0,1,0,,not_enriched,unreviewed
7985,Sa8ba9046af,Eddie Money,I Can’t Hold Back,,0,1,0,,not_enriched,unreviewed
7986,Sa8bc393cf3,Joe Walsh,Inner Tube,,0,1,0,,not_enriched,unreviewed
7987,Sa8bc94a0bd,John Mayall,Lonely Years,,0,1,0,,not_enriched,unreviewed
7988,Sa8c769aa97,The Robert Cray Band,Don’t You Even Care?,,0,1,0,,not_enriched,unreviewed
7989,Sa8d11a0f36,.38 Special,Fantasy Girl,,0,1,0,,not_enriched,unreviewed
7990,Sa8d6fbcf42,INXS,Jan’s Song,,0,1,0,,not_enriched,unreviewed
7991,Sa8df280dee,Peaks,Slow Zone,,0,1,0,,not_enriched,unreviewed
7992,Sa8e1cbfc3d,Linda Ronstadt,Talking in the Dark,,0,1,0,,not_enriched,unreviewed
7993,Sa8e918b66e,The Doobie Brothers,Under the Spell,,0,1,0,,not_enriched,unreviewed
7994,Sa8e98586e0,Billy Thorpe,Simple Life,,0,1,0,,not_enriched,unreviewed
7995,Sa8f5840772,Night Ranger,When I Call on You,,0,1,0,,not_enriched,unreviewed
7996,Sa8faffc5e2,Ringo Starr,Oo‐Wee,,0,1,0,,not_enriched,unreviewed
7997,Sa903608e7a,Quarterflash,It All Becomes Clear,,0,1,0,,not_enriched,unreviewed
7998,Sa91343a6a0,Britny Fox,Stevie,,0,1,0,,not_enriched,unreviewed
7999,Sa91833ea65,Golden Earring,Vanilla Queen,,0,1,0,,not_enriched,unreviewed
8000,Sa918a67aa0,Toto,Rockmaker,,0,1,0,,not_enriched,unreviewed
8001,Sa9300f2c06,John Waite,Woman’s Touch,,0,1,0,,not_enriched,unreviewed
8002,Sa931393d9c,Honeymoon Suite,Once the Feeling,,0,1,0,,not_enriched,unreviewed
8003,Sa93b0749b8,Lindsey Buckingham,It Was I,,0,1,0,,not_enriched,unreviewed
8004,Sa941c8575d,Jefferson Starship,Crazy Feelin’,,0,1,0,,not_enriched,unreviewed
8005,Sa94531aa43,John Tesh,O Little Town of Bethlehem,,0,1,0,,not_enriched,unreviewed
8006,Sa9551a09ed,38 Special,See Me in Your Eyes,,0,1,0,,not_enriched,unreviewed
8007,Sa95581b97d,Elton John,Fascist Faces,,0,1,0,,not_enriched,unreviewed
8008,Sa95c5d62e4,New Radicals,You Get What You Give,,0,1,0,,not_enriched,unreviewed
8009,Sa96031ccfc,Steely Dan,Night by Night,,0,1,0,,not_enriched,unreviewed
8010,Sa9625fac04,Journey,It Could Have Been You,,0,1,0,,not_enriched,unreviewed
8011,Sa965cc7d18,New Radicals,Mother We Just Can’t Get Enough,,0,1,0,,not_enriched,unreviewed
8012,Sa965d23d25,Thin Lizzy,Warriors,,0,1,0,,not_enriched,unreviewed
8013,Sa96830510e,Journey,Once You Love Somebody,,0,1,0,,not_enriched,unreviewed
8014,Sa96c5f1c76,Cream,Lawdy Mama,,0,1,0,,not_enriched,unreviewed
8015,Sa970dca6ce,Eric Clapton,Wanna Make Love to You,,0,1,0,,not_enriched,unreviewed
8016,Sa989f0be1d,The Kinks,Too Hot,,0,1,0,,not_enriched,unreviewed
8017,Sa98d234dcf,Sammy Hagar,Surrender,,0,1,0,,not_enriched,unreviewed
8018,Sa995d6cb4e,SCANDAL,Your song,,0,1,0,,not_enriched,unreviewed
8019,Sa9ae6e0b2c,Cat Stevens,Another Saturday Night,,0,1,0,,not_enriched,unreviewed
8020,Sa9b001f02f,Gun,Something to Believe In,,0,1,0,,not_enriched,unreviewed
8021,Sa9b331720d,Buckingham Nicks,Garbo,,0,1,0,,not_enriched,unreviewed
8022,Sa9b5c24c50,Steve Miller Band,Golden Opportunity,,0,1,0,,not_enriched,unreviewed
8023,Sa9c415467b,Seals & Crofts,Hummingbird,,0,1,0,,not_enriched,unreviewed
8024,Sa9cd3e264c,City Boy,Raise Your Glass (To Foolish Me),,0,1,0,,not_enriched,unreviewed
8025,Sa9d020a25e,Freedom And Whiskey,Rev It Up,,0,1,0,,not_enriched,unreviewed
8026,Sa9e421cb4f,Dan Fogelberg,Tullamore Dew,,0,1,0,,not_enriched,unreviewed
8027,Sa9fd12fb03,Izzy Stradlin and the Ju Ju Hounds,Bucket o’ Trouble,,0,1,0,,not_enriched,unreviewed
8028,Saa0584f8b6,Led Zeppelin,Ozone Baby,,0,1,0,,not_enriched,unreviewed
8029,Saa0631d7ff,Buckingham Nicks,Rhiannon,,0,1,0,,not_enriched,unreviewed
8030,Saa0908bf23,Warrant,Ode to Tipper Gore,,0,1,0,,not_enriched,unreviewed
8031,Saa0df9f579,XTC,The Meeting Place,,0,1,0,,not_enriched,unreviewed
8032,Saa164fd3a4,Hall & Oates,Tell Me What You Want,,0,1,0,,not_enriched,unreviewed
8033,Saa184d6fed,Modern English,Dawn Chorus,,0,1,0,,not_enriched,unreviewed
8034,Saa1940c4c6,Santana,Wishing It Was,,0,1,0,,not_enriched,unreviewed
8035,Saa2525531f,Roy Orbison,In the Real World,,0,1,0,,not_enriched,unreviewed
8036,Saa25976de7,Loverboy,Turn Me Loose,,0,1,0,,not_enriched,unreviewed
8037,Saa30f68c4b,Billy Joel,All About Soul,,0,1,0,,not_enriched,unreviewed
8038,Saa35c9be50,The Hollies,Transatlantic Westbound Jet,,0,1,0,,not_enriched,unreviewed
8039,Saa3b62a23a,Rod Stewart,My Heart Can’t Tell You No,,0,1,0,,not_enriched,unreviewed
8040,Saa3c1fcc2e,Triumph,If Only,,0,1,0,,not_enriched,unreviewed
8041,Saa3c8e47a3,Chris Isaak,Don't Make Me Dream About You,,0,1,0,,not_enriched,unreviewed
8042,Saa4926415a,Bob Seger & the Silver Bullet Band,American Storm,,0,1,0,,not_enriched,unreviewed
8043,Saa4928eaf6,Smash Mouth,Beer Goggles,,0,1,0,,not_enriched,unreviewed
8044,Saa4d0c1352,Toto,We Made It,,0,1,0,,not_enriched,unreviewed
8045,Saa50b76378,"Crosby, Stills, Nash & Young",Night Song,,0,1,0,,not_enriched,unreviewed
8046,Saa556eecbf,Danger Danger,Feels Like Love,,0,1,0,,not_enriched,unreviewed
8047,Saa678b7ad8,John Lennon,Watching the Wheels,,0,1,0,,not_enriched,unreviewed
8048,Saa774042a6,Cinderella,The More Things Change,,0,1,0,,not_enriched,unreviewed
8049,Saa7e17cded,Billy Joel,Baby Grand,,0,1,0,,not_enriched,unreviewed
8050,Saa87d8f827,"Hamilton, Joe Frank & Reynolds",Only Love (Will Break Your Heart),,0,1,0,,not_enriched,unreviewed
8051,Saa888b3167,Animotion,Obsession,,0,1,0,,not_enriched,unreviewed
8052,Saa905b6094,Joe Jackson,Real Men,,0,1,0,,not_enriched,unreviewed
8053,Saa9393c3d4,Genesis,Open Door,,0,1,0,,not_enriched,unreviewed
8054,Saaab6b64e1,George Michael,Hard Day,,0,1,0,,not_enriched,unreviewed
8055,Saaacedbb54,John Waite,Dreamtime/Shake it Up,,0,1,0,,not_enriched,unreviewed
8056,Saab8f05f49,Don McLean,Till Tomorrow,,0,1,0,,not_enriched,unreviewed
8057,Saac876e666,Paul McCartney & Wings,Junior’s Farm (Alt mix by Ernie Winfrey),,0,1,0,,not_enriched,unreviewed
8058,Saac98780ed,Billy Joel,Running on Ice,,0,1,0,,not_enriched,unreviewed
8059,Saad05d6ddf,Tom Cochrane,Washed Away,,0,1,0,,not_enriched,unreviewed
8060,Saad0e8ef89,Roger McGuinn,King of the Hill,,0,1,0,,not_enriched,unreviewed
8061,Saad296e1ca,Grateful Dead,Built to Last,,0,1,0,,not_enriched,unreviewed
8062,Saad3321c14,England Dan & John Ford Coley,There’ll Never Be Another for Me,,0,1,0,,not_enriched,unreviewed
8063,Saad4ce4d31,Triumph,"Rock Out, Roll On",,0,1,0,,not_enriched,unreviewed
8064,Saada13ad53,INXS,Mediate,,0,1,0,,not_enriched,unreviewed
8065,Saae941f6e6,America,I Need You,,0,1,0,,not_enriched,unreviewed
8066,Saaf7a4fbea,Doors,Hyacinth House,,0,1,0,,not_enriched,unreviewed
8067,Saafb12e584,Neil Young,Mansion on the Hill,,0,1,0,,not_enriched,unreviewed
8068,Sab1544a165,Journey,Chain Reaction,,0,1,0,,not_enriched,unreviewed
8069,Sab161f4d5a,Kenny Rogers,Ruby Don’t Take Your Love to Town,,0,1,0,,not_enriched,unreviewed
8070,Sab1985b7b8,Living Colour,Open Letter (to a Landlord),,0,1,0,,not_enriched,unreviewed
8071,Sab19ed0629,Matchbox 20,Busted,,0,1,0,,not_enriched,unreviewed
8072,Sab1b9858a2,The Doobie Brothers,Take Me to the Highway,,0,1,0,,not_enriched,unreviewed
8073,Sab2671b7b4,Trixter,Only Young Once,,0,1,0,,not_enriched,unreviewed
8074,Sab2c031fd5,Styx,A.D. 1928,,0,1,0,,not_enriched,unreviewed
8075,Sab2fa3494b,Annie Lennox,"No More ""I Love You's""",,0,1,0,,not_enriched,unreviewed
8076,Sab38a0729f,Robbie Robertson,Sonny Got Caught in the Moonlight,,0,1,0,,not_enriched,unreviewed
8077,Sab3ae053fc,John Lennon,Cleanup Time,,0,1,0,,not_enriched,unreviewed
8078,Sab3b66b6ab,Ringo Starr,Snookeroo,,0,1,0,,not_enriched,unreviewed
8079,Sab3c839179,Duran Duran,Ordinary World,,0,1,0,,not_enriched,unreviewed
8080,Sab3df26336,Stone Temple Pilots,Sex Type Thing,,0,1,0,,not_enriched,unreviewed
8081,Sab49a139ec,Marc Cohn,True Companion,,0,1,0,,not_enriched,unreviewed
8082,Sab4ca62689,Journey,"Lovin’, Touchin’, Squeezin’",,0,1,0,,not_enriched,unreviewed
8083,Sab4ef9bc94,Electric Light Orchestra,Mission (A World Record),,0,1,0,,not_enriched,unreviewed
8084,Sab53ec0af8,The Rembrandts,Save Me,,0,1,0,,not_enriched,unreviewed
8085,Sab5865e4fc,"Emerson, Lake & Palmer",Peter Gunn,,0,1,0,,not_enriched,unreviewed
8086,Sab6a251c90,The Beach Boys,I’ll Be Home for Christmas,,0,1,0,,not_enriched,unreviewed
8087,Sab7188e956,The Vaughan Brothers,Long Way From Home,,0,1,0,,not_enriched,unreviewed
8088,Sab7aefe6e0,Helix,Check Out the Love,,0,1,0,,not_enriched,unreviewed
8089,Sab7b5b57e0,The 50 Guitars of Tommy Garrett,First Noel,,0,1,0,,not_enriched,unreviewed
8090,Sab8002e275,Jude Cole,Heart of Blues,,0,1,0,,not_enriched,unreviewed
8091,Sab81f17803,R.E.M.,Let Me In,,0,1,0,,not_enriched,unreviewed
8092,Sab82bf10a7,Warrant,So Damn Pretty (Should Be Against the Law),,0,1,0,,not_enriched,unreviewed
8093,Sab82c64e40,Tom Petty,Time to Move On,,0,1,0,,not_enriched,unreviewed
8094,Sab89a960c6,Sponge,Pennywheels,,0,1,0,,not_enriched,unreviewed
8095,Sab8fabb259,"Crosby, Stills, Nash & Young",American Dream,,0,1,0,,not_enriched,unreviewed
8096,Sab90eb25fc,Smash Mouth,Heave‐Ho,,0,1,0,,not_enriched,unreviewed
8097,Sab92a22805,Harry Chapin,Dancing Boy,,0,1,0,,not_enriched,unreviewed
8098,Sab989ffbb1,The Doobie Brothers,One Chain (Don't Make No Prison),,0,1,0,,not_enriched,unreviewed
8099,Saba6f2100f,Pat Benatar,Hit Me With Your Best Shot,,0,1,0,,not_enriched,unreviewed
8100,Sabb287d39f,Hall & Oates,I Can’t Go for That (No Can Do),,0,1,0,,not_enriched,unreviewed
8101,Sabc8e8e29c,Tom Petty and the Heartbreakers,The Same Old You,,0,1,0,,not_enriched,unreviewed
8102,Sabc9b938df,Aerosmith,Rag Doll,,0,1,0,,not_enriched,unreviewed
8103,Sabcf3d7228,Red Hot Chili Peppers,Sir Psycho Sexy,,0,1,0,,not_enriched,unreviewed
8104,Sabd47392a3,Icehouse,Taking the Town,,0,1,0,,not_enriched,unreviewed
8105,Sabeb57c365,Queen,The Prophet’s Song,,0,1,0,,not_enriched,unreviewed
8106,Sac0240a79b,Neil Young,Till the Morning Comes,,0,1,0,,not_enriched,unreviewed
8107,Sac02fc4ba3,Crosby & Nash,Carry Me,,0,1,0,,not_enriched,unreviewed
8108,Sac07dfcd4b,Triumph,Fantasy Serenade,,0,1,0,,not_enriched,unreviewed
8109,Sac181dda06,Men at Work,Be Good Johnny,,0,1,0,,not_enriched,unreviewed
8110,Sac19378820,Wilson Phillips,Eyes Like Twins,,0,1,0,,not_enriched,unreviewed
8111,Sac2ae698a4,ZZ Top,Bedroom Thang,,0,1,0,,not_enriched,unreviewed
8112,Sac3c18a746,ZZ Top,Avalon Hideaway,,0,1,0,,not_enriched,unreviewed
8113,Sac3c62cd71,Tommy James & the Shondells,Somebody Cares,,0,1,0,,not_enriched,unreviewed
8114,Sac4ca6e9db,The Beach Boys,I Was Made to Love Her,,0,1,0,,not_enriched,unreviewed
8115,Sac582ee3fe,Blind Melon,Time,,0,1,0,,not_enriched,unreviewed
8116,Sac7b4a2817,Tom Petty and the Heartbreakers,Change of Heart,,0,1,0,,not_enriched,unreviewed
8117,Sac8206b017,The Beach Boys,Bluebirds Over the Mountain,,0,1,0,,not_enriched,unreviewed
8118,Sac869a6616,Eric Clapton,Hard Times,,0,1,0,,not_enriched,unreviewed
8119,Saca57bdf0a,Rod Stewart,Gasoline Alley,,0,1,0,,not_enriched,unreviewed
8120,Saca7d6c674,Metallica,The Thing That Should Not Be,,0,1,0,,not_enriched,unreviewed
8121,Sacaa236b31,Pat Benatar,One Love,,0,1,0,,not_enriched,unreviewed
8122,Sacbee6d5c0,REO Speedwagon,Do You Know Where Your Woman Is Tonight?,,0,1,0,,not_enriched,unreviewed
8123,Saccb24e917,The Rolling Stones,Black Limousine,,0,1,0,,not_enriched,unreviewed
8124,Saccbe461c3,Quarterflash,Nowhere Left to Hide,,0,1,0,,not_enriched,unreviewed
8125,Saccdf339ba,Buckingham Nicks,Without a Leg to Stand On,,0,1,0,,not_enriched,unreviewed
8126,Sacdafd12f2,Jimmy Page,Writes of Winter,,0,1,0,,not_enriched,unreviewed
8127,Sacddd35af8,Styx,Carrie Ann,,0,1,0,,not_enriched,unreviewed
8128,Sace013ed3b,Roger Waters,5:11 AM (The Moment of Clarity),,0,1,0,,not_enriched,unreviewed
8129,Sace01b5a83,April Wine,Comin’ Right Down on Top of Me,,0,1,0,,not_enriched,unreviewed
8130,Sace4210a51,George Carlin,The Hair Piece,,0,1,0,,not_enriched,unreviewed
8131,Sace4d752ab,The Cranberries,Linger,,0,1,0,,not_enriched,unreviewed
8132,Saced98fa8d,Prince,Computer Blue,,0,1,0,,not_enriched,unreviewed
8133,Sacf2ad07bf,The Edgar Winter Group,Hangin’ Around,,0,1,0,,not_enriched,unreviewed
8134,Sacf3136739,R.E.M.,Pop Song 89,,0,1,0,,not_enriched,unreviewed
8135,Sacff0b5ec2,The Edgar Winter Group,Autumn,,0,1,0,,not_enriched,unreviewed
8136,Sad031e209c,The Pretenders,The Phone Call,,0,1,0,,not_enriched,unreviewed
8137,Sad03e4c9b3,Trixter,Heart of Steel,,0,1,0,,not_enriched,unreviewed
8138,Sad04439d08,John Cougar Mellencamp,Theo and Weird Henry,,0,1,0,,not_enriched,unreviewed
8139,Sad0912e2a7,AC/DC,Moneytalks,,0,1,0,,not_enriched,unreviewed
8140,Sad10ace741,Kansas,Paradox,,0,1,0,,not_enriched,unreviewed
8141,Sad22473afb,Aerosmith,The Movie,,0,1,0,,not_enriched,unreviewed
8142,Sad38eca111,Nelson,Tracy's Song / Only Time Will Tell,,0,1,0,,not_enriched,unreviewed
8143,Sad59158e9d,Bonnie Raitt,The Road’s My Middle Name,,0,1,0,,not_enriched,unreviewed
8144,Sad5bda3713,Badfinger,Flying,,0,1,0,,not_enriched,unreviewed
8145,Sad621e2942,Del Amitri,Always the Last to Know,,0,1,0,,not_enriched,unreviewed
8146,Sad6a748c97,John Lennon,I’m Losing You,,0,1,0,,not_enriched,unreviewed
8147,Sad6e4a80c8,SCANDAL,Shunkan Sentimental,,0,1,0,,not_enriched,unreviewed
8148,Sad77651087,Roger Hodgson,London,,0,1,0,,not_enriched,unreviewed
8149,Sad7c6dde48,Quarterflash,Valerie,,0,1,0,,not_enriched,unreviewed
8150,Sad8556f26a,Christopher Cross,Minstrel Gigolo,,0,1,0,,not_enriched,unreviewed
8151,Sad97a6ee7d,The Kingbees,Ting-A-Ling,,0,1,0,,not_enriched,unreviewed
8152,Sad9853fc8d,The Georgia Satellites,Hand to Mouth,,0,1,0,,not_enriched,unreviewed
8153,Sad9b261f31,Shania Twain,Don’t Be Stupid (You Know I Love You) (extended dance mix),,0,1,0,,not_enriched,unreviewed
8154,Sad9b72d992,Kenny Rogers & The First Edition,Loser,,0,1,0,,not_enriched,unreviewed
8155,Sadb5606d83,George Michael,One More Try,,0,1,0,,not_enriched,unreviewed
8156,Sadb63839ae,David Bowie,Fame,,0,1,0,,not_enriched,unreviewed
8157,Sadb89eb8f9,Eagles,Saturday Night,,0,1,0,,not_enriched,unreviewed
8158,Sadba622aa1,Peter Ilich Tchaikovsky,"The Nutcracker Suite, op. 71a: Dance of the Reed Flutes",,0,1,0,,not_enriched,unreviewed
8159,Sadbb4d54f4,Garth Brooks,The Change,,0,1,0,,not_enriched,unreviewed
8160,Sadbd8831a3,Michael Monroe,Not Fakin’ It,,0,1,0,,not_enriched,unreviewed
8161,Sadc718ed3c,Rod Stewart,Attractive Female Wanted,,0,1,0,,not_enriched,unreviewed
8162,Sadd67d1edb,Steely Dan,The Caves of Altamira,,0,1,0,,not_enriched,unreviewed
8163,Saddb64d403,The Georgia Satellites,Dunk ’n’ Dine,,0,1,0,,not_enriched,unreviewed
8164,Sadde355a94,Kenny Rogers & The First Edition,My Washington Woman,,0,1,0,,not_enriched,unreviewed
8165,Sade21e9b6b,L.A. Guns,Letting Go,,0,1,0,,not_enriched,unreviewed
8166,Sade758dc77,Poison,Stand,,0,1,0,,not_enriched,unreviewed
8167,Sade7caaf29,Doors,The WASP (Texas Radio and the Big Beat),,0,1,0,,not_enriched,unreviewed
8168,Sadf700dd49,Great White,Gone With the Wind,,0,1,0,,not_enriched,unreviewed
8169,Sae004d2df1,Big Brother & the Holding Company,Down on Me,,0,1,0,,not_enriched,unreviewed
8170,Sae006b7501,Ten Years After,I’ve Been There Too,,0,1,0,,not_enriched,unreviewed
8171,Sae0b62a66c,Lindsey Buckingham,D.W. Suite,,0,1,0,,not_enriched,unreviewed
8172,Sae1924c112,David Bowie,"John, I’m Only Dancing",,0,1,0,,not_enriched,unreviewed
8173,Sae2c388875,Styx,Homewrecker,,0,1,0,,not_enriched,unreviewed
8174,Sae3077098a,Pretenders,Message of Love,,0,1,0,,not_enriched,unreviewed
8175,Sae368fbc49,Kansas,Sparks of the Tempest,,0,1,0,,not_enriched,unreviewed
8176,Sae36c6ccf3,R.E.M.,"What’s the Frequency, Kenneth?",,0,1,0,,not_enriched,unreviewed
8177,Sae51257355,Chilliwack,(We Don't Have To) Fall In Love,,0,1,0,,not_enriched,unreviewed
8178,Sae55bc1cbd,Quarterflash,Eye to Eye,,0,1,0,,not_enriched,unreviewed
8179,Sae62314fbb,The Outfield,Raintown Boys,,0,1,0,,not_enriched,unreviewed
8180,Sae62bf5eec,SCANDAL,Switch,,0,1,0,,not_enriched,unreviewed
8181,Sae6d8e7140,Dan Fogelberg,Tell Me to My Face,,0,1,0,,not_enriched,unreviewed
8182,Sae6fdb3196,Gibson Brothers,Carribean Concerto,,0,1,0,,not_enriched,unreviewed
8183,Sae73a17b0a,The Rolling Stones,Respectable,,0,1,0,,not_enriched,unreviewed
8184,Sae75d663aa,The Allman Brothers Band,Shine It On,,0,1,0,,not_enriched,unreviewed
8185,Sae7718c679,Men at Work,Helpless Automaton,,0,1,0,,not_enriched,unreviewed
8186,Sae7cbc9a05,John Stewart,Lost Her in the Sun,,0,1,0,,not_enriched,unreviewed
8187,Sae7de2ed58,Del Amitri,The First Rule of Love,,0,1,0,,not_enriched,unreviewed
8188,Sae809a75d8,Nine Inch Nails,Reptile,,0,1,0,,not_enriched,unreviewed
8189,Sae83a3f204,Bruce Hornsby and the Range,On the Western Skyline,,0,1,0,,not_enriched,unreviewed
8190,Sae87d5bdf5,Kim Carnes,Hit & Run,,0,1,0,,not_enriched,unreviewed
8191,Sae8bf18177,Grateful Dead,One More Saturday Night,,0,1,0,,not_enriched,unreviewed
8192,Sae91c322b8,ZZ Top,It’s Only Love,,0,1,0,,not_enriched,unreviewed
8193,Sae955d3ce8,a‐ha,And You Tell Me,,0,1,0,,not_enriched,unreviewed
8194,Sae95917f2f,Rush,New World Man,,0,1,0,,not_enriched,unreviewed
8195,Saeadcac5de,TNT,"10,000 Lovers (in One)",,0,1,0,,not_enriched,unreviewed
8196,Saeae86a15b,The Knack,(She's So) Selfish,,0,1,0,,not_enriched,unreviewed
8197,Saeb1be3000,Michael Monroe,"Dead, Jail or Rock ’n’ Roll",,0,1,0,,not_enriched,unreviewed
8198,Saebb6b2bd6,Eric Clapton,I Found a Love,,0,1,0,,not_enriched,unreviewed
8199,Saeca10d81d,Elton John,Writing,,0,1,0,,not_enriched,unreviewed
8200,Saed0b76e1d,Elton John,Burning Buildings,,0,1,0,,not_enriched,unreviewed
8201,Saed48c06cb,Firefall,Baby,,0,1,0,,not_enriched,unreviewed
8202,Saed50373b9,SCANDAL,FREEDOM FIGHTERS,,0,1,0,,not_enriched,unreviewed
8203,Saee419afad,The Doors,Moonlight Drive Incl. Horse Latitudes,,0,1,0,,not_enriched,unreviewed
8204,Saee79ed864,David & David,All Alone in the Big City,,0,1,0,,not_enriched,unreviewed
8205,Saeea6d1f74,Genesis,Duke’s End,,0,1,0,,not_enriched,unreviewed
8206,Saeef0a8803,Scorpions,Send Me an Angel,,0,1,0,,not_enriched,unreviewed
8207,Saef49dc66d,Elton John,Midnight Creeper,,0,1,0,,not_enriched,unreviewed
8208,Saef8e606ad,John Cougar Mellencamp,Golden Gates,,0,1,0,,not_enriched,unreviewed
8209,Saf0633f5d7,Elton John,Screw You (Young Man’s Blues),,0,1,0,,not_enriched,unreviewed
8210,Saf21d2fc94,Christopher Cross,Poor Shirley,,0,1,0,,not_enriched,unreviewed
8211,Saf2e41cde6,Extreme,It (’s a Monster),,0,1,0,,not_enriched,unreviewed
8212,Saf2fc22e4b,Zebra,The La La Song,,0,1,0,,not_enriched,unreviewed
8213,Saf30539dd7,SCANDAL,OVER DRIVE,,0,1,0,,not_enriched,unreviewed
8214,Saf3cad03fa,Bread,Yours for Life,,0,1,0,,not_enriched,unreviewed
8215,Saf442a8e38,Eric Clapton,Someone Like You,,0,1,0,,not_enriched,unreviewed
8216,Saf514096e5,April Wine,Right Down to It,,0,1,0,,not_enriched,unreviewed
8217,Saf5dc228fa,Nils Lofgren,Baltimore,,0,1,0,,not_enriched,unreviewed
8218,Saf6012d580,Stevie Nicks,Sable on Blonde,,0,1,0,,not_enriched,unreviewed
8219,Saf67eb714f,Metallica,The God That Failed,,0,1,0,,not_enriched,unreviewed
8220,Saf6cc7d69c,Robert Plant,Tie Dye on the Highway,,0,1,0,,not_enriched,unreviewed
8221,Saf75ffaec7,Robert Plant,Walking Towards Paradise,,0,1,0,,not_enriched,unreviewed
8222,Saf95ce160b,Genesis,Silver Rainbow,,0,1,0,,not_enriched,unreviewed
8223,Saf9e6e89b6,Daryl Hall & John Oates,All American Girl,,0,1,0,,not_enriched,unreviewed
8224,Safabc93f45,Elton John,Pinky,,0,1,0,,not_enriched,unreviewed
8225,Safb37e0604,Pearl Jam,Bugs,,0,1,0,,not_enriched,unreviewed
8226,Safc1244d2b,A Flock of Seagulls,Man Made,,0,1,0,,not_enriched,unreviewed
8227,Safd2038b11,Crosby & Nash,Fieldworker,,0,1,0,,not_enriched,unreviewed
8228,Safd40f4769,Elton John,Live in New York (Funeral for a Friend),,0,1,0,,not_enriched,unreviewed
8229,Safd76fe086,The Robert Cray Band,Still Around,,0,1,0,,not_enriched,unreviewed
8230,Safd8e7c0cc,Carpenters,Santa Claus Is Comin' to Town,,0,1,0,,not_enriched,unreviewed
8231,Safda4a83da,Rick Derringer,Time Warp (instrumental),,0,1,0,,not_enriched,unreviewed
8232,Safee592275,"Peter, Paul & Mary",The Magi (The Heart of a Man's Palace),,0,1,0,,not_enriched,unreviewed
8233,Safef87b5ed,Nazareth,Hair of the Dog,,0,1,0,,not_enriched,unreviewed
8234,Saff2934d30,Bruce Springsteen,You Can Look (but You Better Not Touch),,0,1,0,,not_enriched,unreviewed
8235,Sb00cc7f303,Joe Jackson,Cancer,,0,1,0,,not_enriched,unreviewed
8236,Sb01ab972e9,Led Zeppelin,Wearing and Tearing,,0,1,0,,not_enriched,unreviewed
8237,Sb027767b42,John Mayall’s Bluesbreakers,All Your Love,,0,1,0,,not_enriched,unreviewed
8238,Sb02ee5f20e,Garth Brooks,The Old Stuff,,0,1,0,,not_enriched,unreviewed
8239,Sb02efeefa6,Scorpions,Crazy World,,0,1,0,,not_enriched,unreviewed
8240,Sb0331f88c3,London Philharmonic Orchestra,The Great Gig in the Sky,,0,1,0,,not_enriched,unreviewed
8241,Sb0333c268d,Barry Manilow,Avenue C,,0,1,0,,not_enriched,unreviewed
8242,Sb034f0ed3b,The B‐52’s,Bushfire,,0,1,0,,not_enriched,unreviewed
8243,Sb03bbea162,Janet Jackson,Nasty,,0,1,0,,not_enriched,unreviewed
8244,Sb047c86eca,The Alan Parsons Project,What Goes Up...,,0,1,0,,not_enriched,unreviewed
8245,Sb04a02d2d5,Red Rider,Sights on You,,0,1,0,,not_enriched,unreviewed
8246,Sb06a629cad,Mountain,One Last Cold Kiss,,0,1,0,,not_enriched,unreviewed
8247,Sb07e212529,The Who,One Life’s Enough,,0,1,0,,not_enriched,unreviewed
8248,Sb080470605,Kenny Rogers,Reuben James,,0,1,0,,not_enriched,unreviewed
8249,Sb0982307f6,Guns N’ Roses,Think About You,,0,1,0,,not_enriched,unreviewed
8250,Sb0a25a2d56,Lou Gramm,If I Don't Have You,,0,1,0,,not_enriched,unreviewed
8251,Sb0a829e0f9,Blue Öyster Cult,Sole Survivor,,0,1,0,,not_enriched,unreviewed
8252,Sb0a8f5fbe7,Commodores,Sail On,,0,1,0,,not_enriched,unreviewed
8253,Sb0aa05c46e,Queensrÿche,Della Brown,,0,1,0,,not_enriched,unreviewed
8254,Sb0ab8f1e00,Robert Plant,Down to the Sea,,0,1,0,,not_enriched,unreviewed
8255,Sb0b1db21d7,Badfinger,Baby Blue (U.S. single mix),,0,1,0,,not_enriched,unreviewed
8256,Sb0b20003a3,George Thorogood & the Destroyers,Woman With the Blues,,0,1,0,,not_enriched,unreviewed
8257,Sb0b81be348,XTC,Sacrificial Bonfire,,0,1,0,,not_enriched,unreviewed
8258,Sb0de7f9fa7,The Who,How Can You Do It Alone,,0,1,0,,not_enriched,unreviewed
8259,Sb0efe1a0a6,Chris Isaak,Move Along,,0,1,0,,not_enriched,unreviewed
8260,Sb0f1a3e065,Chris Isaak,Kings of the Highway,,0,1,0,,not_enriched,unreviewed
8261,Sb0f9495be1,Robert Plant,Tall Cool One,,0,1,0,,not_enriched,unreviewed
8262,Sb10cbff82f,Great White,Alone,,0,1,0,,not_enriched,unreviewed
8263,Sb1122ffa1e,Meredith Brooks,What Would Happen,,0,1,0,,not_enriched,unreviewed
8264,Sb12267060a,Trixter,On and On,,0,1,0,,not_enriched,unreviewed
8265,Sb12368485e,Keith Richards,It Means a Lot,,0,1,0,,not_enriched,unreviewed
8266,Sb1268f7722,Little River Band,By My Side,,0,1,0,,not_enriched,unreviewed
8267,Sb12e7ac528,Neil Young,Song X,,0,1,0,,not_enriched,unreviewed
8268,Sb131f27f93,Slade,High and Dry,,0,1,0,,not_enriched,unreviewed
8269,Sb13c00ad0a,Steve Miller Band,My Babe,,0,1,0,,not_enriched,unreviewed
8270,Sb140c90088,Grateful Dead,I Will Take You Home,,0,1,0,,not_enriched,unreviewed
8271,Sb146fa863e,The Who,Dangerous,,0,1,0,,not_enriched,unreviewed
8272,Sb14771a0f4,Annie Lennox,Waiting in Vain,,0,1,0,,not_enriched,unreviewed
8273,Sb1586ec0c1,Firefall,Even Steven,,0,1,0,,not_enriched,unreviewed
8274,Sb15d6df043,Steve Perry,Strung Out,,0,1,0,,not_enriched,unreviewed
8275,Sb160c45adb,Keith Sykes,Love to Ride,,0,1,0,,not_enriched,unreviewed
8276,Sb1627f69a5,EMF,The Same,,0,1,0,,not_enriched,unreviewed
8277,Sb16352a005,John Cougar,This Time,,0,1,0,,not_enriched,unreviewed
8278,Sb175bf6ede,Garth Brooks,Wolves,,0,1,0,,not_enriched,unreviewed
8279,Sb17930699e,Stevie Nicks,The Dealer,,0,1,0,,not_enriched,unreviewed
8280,Sb1799a3df5,Joe Walsh,A Life of Illusion,,0,1,0,,not_enriched,unreviewed
8281,Sb17e9c8c8a,Red Hot Chili Peppers,If You Have to Ask,,0,1,0,,not_enriched,unreviewed
8282,Sb18380f0d1,New Radicals,Flowers,,0,1,0,,not_enriched,unreviewed
8283,Sb186590829,Tom Petty & the Heartbreakers,All Mixed Up,,0,1,0,,not_enriched,unreviewed
8284,Sb187c76020,Red Hot Chili Peppers,Suck My Kiss,,0,1,0,,not_enriched,unreviewed
8285,Sb18f341008,New Radicals,Crying Like a Church on Monday,,0,1,0,,not_enriched,unreviewed
8286,Sb18f38ebae,The Alan Parsons Project,Lucifer,,0,1,0,,not_enriched,unreviewed
8287,Sb196f7c0ba,Neil Young,There's a World,,0,1,0,,not_enriched,unreviewed
8288,Sb1b36fd03a,Nazareth,Whiskey Drinkin’ Woman,,0,1,0,,not_enriched,unreviewed
8289,Sb1b9c31387,The Caroleers,White Christmas,,0,1,0,,not_enriched,unreviewed
8290,Sb1d46eb353,"Phantom, Rocker and Slick",My Mistake,,0,1,0,,not_enriched,unreviewed
8291,Sb1d73ecc3d,Starship,Love Rusts,,0,1,0,,not_enriched,unreviewed
8292,Sb1dc58b6ff,38 Special,One Time for Old Times,,0,1,0,,not_enriched,unreviewed
8293,Sb1e083c414,John Waite,Tears,,0,1,0,,not_enriched,unreviewed
8294,Sb1fdfaf16b,Cliff Richard,It’s No Use Pretending,,0,1,0,,not_enriched,unreviewed
8295,Sb20019cbea,The Monkees,Shades of Gray,,0,1,0,,not_enriched,unreviewed
8296,Sb204050890,Sammy Hagar,Remember the Heroes,,0,1,0,,not_enriched,unreviewed
8297,Sb20aa2f922,Player,Every Which Way,,0,1,0,,not_enriched,unreviewed
8298,Sb20be9408f,INXS,New Sensation,,0,1,0,,not_enriched,unreviewed
8299,Sb217eec01b,Tommy Tutone,Steal Away,,0,1,0,,not_enriched,unreviewed
8300,Sb2186cb404,Gilbert O’Sullivan,January Git,,0,1,0,,not_enriched,unreviewed
8301,Sb22227b2cd,Bon Jovi,The Boys Are Back in Town,,0,1,0,,not_enriched,unreviewed
8302,Sb2305832a2,Mason Ruffner,Courage,,0,1,0,,not_enriched,unreviewed
8303,Sb232e1a038,Billy Squier,Eye on You,,0,1,0,,not_enriched,unreviewed
8304,Sb236430d83,Journey,Majestic,,0,1,0,,not_enriched,unreviewed
8305,Sb238e52ac4,Paul McCartney,Singing the Blues,,0,1,0,,not_enriched,unreviewed
8306,Sb246e7a864,Steve Winwood,Shining Song,,0,1,0,,not_enriched,unreviewed
8307,Sb25086dfff,Iron Butterfly,Flowers and Beads,,0,1,0,,not_enriched,unreviewed
8308,Sb25d20fbc9,The Church,Transient,,0,1,0,,not_enriched,unreviewed
8309,Sb268bb0b64,Glenn Frey,Somebody Else,,0,1,0,,not_enriched,unreviewed
8310,Sb2700ffc08,Blue Öyster Cult,Divine Wind,,0,1,0,,not_enriched,unreviewed
8311,Sb27358e8e7,Zebra,Slow Down,,0,1,0,,not_enriched,unreviewed
8312,Sb280007ab0,Stone Temple Pilots,Adhesive,,0,1,0,,not_enriched,unreviewed
8313,Sb281ae4b68,Tom Petty and the Heartbreakers,Restless,,0,1,0,,not_enriched,unreviewed
8314,Sb28eb69def,Hootie & the Blowfish,Sometimes I Feel Like a Motherless Child,,0,1,0,,not_enriched,unreviewed
8315,Sb290a419e0,Honeymoon Suite,New Girl Now,,0,1,0,,not_enriched,unreviewed
8316,Sb298ccc982,Enigma,"Sadeness, Part I (extented trance mix)",,0,1,0,,not_enriched,unreviewed
8317,Sb29f0e6a2a,Pat Benatar,Promises in the Dark,,0,1,0,,not_enriched,unreviewed
8318,Sb2a033dd4e,Boston,Amanda,,0,1,0,,not_enriched,unreviewed
8319,Sb2a882fd72,Traveling Wilburys,Poor House,,0,1,0,,not_enriched,unreviewed
8320,Sb2af3f8a0d,Russ Ballard,Ain’t No Turning Back,,0,1,0,,not_enriched,unreviewed
8321,Sb2bafe83cc,Richard Marx,Endless Summer Nights,,0,1,0,,not_enriched,unreviewed
8322,Sb2c77b3934,Carpenters,Only Yesterday,,0,1,0,,not_enriched,unreviewed
8323,Sb2d5028b8f,Loverboy,Watch Out,,0,1,0,,not_enriched,unreviewed
8324,Sb2d5b35b37,Johnny Mathis,It’s the Most Wonderful Time of the Year,,0,1,0,,not_enriched,unreviewed
8325,Sb2d934a518,Talking Heads,I Zimbra,,0,1,0,,not_enriched,unreviewed
8326,Sb2da3e0ad7,Tommy James & the Shondells,Gotta Get Back to You,,0,1,0,,not_enriched,unreviewed
8327,Sb2da776416,Rod Stewart,Street Fighting Man,,0,1,0,,not_enriched,unreviewed
8328,Sb2e4cf5c7f,Jethro Tull,Hymn 43,,0,1,0,,not_enriched,unreviewed
8329,Sb2ed2309aa,John Lennon,Mother,,0,1,0,,not_enriched,unreviewed
8330,Sb2f41fd751,Hall & Oates,One on One,,0,1,0,,not_enriched,unreviewed
8331,Sb2f64a0c64,Stevie Nicks,If Anyone Falls,,0,1,0,,not_enriched,unreviewed
8332,Sb2fb5912a5,David Crosby,Flying Man,,0,1,0,,not_enriched,unreviewed
8333,Sb306df9dc3,Brother Cane,Kerosene,,0,1,0,,not_enriched,unreviewed
8334,Sb30b47d0e3,"Phantom, Rocker and Slick",Lonely Actions,,0,1,0,,not_enriched,unreviewed
8335,Sb30bbe770f,Honeymoon Suite,Feel It Again,,0,1,0,,not_enriched,unreviewed
8336,Sb310eef1c8,Ugly Kid Joe,Everything About You,,0,1,0,,not_enriched,unreviewed
8337,Sb316ad247f,Eric Clapton,Don't Know Which Way to Go,,0,1,0,,not_enriched,unreviewed
8338,Sb31b399866,INXS,Biting Bullets,,0,1,0,,not_enriched,unreviewed
8339,Sb321dd4c6a,Lindsey Buckingham,Loving Cup,,0,1,0,,not_enriched,unreviewed
8340,Sb32b43c183,The Beach Boys,It's OK,,0,1,0,,not_enriched,unreviewed
8341,Sb33195783c,Aerosmith,Hangman Jury,,0,1,0,,not_enriched,unreviewed
8342,Sb349c80da6,Foreigner,Back Where You Belong,,0,1,0,,not_enriched,unreviewed
8343,Sb358d72729,Chris Isaak,Waiting,,0,1,0,,not_enriched,unreviewed
8344,Sb35a7717f5,Janet Jackson,Love Will Never Do (Without You),,0,1,0,,not_enriched,unreviewed
8345,Sb3665f1d07,Prince,The Ladder,,0,1,0,,not_enriched,unreviewed
8346,Sb36a65279b,"Phantom, Rocker and Slick",Hollywood Distractions,,0,1,0,,not_enriched,unreviewed
8347,Sb36a673f66,The Call,Surrender,,0,1,0,,not_enriched,unreviewed
8348,Sb36d1d36cb,L.A. Guns,I Wanna Be Your Man,,0,1,0,,not_enriched,unreviewed
8349,Sb376a29385,RTZ,All You've Got,,0,1,0,,not_enriched,unreviewed
8350,Sb381138b90,Kim Mitchell,In Your Arms,,0,1,0,,not_enriched,unreviewed
8351,Sb3870d4572,Nick Gilder,We'll Work It Out,,0,1,0,,not_enriched,unreviewed
8352,Sb3879346a0,Bad Company,Take This Town,,0,1,0,,not_enriched,unreviewed
8353,Sb3899a27ba,Pink Floyd,A Pillow of Winds,,0,1,0,,not_enriched,unreviewed
8354,Sb39ee5dc7a,Shania Twain,Man! I Feel Like a Woman!,,0,1,0,,not_enriched,unreviewed
8355,Sb3a8d24323,The Sweet,Wig-Wam Bam,,0,1,0,,not_enriched,unreviewed
8356,Sb3ab23ff70,Heart,Shell Shock,,0,1,0,,not_enriched,unreviewed
8357,Sb3ae30cdb2,Warrant,Song and Dance Man,,0,1,0,,not_enriched,unreviewed
8358,Sb3b0c9c547,Jefferson Starship,I Came Back From the Jaws of the Dragon,,0,1,0,,not_enriched,unreviewed
8359,Sb3b0eff759,Steve Miller Band,Come On In My Kitchen,,0,1,0,,not_enriched,unreviewed
8360,Sb3b29e4b63,Derek and the Dominos,Roll It Over,,0,1,0,,not_enriched,unreviewed
8361,Sb3ba123158,Extreme,When I First Kissed You,,0,1,0,,not_enriched,unreviewed
8362,Sb3cb72be69,Dread Zeppelin,Your Time Is Gonna Come,,0,1,0,,not_enriched,unreviewed
8363,Sb3cd264f47,Gilbert O’Sullivan,Matrimony,,0,1,0,,not_enriched,unreviewed
8364,Sb3d7ca4e00,Gilbert O’Sullivan,Houdini Said,,0,1,0,,not_enriched,unreviewed
8365,Sb3e3384b9d,Jewel,Do You,,0,1,0,,not_enriched,unreviewed
8366,Sb3e8efc579,John Cougar,Hurts So Good,,0,1,0,,not_enriched,unreviewed
8367,Sb3f11644c5,The Charlie Daniels Band,Stroker's Theme,,0,1,0,,not_enriched,unreviewed
8368,Sb3f55a4000,The Cars,Night Spots,,0,1,0,,not_enriched,unreviewed
8369,Sb3f7d304a2,Pink Floyd,"A New Machine, Part 1",,0,1,0,,not_enriched,unreviewed
8370,Sb3f8e63ec0,Julian Lennon,Want Your Body,,0,1,0,,not_enriched,unreviewed
8371,Sb3f950a43b,Yes,Holding On,,0,1,0,,not_enriched,unreviewed
8372,Sb3fee7a8a3,Brother Cane,Horses & Needles,,0,1,0,,not_enriched,unreviewed
8373,Sb3fefe2445,The Cars,Down Boys,,0,1,0,,not_enriched,unreviewed
8374,Sb40e617e4d,Kenny G,Homeland,,0,1,0,,not_enriched,unreviewed
8375,Sb4151f0af0,Fastball,Slow Drag,,0,1,0,,not_enriched,unreviewed
8376,Sb419e27dd2,Elton John,I've Seen the Saucers,,0,1,0,,not_enriched,unreviewed
8377,Sb4218d31aa,John Cougar Mellencamp,Rooty Toot Toot,,0,1,0,,not_enriched,unreviewed
8378,Sb424b47199,Led Zeppelin,All My Love,,0,1,0,,not_enriched,unreviewed
8379,Sb42b3881d0,Duran Duran,Hold Back the Rain,,0,1,0,,not_enriched,unreviewed
8380,Sb42cf1e882,Night Ranger,Chippin' Away,,0,1,0,,not_enriched,unreviewed
8381,Sb44de23228,Doors,Riders on the Storm,,0,1,0,,not_enriched,unreviewed
8382,Sb44e5f100f,Great White,Sail Away,,0,1,0,,not_enriched,unreviewed
8383,Sb4583d6876,Bruce Springsteen,I’m a Rocker,,0,1,0,,not_enriched,unreviewed
8384,Sb45c2d1ef9,Ian Matthews,Gimme an Inch Girl,,0,1,0,,not_enriched,unreviewed
8385,Sb45cd5ec93,The Motels,He Hit Me (And It Felt Like a Kiss),,0,1,0,,not_enriched,unreviewed
8386,Sb4627ab182,Nelson,Interlude / Everywhere I Go,,0,1,0,,not_enriched,unreviewed
8387,Sb4637d261d,The Fixx,Opinions,,0,1,0,,not_enriched,unreviewed
8388,Sb46b34260b,Pure Moods,Meadow Heights,,0,1,0,,not_enriched,unreviewed
8389,Sb47155126b,Julian Lennon,Say You're Wrong,,0,1,0,,not_enriched,unreviewed
8390,Sb48bc2db40,Ringo Starr,Occapella,,0,1,0,,not_enriched,unreviewed
8391,Sb49752647d,Gilbert O’Sullivan,If I Don't Get You (Back Again),,0,1,0,,not_enriched,unreviewed
8392,Sb4999458c0,Bachman–Turner Overdrive,Not Fragile,,0,1,0,,not_enriched,unreviewed
8393,Sb4a3eae65b,Elton John,Hercules,,0,1,0,,not_enriched,unreviewed
8394,Sb4a5e6fc46,Nelson,I Can Hardly Wait,,0,1,0,,not_enriched,unreviewed
8395,Sb4ae8b7ce0,Steve Perry,You Should Be Happy,,0,1,0,,not_enriched,unreviewed
8396,Sb4afb8920f,Eric Clapton,Let It Rain,,0,1,0,,not_enriched,unreviewed
8397,Sb4b062c422,Scandal,Only the Young,,0,1,0,,not_enriched,unreviewed
8398,Sb4b66ea0a9,Go‐Go’s,We Got the Beat,,0,1,0,,not_enriched,unreviewed
8399,Sb4bd4a1cbf,George Thorogood & the Destroyers,Baby Please Set a Date,,0,1,0,,not_enriched,unreviewed
8400,Sb4c62d174f,Bonnie Raitt,Have a Heart,,0,1,0,,not_enriched,unreviewed
8401,Sb4cb574b2b,Bachman–Turner Overdrive,Flat Broke Love,,0,1,0,,not_enriched,unreviewed
8402,Sb4cc3d5e81,Quiet Riot,Don’t Wanna Let You Go,,0,1,0,,not_enriched,unreviewed
8403,Sb4d3a0d5d1,Meredith Brooks,Somedays,,0,1,0,,not_enriched,unreviewed
8404,Sb4df432e4d,Joe Jackson,Breaking Us in Two,,0,1,0,,not_enriched,unreviewed
8405,Sb4e24f4cf7,Eurythmics,Would I Lie to You,,0,1,0,,not_enriched,unreviewed
8406,Sb4e5c8249a,James Gang,Funk #49,,0,1,0,,not_enriched,unreviewed
8407,Sb4e9dc688a,Stone Temple Pilots,Pretty Penny,,0,1,0,,not_enriched,unreviewed
8408,Sb4eba32565,Danger Danger,Boys Will Be Boys,,0,1,0,,not_enriched,unreviewed
8409,Sb4ed0eabbb,Bruce Springsteen,Tunnel of Love,,0,1,0,,not_enriched,unreviewed
8410,Sb4ee31e927,Pearl Jam,Wishlist,,0,1,0,,not_enriched,unreviewed
8411,Sb4fb21935f,Three Dog Night,Prelude to Morning,,0,1,0,,not_enriched,unreviewed
8412,Sb4fb4000dc,Porno for Pyros,Blood Rag,,0,1,0,,not_enriched,unreviewed
8413,Sb5002478ef,RTZ,Rain Down on Me,,0,1,0,,not_enriched,unreviewed
8414,Sb504d30510,Robert Palmer,Change His Ways (Wed 9pm mix),,0,1,0,,not_enriched,unreviewed
8415,Sb5166379d6,Duran Duran,Too Much Information,,0,1,0,,not_enriched,unreviewed
8416,Sb51861fd8c,Eagles,Hollywood Waltz,,0,1,0,,not_enriched,unreviewed
8417,Sb5186be365,Gibson Brothers,Ooh! What a Life,,0,1,0,,not_enriched,unreviewed
8418,Sb51ee49cc5,Bad English,The Restless Ones,,0,1,0,,not_enriched,unreviewed
8419,Sb5234f7429,Huey Lewis & the News,Doin' It (All for My Baby),,0,1,0,,not_enriched,unreviewed
8420,Sb525c0594d,The Wallflowers,Three Marlenas,,0,1,0,,not_enriched,unreviewed
8421,Sb52875b961,Three Dog Night,In Bed,,0,1,0,,not_enriched,unreviewed
8422,Sb53cce0407,Lindsey Buckingham,I Must Go,,0,1,0,,not_enriched,unreviewed
8423,Sb54052b405,Planet P Project,Pink World Coming Down,,0,1,0,,not_enriched,unreviewed
8424,Sb548eaf874,Bad Company,Seagull,,0,1,0,,not_enriched,unreviewed
8425,Sb54c8b12ae,The Alan Parsons Project,Pipeline,,0,1,0,,not_enriched,unreviewed
8426,Sb54e1f742a,The Kingbees,Everybody's Gone,,0,1,0,,not_enriched,unreviewed
8427,Sb55e8580fb,Toto,Angel Don’t Cry,,0,1,0,,not_enriched,unreviewed
8428,Sb5770c5e31,The Beat Farmers,Big River,,0,1,0,,not_enriched,unreviewed
8429,Sb57b4d8977,Jim Capaldi,I'll Always Be Your Fool,,0,1,0,,not_enriched,unreviewed
8430,Sb59bdfb878,George Thorogood & the Destroyers,Cocaine Blues,,0,1,0,,not_enriched,unreviewed
8431,Sb59d487364,Night Ranger,Passion Play,,0,1,0,,not_enriched,unreviewed
8432,Sb59f723403,Eric Clapton,New Recruit,,0,1,0,,not_enriched,unreviewed
8433,Sb5a435451c,REO Speedwagon,Good Trouble,,0,1,0,,not_enriched,unreviewed
8434,Sb5b1ed1045,Roxy Music,Take a Chance With Me,,0,1,0,,not_enriched,unreviewed
8435,Sb5ba4ec12b,Bee Gees,Songbird,,0,1,0,,not_enriched,unreviewed
8436,Sb5c190abeb,Britny Fox,Shine On,,0,1,0,,not_enriched,unreviewed
8437,Sb5c2b40d7d,Quarterflash,Critical Times,,0,1,0,,not_enriched,unreviewed
8438,Sb5c79f484a,Chris Rea,Looking for a Rainbow,,0,1,0,,not_enriched,unreviewed
8439,Sb5ccb2cdec,Rick Derringer,Cheap Tequila,,0,1,0,,not_enriched,unreviewed
8440,Sb5cd2157f1,Grateful Dead,Mexicali Blues,,0,1,0,,not_enriched,unreviewed
8441,Sb5d32b3cd8,Slade,Slam the Hammer Down,,0,1,0,,not_enriched,unreviewed
8442,Sb5db39dbba,"Crosby, Stills, Nash & Young",Drivin’ Thunder,,0,1,0,,not_enriched,unreviewed
8443,Sb5e01194c2,Jethro Tull,Songs From the Wood,,0,1,0,,not_enriched,unreviewed
8444,Sb5ecc074cd,Michael Stanley Band,Love Hurts,,0,1,0,,not_enriched,unreviewed
8445,Sb5f0fbd7fc,Corey Hart,Sunglasses at Night,,0,1,0,,not_enriched,unreviewed
8446,Sb5fb3a9ed4,REO Speedwagon,Roll With the Changes,,0,1,0,,not_enriched,unreviewed
8447,Sb614438725,Steely Dan,I Got the News,,0,1,0,,not_enriched,unreviewed
8448,Sb61cf7b750,Toad the Wet Sprocket,Pray Your Gods,,0,1,0,,not_enriched,unreviewed
8449,Sb61f5affde,Slade,Run Runaway,,0,1,0,,not_enriched,unreviewed
8450,Sb625205250,Fleetwood Mac,Temporary One,,0,1,0,,not_enriched,unreviewed
8451,Sb625fef1a9,Jim Capaldi,Living on the Edge,,0,1,0,,not_enriched,unreviewed
8452,Sb62cedeb13,Kenny Rogers,You Decorated My Life,,0,1,0,,not_enriched,unreviewed
8453,Sb6326032e5,Taylor Dayne,Wait for Me,,0,1,0,,not_enriched,unreviewed
8454,Sb638469038,Nils Lofgren,Don’t Touch Me,,0,1,0,,not_enriched,unreviewed
8455,Sb6454603f7,Lou Reed,Gassed and Stoked (Loss),,0,1,0,,not_enriched,unreviewed
8456,Sb649f79a11,Elton John,Saturday Night's Alright for Fighting,,0,1,0,,not_enriched,unreviewed
8457,Sb651c844b4,Melissa Etheridge,Like the Way I Do,,0,1,0,,not_enriched,unreviewed
8458,Sb6541c6d02,John Stewart,Over the Hill,,0,1,0,,not_enriched,unreviewed
8459,Sb656d5a621,The Monroes,What Do All the People Know,,0,1,0,,not_enriched,unreviewed
8460,Sb6594b567b,The Gregg Allman Band,I'm No Angel,,0,1,0,,not_enriched,unreviewed
8461,Sb65e6d26f2,R.E.M.,Can't Get There From Here,,0,1,0,,not_enriched,unreviewed
8462,Sb65e986080,Cliff Richard,Miss You Nights,,0,1,0,,not_enriched,unreviewed
8463,Sb663d12ba7,Steely Dan,Any Major Dude Will Tell You,,0,1,0,,not_enriched,unreviewed
8464,Sb66b58ce89,Head East,Take A Hand,,0,1,0,,not_enriched,unreviewed
8465,Sb671cb6685,Dan Fogelberg,Lost in the Sun,,0,1,0,,not_enriched,unreviewed
8466,Sb6765466dd,Elton John,The Greatest Discovery,,0,1,0,,not_enriched,unreviewed
8467,Sb67780f765,Collective Soul,Listen,,0,1,0,,not_enriched,unreviewed
8468,Sb67d3717a9,Neil Young,Act of Love,,0,1,0,,not_enriched,unreviewed
8469,Sb67ec331ec,Foreigner,Head Games,,0,1,0,,not_enriched,unreviewed
8470,Sb690f3d5ca,Bryan Adams,One Night Love Affair,,0,1,0,,not_enriched,unreviewed
8471,Sb69843302a,Stray Cats,Baby Blue Eyes,,0,1,0,,not_enriched,unreviewed
8472,Sb6ab66f4fe,Aerosmith,F.I.N.E.,,0,1,0,,not_enriched,unreviewed
8473,Sb6ad721ad4,"10,000 Maniacs",Tolerance,,0,1,0,,not_enriched,unreviewed
8474,Sb6b05ed9a3,Patty Smyth,Call to Heaven,,0,1,0,,not_enriched,unreviewed
8475,Sb6b3238c37,Planet P Project,One Star Falling,,0,1,0,,not_enriched,unreviewed
8476,Sb6b4637c87,Pink Floyd,Learning to Fly,,0,1,0,,not_enriched,unreviewed
8477,Sb6baed6f52,Jim Croce,Operator (That’s Not the Way It Feels),,0,1,0,,not_enriched,unreviewed
8478,Sb6bda3e0ee,Bad Company,The Way I Choose,,0,1,0,,not_enriched,unreviewed
8479,Sb6c7aaf8ba,Taylor Dayne,You Can’t Fight Fate,,0,1,0,,not_enriched,unreviewed
8480,Sb6d3893497,Three Dog Night,Pieces of April,,0,1,0,,not_enriched,unreviewed
8481,Sb6d813454f,Elton John,Empty Garden (Hey Hey Johnny),,0,1,0,,not_enriched,unreviewed
8482,Sb6ddf83c4f,Nick Gilder,Hot Child in the City,,0,1,0,,not_enriched,unreviewed
8483,Sb6e9db2837,John Mellencamp,L.U.V.,,0,1,0,,not_enriched,unreviewed
8484,Sb6fbd538ad,Poison,Ride Child Ride,,0,1,0,,not_enriched,unreviewed
8485,Sb70349cbc8,Michael Jackson,Wanna Be Startin’ Somethin’,,0,1,0,,not_enriched,unreviewed
8486,Sb704fa0f7c,Pink Floyd,Your Possible Pasts,,0,1,0,,not_enriched,unreviewed
8487,Sb709c3285b,Pretenders,Pack It Up,,0,1,0,,not_enriched,unreviewed
8488,Sb712c7140f,John Tesh,The Christmas Song,,0,1,0,,not_enriched,unreviewed
8489,Sb728577580,Nils Lofgren,Gun and Run,,0,1,0,,not_enriched,unreviewed
8490,Sb72bc37bb7,The Kinks,Guilty,,0,1,0,,not_enriched,unreviewed
8491,Sb73020fe8b,Don Henley,Gimme What You Got,,0,1,0,,not_enriched,unreviewed
8492,Sb73100585b,Toto,Manuela Run,,0,1,0,,not_enriched,unreviewed
8493,Sb734588626,Jefferson Starship,Winds of Change,,0,1,0,,not_enriched,unreviewed
8494,Sb734890b52,The Sweet,Fox on the Run,,0,1,0,,not_enriched,unreviewed
8495,Sb734e75db9,Neil Young,Cripple Creek Ferry,,0,1,0,,not_enriched,unreviewed
8496,Sb73671d7fc,Carpenters,Little Altar Boy,,0,1,0,,not_enriched,unreviewed
8497,Sb7442d1792,Jimmy Page,The Only One,,0,1,0,,not_enriched,unreviewed
8498,Sb74917010e,The Breeders,Divine Hammer,,0,1,0,,not_enriched,unreviewed
8499,Sb74ad1ccd2,Blue Rose,River of Change,,0,1,0,,not_enriched,unreviewed
8500,Sb750a493c4,The Cranberries,Sunday,,0,1,0,,not_enriched,unreviewed
8501,Sb75b85c917,Red Hot Chili Peppers,They’re Red Hot,,0,1,0,,not_enriched,unreviewed
8502,Sb7652c9ce2,The Fixx,Chase the Fire,,0,1,0,,not_enriched,unreviewed
8503,Sb76f619cb7,Stabilizers,(If I) Found Rome,,0,1,0,,not_enriched,unreviewed
8504,Sb77b4ead15,Eric Clapton,Pretending,,0,1,0,,not_enriched,unreviewed
8505,Sb77edad7bf,Tom Petty and the Heartbreakers,Out in the Cold,,0,1,0,,not_enriched,unreviewed
8506,Sb78439da83,Tom Cochrane & Red Rider,Good Times,,0,1,0,,not_enriched,unreviewed
8507,Sb78526ea57,Madonna,Survival,,0,1,0,,not_enriched,unreviewed
8508,Sb7858b7b3b,Nine Inch Nails,Heresy,,0,1,0,,not_enriched,unreviewed
8509,Sb7863ef31b,Bad Company,Good Lovin' Gone Bad,,0,1,0,,not_enriched,unreviewed
8510,Sb7879e911a,Eddie Money,Passing by the Graveyard (song for John B.),,0,1,0,,not_enriched,unreviewed
8511,Sb7a38ad20b,Neil Young,Wrecking Ball,,0,1,0,,not_enriched,unreviewed
8512,Sb7a4c6ad26,The Rolling Stones,Star Star,,0,1,0,,not_enriched,unreviewed
8513,Sb7bf9c0aa5,Foreigner,Heart Turns to Stone,,0,1,0,,not_enriched,unreviewed
8514,Sb7c36317cd,Slade,(And Now the Waltz) C'est La Vie,,0,1,0,,not_enriched,unreviewed
8515,Sb7ca1d6fb9,Journey,Any Way You Want It,,0,1,0,,not_enriched,unreviewed
8516,Sb7cdd4d267,Carpenters,Ticket to Ride,,0,1,0,,not_enriched,unreviewed
8517,Sb7d017c76e,The Motels,Art Fails,,0,1,0,,not_enriched,unreviewed
8518,Sb7d04ea61b,George Harrison,Cheer Down,,0,1,0,,not_enriched,unreviewed
8519,Sb7d5a0a4ee,Bob Welch,Devil Wind,,0,1,0,,not_enriched,unreviewed
8520,Sb7d9a6ab0e,Doors,The Changeling,,0,1,0,,not_enriched,unreviewed
8521,Sb7dfc48ece,Pretenders,Waste Not Want Not,,0,1,0,,not_enriched,unreviewed
8522,Sb7ed0c217f,Cream,I Feel Free,,0,1,0,,not_enriched,unreviewed
8523,Sb7ef01719a,Andy Williams,Ave Maria,,0,1,0,,not_enriched,unreviewed
8524,Sb7f564b5eb,The Church,Essence,,0,1,0,,not_enriched,unreviewed
8525,Sb7f5fc48b0,Blue Öyster Cult,R.U. Ready 2 Rock,,0,1,0,,not_enriched,unreviewed
8526,Sb7fb5ee205,Bad Company,Something About You,,0,1,0,,not_enriched,unreviewed
8527,Sb7fdfc9a22,The Beach Boys,The Girls on the Beach,,0,1,0,,not_enriched,unreviewed
8528,Sb800f8ba6b,Queen,Machines (or ‘Back to Humans’),,0,1,0,,not_enriched,unreviewed
8529,Sb815c65086,The Animals,Being There,,0,1,0,,not_enriched,unreviewed
8530,Sb82aca6978,Steve Miller Band,Things I Told You,,0,1,0,,not_enriched,unreviewed
8531,Sb82ff74ee5,Eddie Money,I Wanna Go Back,,0,1,0,,not_enriched,unreviewed
8532,Sb8348fb990,Lenny Kravitz,Someone Like You,,0,1,0,,not_enriched,unreviewed
8533,Sb837b94edc,Tom Petty & the Heartbreakers,Let Me Up (I’ve Had Enough),,0,1,0,,not_enriched,unreviewed
8534,Sb83d8cb69f,Supertramp,Where I Stand,,0,1,0,,not_enriched,unreviewed
8535,Sb83f10f786,Enya,Watermark,,0,1,0,,not_enriched,unreviewed
8536,Sb8511cbf56,Huey Lewis & the News,I Know What I Like,,0,1,0,,not_enriched,unreviewed
8537,Sb854fe5fa0,Loggins & Messina,When I Was a Child,,0,1,0,,not_enriched,unreviewed
8538,Sb862233d1e,Glenn Frey,I Volunteer,,0,1,0,,not_enriched,unreviewed
8539,Sb863f222fd,4 Non Blondes,What’s Up,,0,1,0,,not_enriched,unreviewed
8540,Sb864e74e06,Julian Lennon,On the Phone,,0,1,0,,not_enriched,unreviewed
8541,Sb8685c7157,Jefferson Airplane,My Best Friend,,0,1,0,,not_enriched,unreviewed
8542,Sb86a88e286,David Crosby,My Country 'Tis of Thee,,0,1,0,,not_enriched,unreviewed
8543,Sb87932ed21,Joe Jackson,T.V. Age,,0,1,0,,not_enriched,unreviewed
8544,Sb87e9a375e,Prince,The Beautiful Ones,,0,1,0,,not_enriched,unreviewed
8545,Sb87fb4abef,Billy Idol,Prodigal Blues,,0,1,0,,not_enriched,unreviewed
8546,Sb8898ef73a,Fleetwood Mac,The Second Time,,0,1,0,,not_enriched,unreviewed
8547,Sb88cece62f,Atlanta Rhythm Section,Outlaw Music,,0,1,0,,not_enriched,unreviewed
8548,Sb88fc28ed8,AC/DC,Given the Dog a Bone,,0,1,0,,not_enriched,unreviewed
8549,Sb8b67d8605,Daryl Hall + John Oates,One on One,,0,1,0,,not_enriched,unreviewed
8550,Sb8c556dc1e,Steely Dan,Josie,,0,1,0,,not_enriched,unreviewed
8551,Sb8d510bf65,Sammy Hagar,Piece of My Heart,,0,1,0,,not_enriched,unreviewed
8552,Sb8eb397682,Blue Öyster Cult,Debbie Denise,,0,1,0,,not_enriched,unreviewed
8553,Sb8fd9ff29a,U2,Red Light,,0,1,0,,not_enriched,unreviewed
8554,Sb8ff17c080,Warren Zevon,Johnny Strikes Up the Band,,0,1,0,,not_enriched,unreviewed
8555,Sb9011e0b27,Rick Derringer,The Airport Giveth (The Airport Taketh Away),,0,1,0,,not_enriched,unreviewed
8556,Sb9036b5dc5,The Wallflowers,The Difference,,0,1,0,,not_enriched,unreviewed
8557,Sb90e08d22c,Guns N’ Roses,Sweet Child O’ Mine,,0,1,0,,not_enriched,unreviewed
8558,Sb90f172269,Roger McGuinn,Without Your Love,,0,1,0,,not_enriched,unreviewed
8559,Sb92e11e3ed,A Flock of Seagulls,Modern Love Is Automatic,,0,1,0,,not_enriched,unreviewed
8560,Sb92e1aca1a,TNT,Everyone's a Star,,0,1,0,,not_enriched,unreviewed
8561,Sb930127cd7,John Cougar Mellencamp,Play Guitar,,0,1,0,,not_enriched,unreviewed
8562,Sb93a06c9ce,Cinderella,Shelter Me,,0,1,0,,not_enriched,unreviewed
8563,Sb93e861e9b,En Vogue,Giving Him Something He Can Feel,,0,1,0,,not_enriched,unreviewed
8564,Sb940d76051,Duran Duran,The Reflex,,0,1,0,,not_enriched,unreviewed
8565,Sb946b66af4,John Mellencamp,I Saw Mommy Kissing Santa Claus,,0,1,0,,not_enriched,unreviewed
8566,Sb955cb87ff,Garth Brooks,The Beaches of Cheyenne,,0,1,0,,not_enriched,unreviewed
8567,Sb9660553a4,Billy Squier,It Keeps You Rockin',,0,1,0,,not_enriched,unreviewed
8568,Sb96c80aae7,Andy Williams,The Lord's Prayer,,0,1,0,,not_enriched,unreviewed
8569,Sb97ca2f9b9,Eurythmics,Right by Your Side,,0,1,0,,not_enriched,unreviewed
8570,Sb9881ecb3b,The Caroleers,Oh Little Town of Bethlehem,,0,1,0,,not_enriched,unreviewed
8571,Sb98f828918,The Doobie Brothers,This Train I’m On,,0,1,0,,not_enriched,unreviewed
8572,Sb995b6d53e,Andy Gibb,Flowing Rivers,,0,1,0,,not_enriched,unreviewed
8573,Sb99add8fde,The Lovin’ Spoonful,Jug Band Music,,0,1,0,,not_enriched,unreviewed
8574,Sb99b17a9e3,Jim Croce,Workin’ at the Car Wash Blues,,0,1,0,,not_enriched,unreviewed
8575,Sb9a96efa2d,Sneaker,More Than Just the Two of Us,,0,1,0,,not_enriched,unreviewed
8576,Sb9abfd8f39,Martin Briley,Slipping Away,,0,1,0,,not_enriched,unreviewed
8577,Sb9adcac550,Whitesnake,Love Ain’t No Stranger,,0,1,0,,not_enriched,unreviewed
8578,Sb9b3d7c84d,The Beat Farmers,Ridin',,0,1,0,,not_enriched,unreviewed
8579,Sb9c9bb31d1,SCANDAL,Bitter Chocolate,,0,1,0,,not_enriched,unreviewed
8580,Sb9cc471f90,Ozzy Osbourne,Believer,,0,1,0,,not_enriched,unreviewed
8581,Sb9ce36e290,Aerosmith,Big Ten Inch Record,,0,1,0,,not_enriched,unreviewed
8582,Sb9d609fe70,Dan Fogelberg,Changing Horses,,0,1,0,,not_enriched,unreviewed
8583,Sb9e3112787,Steve Perry,Foolish Heart,,0,1,0,,not_enriched,unreviewed
8584,Sb9e6e59462,The Fixx,Can't Finish,,0,1,0,,not_enriched,unreviewed
8585,Sb9e9f36e9c,Kenny Rogers,Lucille,,0,1,0,,not_enriched,unreviewed
8586,Sb9ee1d190a,Carpenters,I'll Be Home for Christmas,,0,1,0,,not_enriched,unreviewed
8587,Sb9eed024e8,SCANDAL,Chiisana Honoo,,0,1,0,,not_enriched,unreviewed
8588,Sb9f2b2b0b6,Warren Zevon,Roland the Headless Thompson Gunner,,0,1,0,,not_enriched,unreviewed
8589,Sb9f485def1,Nils Lofgren,Little Bit O’ Time,,0,1,0,,not_enriched,unreviewed
8590,Sb9f6604a8b,Todd Rundgren,Bang the Drum All Day (re‐recorded),,0,1,0,,not_enriched,unreviewed
8591,Sb9f8ed79a9,The Beach Boys,Blueberry Hill,,0,1,0,,not_enriched,unreviewed
8592,Sb9fd1d8a77,RTZ,Devil to Pay,,0,1,0,,not_enriched,unreviewed
8593,Sba09b13483,The Rolling Stones,Indian Girl,,0,1,0,,not_enriched,unreviewed
8594,Sba0a95fc4d,Argent,Schoolgirl,,0,1,0,,not_enriched,unreviewed
8595,Sba13513065,The Charlie Daniels Band,Uneasy Rider,,0,1,0,,not_enriched,unreviewed
8596,Sba1dc60197,The Vaughan Brothers,Hard to Be,,0,1,0,,not_enriched,unreviewed
8597,Sba234f302c,Stephen Stills,No Problem,,0,1,0,,not_enriched,unreviewed
8598,Sba34c72352,Slade,Cheap 'n' Nasty Luv,,0,1,0,,not_enriched,unreviewed
8599,Sba3e7ca53f,Matchbox 20,Kody,,0,1,0,,not_enriched,unreviewed
8600,Sba4295c4f3,Kim Carnes,Don't Call It Love,,0,1,0,,not_enriched,unreviewed
8601,Sba5bb51c6f,Robbie Robertson,Testimony,,0,1,0,,not_enriched,unreviewed
8602,Sba62d75d82,Corey Hart,At the Dance,,0,1,0,,not_enriched,unreviewed
8603,Sba634e9d3d,Meat Loaf,Two Out of Three Ain’t Bad,,0,1,0,,not_enriched,unreviewed
8604,Sba694e33f2,Rolling Stones,Hearts for Sale,,0,1,0,,not_enriched,unreviewed
8605,Sba6eed9823,Elton John,Texan Love Song,,0,1,0,,not_enriched,unreviewed
8606,Sba87be866f,Rush,Different Strings,,0,1,0,,not_enriched,unreviewed
8607,Sba8afd3e96,38 Special,Long Distance Affair,,0,1,0,,not_enriched,unreviewed
8608,Sba9c9b69c1,Honeymoon Suite,Words in the Wind,,0,1,0,,not_enriched,unreviewed
8609,Sba9e785908,Stevie Nicks,Edge of Seventeen (early take),,0,1,0,,not_enriched,unreviewed
8610,Sbaa64295b9,Arc Angel,Confession,,0,1,0,,not_enriched,unreviewed
8611,Sbaa73d3e35,ZZ Top,Pan Am Highway Blues,,0,1,0,,not_enriched,unreviewed
8612,Sbaab3a05bf,Bob Seger & the Silver Bullet Band,Ain’t Got No Money,,0,1,0,,not_enriched,unreviewed
8613,Sbac4d30d3e,Marillion,Childhoods End?,,0,1,0,,not_enriched,unreviewed
8614,Sbacfe2c9fc,The Call,When,,0,1,0,,not_enriched,unreviewed
8615,Sbad0751eec,Asia,Prayin’ 4 a Miracle,,0,1,0,,not_enriched,unreviewed
8616,Sbad542fa4c,The Rolling Stones,Worried About You,,0,1,0,,not_enriched,unreviewed
8617,Sbadd38d9cd,Rolling Stones,Slipping Away,,0,1,0,,not_enriched,unreviewed
8618,Sbae4f1e865,The Lovin’ Spoonful,Do You Believe in Magic,,0,1,0,,not_enriched,unreviewed
8619,Sbaec743a5f,Heart,You Ain’t So Tough,,0,1,0,,not_enriched,unreviewed
8620,Sbaf7a0e2a6,Stone Temple Pilots,Dead & Bloated,,0,1,0,,not_enriched,unreviewed
8621,Sbb0711c072,"Crosby, Stills, Nash & Young",Faith in Me,,0,1,0,,not_enriched,unreviewed
8622,Sbb08fea5a7,George Thorogood & the Destroyers,Shake Your Moneymaker,,0,1,0,,not_enriched,unreviewed
8623,Sbb10306935,John Cougar Mellencamp,Big Daddy of Them All,,0,1,0,,not_enriched,unreviewed
8624,Sbb11c72ea1,Styx,Love at First Sight,,0,1,0,,not_enriched,unreviewed
8625,Sbb17015096,Pretenders,Louie Louie,,0,1,0,,not_enriched,unreviewed
8626,Sbb1933b224,Kim Carnes,When I'm Away From You,,0,1,0,,not_enriched,unreviewed
8627,Sbb216f0108,SCANDAL,one piece,,0,1,0,,not_enriched,unreviewed
8628,Sbb2b392145,Warrant,Ridin’ High,,0,1,0,,not_enriched,unreviewed
8629,Sbb2e062f52,Warrant,Uncle Tom’s Cabin,,0,1,0,,not_enriched,unreviewed
8630,Sbb31cd76f3,Men at Work,People Just Love to Play With Words,,0,1,0,,not_enriched,unreviewed
8631,Sbb376fccbe,Eddie Money,Hard Life,,0,1,0,,not_enriched,unreviewed
8632,Sbb467f51ac,Steve Winwood,Higher Love,,0,1,0,,not_enriched,unreviewed
8633,Sbb472a73a8,Sammy Hagar,Hands and Knees,,0,1,0,,not_enriched,unreviewed
8634,Sbb472ccb01,Eric Clapton,Sign Language,,0,1,0,,not_enriched,unreviewed
8635,Sbb472f109d,Greg Kihn Band,Fascination,,0,1,0,,not_enriched,unreviewed
8636,Sbb4a008eaf,ZZ Top,Goin’ Down to Mexico,,0,1,0,,not_enriched,unreviewed
8637,Sbb4dcf650c,Blue Rose,Wild Rose of the Mountain,,0,1,0,,not_enriched,unreviewed
8638,Sbb5e36380f,Neil Young,I Got a Problem,,0,1,0,,not_enriched,unreviewed
8639,Sbb6bb69df5,Adam Ant,Rough Stuff,,0,1,0,,not_enriched,unreviewed
8640,Sbb709ed2a7,The Alan Parsons Project,Ammonia Avenue,,0,1,0,,not_enriched,unreviewed
8641,Sbb78e3643e,David Bowie,Fame ’90,,0,1,0,,not_enriched,unreviewed
8642,Sbb8af448a5,Stone Temple Pilots,Kitchenware & Candybars / Second Album,,0,1,0,,not_enriched,unreviewed
8643,Sbb8de02e84,Neil Diamond,God Rest Ye Merry Gentlemen,,0,1,0,,not_enriched,unreviewed
8644,Sbb8e810c73,The Rolling Stones,Summer Romance,,0,1,0,,not_enriched,unreviewed
8645,Sbb93edefa3,The Outfield,Say It Isn't So,,0,1,0,,not_enriched,unreviewed
8646,Sbb97b74ccc,Julian Lennon,I've Seen Your Face,,0,1,0,,not_enriched,unreviewed
8647,Sbba401ac2d,Nirvana,Smells Like Teen Spirit,,0,1,0,,not_enriched,unreviewed
8648,Sbba5710542,Keith Richards,Struggle,,0,1,0,,not_enriched,unreviewed
8649,Sbbac2f4fe1,Tom Cochrane,Get Back Up,,0,1,0,,not_enriched,unreviewed
8650,Sbbae8701aa,Foreigner,Down on Love,,0,1,0,,not_enriched,unreviewed
8651,Sbbb781906e,Duran Duran,Femme Fatale,,0,1,0,,not_enriched,unreviewed
8652,Sbbbb79bbcc,Lindsey Buckingham,Slow Dancing,,0,1,0,,not_enriched,unreviewed
8653,Sbbbc6f6b4f,Richard Marx,Don’t Mean Nothing,,0,1,0,,not_enriched,unreviewed
8654,Sbbc336ab97,Nils Lofgren,Valentine,,0,1,0,,not_enriched,unreviewed
8655,Sbbc5e86afe,Missing Persons,It Ain't None of Your Business,,0,1,0,,not_enriched,unreviewed
8656,Sbbcc7dee5f,Linda Ronstadt,Look Out for My Love,,0,1,0,,not_enriched,unreviewed
8657,Sbbd160782a,Pink Floyd,Astronomy Domine,,0,1,0,,not_enriched,unreviewed
8658,Sbbd188fc91,Slaughter,Wingin' It,,0,1,0,,not_enriched,unreviewed
8659,Sbbd22bce43,Joan Jett & the Blackhearts,Little Drummer Boy,,0,1,0,,not_enriched,unreviewed
8660,Sbbd7e5dc15,John Cougar,Cheap Shot,,0,1,0,,not_enriched,unreviewed
8661,Sbbda1ef9ed,Mike & The Mechanics,Take the Reins,,0,1,0,,not_enriched,unreviewed
8662,Sbbdb6ea9e5,Blue Rose,Time Has Made a Change,,0,1,0,,not_enriched,unreviewed
8663,Sbbdedaf96c,Tommy Tutone,Baby It’s Alright,,0,1,0,,not_enriched,unreviewed
8664,Sbbe96e7289,Crosby & Nash,Love Workout,,0,1,0,,not_enriched,unreviewed
8665,Sbbf62ebc87,Gary Wright,More Than a Heartache,,0,1,0,,not_enriched,unreviewed
8666,Sbbfc06bbac,Animotion,Let Him Go,,0,1,0,,not_enriched,unreviewed
8667,Sbbfcfc1798,The Alan Parsons Project,Days Are Numbers (The Traveller),,0,1,0,,not_enriched,unreviewed
8668,Sbc0e943939,John Mellencamp,The Breakout,,0,1,0,,not_enriched,unreviewed
8669,Sbc1baae3aa,Dread Zeppelin,Black Dog,,0,1,0,,not_enriched,unreviewed
8670,Sbc22733e87,The Moody Blues,I Am,,0,1,0,,not_enriched,unreviewed
8671,Sbc2b8665b0,AC/DC,What Do You Do for Money Honey,,0,1,0,,not_enriched,unreviewed
8672,Sbc2fb80e8f,Steely Dan,Monkey in Your Soul,,0,1,0,,not_enriched,unreviewed
8673,Sbc3edc40cb,Talking Heads,Take Me to the River,,0,1,0,,not_enriched,unreviewed
8674,Sbc40392216,Phil Collins,Thru These Walls,,0,1,0,,not_enriched,unreviewed
8675,Sbc405bc37c,Chilliwack,Rain‐O,,0,1,0,,not_enriched,unreviewed
8676,Sbc47778754,Timbuk 3,Facts About Cats,,0,1,0,,not_enriched,unreviewed
8677,Sbc53ce419e,Donnie Iris,Ah! Leah!,,0,1,0,,not_enriched,unreviewed
8678,Sbc56ddf0a5,Queen,Fun It,,0,1,0,,not_enriched,unreviewed
8679,Sbc622ccc17,Dan Fogelberg,The Lion's Share,,0,1,0,,not_enriched,unreviewed
8680,Sbc6523c5be,Guns N’ Roses,Paradise City,,0,1,0,,not_enriched,unreviewed
8681,Sbc68484805,Jackson Browne,Lives in the Balance,,0,1,0,,not_enriched,unreviewed
8682,Sbc6880516e,Dire Straits,Calling Elvis,,0,1,0,,not_enriched,unreviewed
8683,Sbc78ad5943,The Alan Parsons Project,Vulture Culture,,0,1,0,,not_enriched,unreviewed
8684,Sbc78d45b0d,George Thorogood & the Destroyers,It's a Sin,,0,1,0,,not_enriched,unreviewed
8685,Sbc80fb499f,Foreigner,Lonely Children,,0,1,0,,not_enriched,unreviewed
8686,Sbca3f37805,Tom Petty and the Heartbreakers,Spike,,0,1,0,,not_enriched,unreviewed
8687,Sbcba01c033,George Harrison,Gone Troppo,,0,1,0,,not_enriched,unreviewed
8688,Sbcbd798c16,Boston,Hollyann,,0,1,0,,not_enriched,unreviewed
8689,Sbcd36d0e52,John Cougar,Welcome to Chinatown,,0,1,0,,not_enriched,unreviewed
8690,Sbcd7274003,Honeymoon Suite,Funny Business,,0,1,0,,not_enriched,unreviewed
8691,Sbcdccfe9ca,Elvis Presley,White Christmas,,0,1,0,,not_enriched,unreviewed
8692,Sbce1c29c35,Led Zeppelin,Custard Pie,,0,1,0,,not_enriched,unreviewed
8693,Sbce5bc61f9,April Wine,Tellin’ Me Lies,,0,1,0,,not_enriched,unreviewed
8694,Sbce6eeeee5,Badfinger,Believe Me,,0,1,0,,not_enriched,unreviewed
8695,Sbced055f47,REO Speedwagon,Can’t Fight This Feeling,,0,1,0,,not_enriched,unreviewed
8696,Sbcedbb8174,Little River Band,The Net,,0,1,0,,not_enriched,unreviewed
8697,Sbcef2f75c3,Loverboy,Lovin’ Every Minute of It,,0,1,0,,not_enriched,unreviewed
8698,Sbcf8ac9470,Nelson,(It's Just) Desire,,0,1,0,,not_enriched,unreviewed
8699,Sbd07607ff4,Anderson Bruford Wakeman Howe,Gone but Not Forgotten / Catherine Parr / Merlin the Magician,,0,1,0,,not_enriched,unreviewed
8700,Sbd0f4cb6e3,Sammy Hagar,I’ll Fall in Love Again,,0,1,0,,not_enriched,unreviewed
8701,Sbd119ff7d9,The Pretenders,2000 Miles,,0,1,0,,not_enriched,unreviewed
8702,Sbd1f18c7bb,Stone Temple Pilots,Silvergun Superman,,0,1,0,,not_enriched,unreviewed
8703,Sbd225f279d,Firefall,Piece of Paper,,0,1,0,,not_enriched,unreviewed
8704,Sbd2551df92,Nils Lofgren,Trouble’s Back,,0,1,0,,not_enriched,unreviewed
8705,Sbd2b39cfc7,Prince,Let’s Go Crazy,,0,1,0,,not_enriched,unreviewed
8706,Sbd2e4b52ca,Bonnie Raitt,Real Man,,0,1,0,,not_enriched,unreviewed
8707,Sbd2ee5bc11,Tommy James & the Shondells,I Like the Way,,0,1,0,,not_enriched,unreviewed
8708,Sbd30437e04,Lou Reed,Magician (Internally),,0,1,0,,not_enriched,unreviewed
8709,Sbd371ea619,Bob Dylan,Don't Fall Apart on Me Tonight,,0,1,0,,not_enriched,unreviewed
8710,Sbd38ea8f73,Billy Joel,You May Be Right,,0,1,0,,not_enriched,unreviewed
8711,Sbd3aa5c3fb,Tubes,Attack of the Fifty Foot Woman,,0,1,0,,not_enriched,unreviewed
8712,Sbd46530a3f,Derek and the Dominos,Mean Old Frisco,,0,1,0,,not_enriched,unreviewed
8713,Sbd6b5fae21,Jefferson Starship,I Will Stay,,0,1,0,,not_enriched,unreviewed
8714,Sbd6ffa7afe,Hooters,Johnny B,,0,1,0,,not_enriched,unreviewed
8715,Sbd7c732707,Don Henley,Them and Us,,0,1,0,,not_enriched,unreviewed
8716,Sbd7decfe5c,Bonnie Raitt,No Business,,0,1,0,,not_enriched,unreviewed
8717,Sbd81dc57b1,Danny Wilde,He Can Have You,,0,1,0,,not_enriched,unreviewed
8718,Sbd883a48b8,Head East,Get Up & Enjoy Yourself,,0,1,0,,not_enriched,unreviewed
8719,Sbd8844667b,Ten Years After,Hard Monkeys,,0,1,0,,not_enriched,unreviewed
8720,Sbd9f8384a3,Genesis,Tell Me Why,,0,1,0,,not_enriched,unreviewed
8721,Sbda2829bdf,Eagles,King of Hollywood,,0,1,0,,not_enriched,unreviewed
8722,Sbda7b92810,The Youngbloods,Quicksand,,0,1,0,,not_enriched,unreviewed
8723,Sbdb0223f7d,Steve Miller Band,The Joker,,0,1,0,,not_enriched,unreviewed
8724,Sbdbbfd48ef,Firefall,No Way Out,,0,1,0,,not_enriched,unreviewed
8725,Sbdc6a2e14c,Bob Seger & the Silver Bullet Band,Still the Same,,0,1,0,,not_enriched,unreviewed
8726,Sbdcb2657e5,Neil Diamond,You Make It Feel Like Christmas,,0,1,0,,not_enriched,unreviewed
8727,Sbdd1c57d82,Nilsson,Without You,,0,1,0,,not_enriched,unreviewed
8728,Sbdd2f56369,The Black Crowes,P.25 London,,0,1,0,,not_enriched,unreviewed
8729,Sbdda0b6c4b,Steve Miller Band,Who do You Love,,0,1,0,,not_enriched,unreviewed
8730,Sbdda499fe6,George Thorogood & the Destroyers,Madison Blues,,0,1,0,,not_enriched,unreviewed
8731,Sbddfa28290,Dan Fogelberg,There's a Place in the World for a Gambler,,0,1,0,,not_enriched,unreviewed
8732,Sbde4a2c249,Tom Petty and the Heartbreakers,Too Much Ain’t Enough,,0,1,0,,not_enriched,unreviewed
8733,Sbdec03e466,Bandit,Love Song,,0,1,0,,not_enriched,unreviewed
8734,Sbdf371ce4b,Bruce Springsteen,I Wanna Marry You,,0,1,0,,not_enriched,unreviewed
8735,Sbdf9ed6713,Roger Waters,4:30 AM (Apparently They Were Travelling Abroad),,0,1,0,,not_enriched,unreviewed
8736,Sbe0119da03,k.d. lang,Save Me,,0,1,0,,not_enriched,unreviewed
8737,Sbe01514b87,The Beach Boys,The Man With All the Toys,,0,1,0,,not_enriched,unreviewed
8738,Sbe0d010e43,Peaks,Wells,,0,1,0,,not_enriched,unreviewed
8739,Sbe16ce295b,U2,Love Is Blindness,,0,1,0,,not_enriched,unreviewed
8740,Sbe174c4d41,Pretenders,Dance,,0,1,0,,not_enriched,unreviewed
8741,Sbe2bb9a5d6,The Cars,Gimme Some Slack,,0,1,0,,not_enriched,unreviewed
8742,Sbe324d79e7,England Dan & John Ford Coley,Long Way Home,,0,1,0,,not_enriched,unreviewed
8743,Sbe3ef953e3,Asia,Here Comes the Feeling,,0,1,0,,not_enriched,unreviewed
8744,Sbe44dff298,John Cougar,Sugar Marie,,0,1,0,,not_enriched,unreviewed
8745,Sbe48b167b7,Gibson Brothers,My Heart’s Beating Wild (Tic Tact Tic Tac),,0,1,0,,not_enriched,unreviewed
8746,Sbe4ba51a55,Bruce Springsteen,Jungleland,,0,1,0,,not_enriched,unreviewed
8747,Sbe512edaf3,Kansas,Away From You,,0,1,0,,not_enriched,unreviewed
8748,Sbe5c75640e,John Cougar,Taxi Dancer,,0,1,0,,not_enriched,unreviewed
8749,Sbe636754b0,Bryan Adams,Don’t Leave Me Lonely,,0,1,0,,not_enriched,unreviewed
8750,Sbe64d42e39,London Philharmonic Orchestra,Time,,0,1,0,,not_enriched,unreviewed
8751,Sbe6e334923,k.d. lang,So It Shall Be,,0,1,0,,not_enriched,unreviewed
8752,Sbe79256b89,Sneaker,Don't Let Me In,,0,1,0,,not_enriched,unreviewed
8753,Sbe8796d9f1,Tom Petty,Hard on Me,,0,1,0,,not_enriched,unreviewed
8754,Sbe922ff0d2,Rolling Stones,Break the Spell,,0,1,0,,not_enriched,unreviewed
8755,Sbe975d359b,Foreigner,I Have Waited So Long,,0,1,0,,not_enriched,unreviewed
8756,Sbe9935f5b5,Elton John,Your Song,,0,1,0,,not_enriched,unreviewed
8757,Sbea38ec3cc,Steely Dan,My Old School,,0,1,0,,not_enriched,unreviewed
8758,Sbea7f56561,Metallica,Don’t Tread on Me,,0,1,0,,not_enriched,unreviewed
8759,Sbeaa216243,Stevie Nicks,After the Glitter Fades,,0,1,0,,not_enriched,unreviewed
8760,Sbeaf0b08a9,Eagles,Twenty‐One,,0,1,0,,not_enriched,unreviewed
8761,Sbeb69364d5,ZZ Top,Apologies to Pearly,,0,1,0,,not_enriched,unreviewed
8762,Sbec16bd237,Grateful Dead,Turn On Your Love Light,,0,1,0,,not_enriched,unreviewed
8763,Sbeccf5e2fa,Mariah Carey,Vision of Love,,0,1,0,,not_enriched,unreviewed
8764,Sbed70f5dc3,ZZ Top,Move Me on Down the Line,,0,1,0,,not_enriched,unreviewed
8765,Sbedabef620,Tesla,Tommy's Down Home,,0,1,0,,not_enriched,unreviewed
8766,Sbedcad71e6,Michael Jackson,The Lady in My Life,,0,1,0,,not_enriched,unreviewed
8767,Sbee58b5326,Crosby & Nash,Low Down Payment,,0,1,0,,not_enriched,unreviewed
8768,Sbee75e0ed8,Ugly Kid Joe,Madman (’92 re‐mix),,0,1,0,,not_enriched,unreviewed
8769,Sbeecaee5c6,Collective Soul,She Gathers Rain,,0,1,0,,not_enriched,unreviewed
8770,Sbef7a673ea,Pink Floyd,One of These Days,,0,1,0,,not_enriched,unreviewed
8771,Sbef7e30696,Steve Miller Band,Ain’t That Lovin’ You Baby,,0,1,0,,not_enriched,unreviewed
8772,Sbefe81be09,Steve Miller Band,Wide River,,0,1,0,,not_enriched,unreviewed
8773,Sbefed07eaf,Tears for Fears,Shout,,0,1,0,,not_enriched,unreviewed
8774,Sbf12bce4f7,Steve Earle,Now She’s Gone,,0,1,0,,not_enriched,unreviewed
8775,Sbf1468734a,Steely Dan,Everyone’s Gone to the Movies,,0,1,0,,not_enriched,unreviewed
8776,Sbf1891dd22,The Police,O My God,,0,1,0,,not_enriched,unreviewed
8777,Sbf1a53360a,Tommy James & the Shondells,Real Girl,,0,1,0,,not_enriched,unreviewed
8778,Sbf2a9cbdbe,Paul McCartney,Put It There,,0,1,0,,not_enriched,unreviewed
8779,Sbf49d68fe0,Blind Melon,Sleepyhouse,,0,1,0,,not_enriched,unreviewed
8780,Sbf4b25a3c9,TNT,Northern Lights,,0,1,0,,not_enriched,unreviewed
8781,Sbf4cf47614,George Thorogood & the Destroyers,It Wasn’t Me,,0,1,0,,not_enriched,unreviewed
8782,Sbf4d9409e7,Blondie,Union City Blue,,0,1,0,,not_enriched,unreviewed
8783,Sbf52a09001,Billy Idol,Worlds Forgotten Boy,,0,1,0,,not_enriched,unreviewed
8784,Sbf58793267,John Cougar Mellencamp,Small Town,,0,1,0,,not_enriched,unreviewed
8785,Sbf5f8dab9f,Scorpions,Kicks After Six,,0,1,0,,not_enriched,unreviewed
8786,Sbf6512e443,Patty Smyth,Never Enough,,0,1,0,,not_enriched,unreviewed
8787,Sbf69a7f312,Steely Dan,Sign In Stranger,,0,1,0,,not_enriched,unreviewed
8788,Sbf77c2d0ca,Neil Diamond,Morning Has Broken,,0,1,0,,not_enriched,unreviewed
8789,Sbf7e71c689,Tesla,Flight to Nowhere,,0,1,0,,not_enriched,unreviewed
8790,Sbf878cd8ab,Robert Plant,Great Spirit,,0,1,0,,not_enriched,unreviewed
8791,Sbf91760cde,Fleetwood Mac,Show‐Biz Blues,,0,1,0,,not_enriched,unreviewed
8792,Sbf9a40fb11,The Beach Boys,A Thing or Two,,0,1,0,,not_enriched,unreviewed
8793,Sbfa22faad1,Collective Soul,Disciplined Breakdown,,0,1,0,,not_enriched,unreviewed
8794,Sbfa5305f75,Neil Young,Sample and Hold,,0,1,0,,not_enriched,unreviewed
8795,Sbfa763abef,Adam Ant,If You Keep On,,0,1,0,,not_enriched,unreviewed
8796,Sbfafab5eb2,England Dan & John Ford Coley,I’d Really Love to See You Tonight,,0,1,0,,not_enriched,unreviewed
8797,Sbfc05513fc,Billy Joel,Half a Mile Away,,0,1,0,,not_enriched,unreviewed
8798,Sbfc4a47f95,"Peter, Paul & Mary",The Friendly Beasts,,0,1,0,,not_enriched,unreviewed
8799,Sbfcf489bec,Electric Light Orchestra,From the End of the World,,0,1,0,,not_enriched,unreviewed
8800,Sbfd666ffd2,Elton John,Have Mercy on the Criminal,,0,1,0,,not_enriched,unreviewed
8801,Sbfe44ff494,Billy Joel,All You Wanna Do Is Dance,,0,1,0,,not_enriched,unreviewed
8802,Sbfeac284a0,Planet P Project,Adam and Eve,,0,1,0,,not_enriched,unreviewed
8803,Sbff68f71a9,Badfinger,I Can Love You,,0,1,0,,not_enriched,unreviewed
8804,Sbff8bc2183,Nick Gilder,Fly High,,0,1,0,,not_enriched,unreviewed
8805,Sbffe22ce56,Scorpions,Lust or Love,,0,1,0,,not_enriched,unreviewed
8806,Sc00fc6abb1,Barry Manilow,My Baby Loves Me,,0,1,0,,not_enriched,unreviewed
8807,Sc014fc4891,Jewel,Amen,,0,1,0,,not_enriched,unreviewed
8808,Sc01f8888b1,Dan Fogelberg,Phoenix,,0,1,0,,not_enriched,unreviewed
8809,Sc02f9a65d9,The Beach Boys,I Went to Sleep,,0,1,0,,not_enriched,unreviewed
8810,Sc0334e3f3f,Bachman–Turner Overdrive,Gimme Your Money Please,,0,1,0,,not_enriched,unreviewed
8811,Sc03a796fa8,Stabilizers,One Simple Thing,,0,1,0,,not_enriched,unreviewed
8812,Sc03c3e3295,Bob Seger & the Silver Bullet Band,Sometimes,,0,1,0,,not_enriched,unreviewed
8813,Sc03f97a029,The Beatles,P.S. I Love You,,0,1,0,,not_enriched,unreviewed
8814,Sc042525024,David Bowie,Space Oddity,,0,1,0,,not_enriched,unreviewed
8815,Sc043f8c359,Carpenters,(They Long to Be) Close to You,,0,1,0,,not_enriched,unreviewed
8816,Sc048327fcb,Firefall,So Long,,0,1,0,,not_enriched,unreviewed
8817,Sc04d88e403,The Beatles,There’s a Place,,0,1,0,,not_enriched,unreviewed
8818,Sc04f1165e1,Queensrÿche,Resistance,,0,1,0,,not_enriched,unreviewed
8819,Sc05dcfa1ef,Jimi Hendrix Experience,Red House,,0,1,0,,not_enriched,unreviewed
8820,Sc05f3138ae,Lenny Kravitz,My Love,,0,1,0,,not_enriched,unreviewed
8821,Sc060768401,Bad Company,If You Needed Somebody,,0,1,0,,not_enriched,unreviewed
8822,Sc06bcf1274,Eagles,My Man,,0,1,0,,not_enriched,unreviewed
8823,Sc071443565,Planet P Project,Requiem,,0,1,0,,not_enriched,unreviewed
8824,Sc0723ba3d4,Robert Palmer,It Could Happen to You,,0,1,0,,not_enriched,unreviewed
8825,Sc073dfd7f4,Tesla,Mother's Little Helper,,0,1,0,,not_enriched,unreviewed
8826,Sc0796943bf,Stevie Nicks,If I Were You,,0,1,0,,not_enriched,unreviewed
8827,Sc07d830312,Elton John,Captain Fantastic and the Brown Dirt Cowboy,,0,1,0,,not_enriched,unreviewed
8828,Sc0837ee8c3,T. Rex,Jeepster,,0,1,0,,not_enriched,unreviewed
8829,Sc08e8639d3,Dread Zeppelin,Immigrant Song,,0,1,0,,not_enriched,unreviewed
8830,Sc09244791a,Stevie Nicks,Gate and Garden,,0,1,0,,not_enriched,unreviewed
8831,Sc0952b51a6,Billy Squier,All Night Long,,0,1,0,,not_enriched,unreviewed
8832,Sc097f8c975,Keith Sykes,928,,0,1,0,,not_enriched,unreviewed
8833,Sc0a1abe30a,Icehouse,Stay Close Tonight,,0,1,0,,not_enriched,unreviewed
8834,Sc0a3f84c1d,Kenny Loggins,Swear Your Love,,0,1,0,,not_enriched,unreviewed
8835,Sc0a64f23bd,Fleetwood Mac,Sisters of the Moon,,0,1,0,,not_enriched,unreviewed
8836,Sc0adacf04b,Nirvana,Lounge Act,,0,1,0,,not_enriched,unreviewed
8837,Sc0af4dea90,Enya,No Holly for Miss Quinn,,0,1,0,,not_enriched,unreviewed
8838,Sc0b0a133fe,The Beach Boys,Darlin',,0,1,0,,not_enriched,unreviewed
8839,Sc0b7c18a6b,Jewel,Adrian,,0,1,0,,not_enriched,unreviewed
8840,Sc0b84abdd4,Eric Clapton,Walk Out in the Rain,,0,1,0,,not_enriched,unreviewed
8841,Sc0b92f88e9,Van Halen,Cabo Wabo,,0,1,0,,not_enriched,unreviewed
8842,Sc0e9f24015,Tracy Chapman,The Rape of the World,,0,1,0,,not_enriched,unreviewed
8843,Sc0ede8d0e0,Paul McCartney,Distractions,,0,1,0,,not_enriched,unreviewed
8844,Sc0f00168df,Don McLean,Crossroads,,0,1,0,,not_enriched,unreviewed
8845,Sc0f3c19fa3,Pearl Jam,Mankind,,0,1,0,,not_enriched,unreviewed
8846,Sc0f5e7b5ad,Talk Talk,Talk Talk,,0,1,0,,not_enriched,unreviewed
8847,Sc0f86dfca6,Eddie Money,Another Nice Day in L.A.,,0,1,0,,not_enriched,unreviewed
8848,Sc102f1369b,David Bowie,Ziggy Stardust,,0,1,0,,not_enriched,unreviewed
8849,Sc109b551f0,Elton John,All Quiet on the Western Front,,0,1,0,,not_enriched,unreviewed
8850,Sc10a6602b5,The B‐52’s,Roam,,0,1,0,,not_enriched,unreviewed
8851,Sc10ca2b45f,The Rolling Stones,Harlem Shuffle,,0,1,0,,not_enriched,unreviewed
8852,Sc1122b9a08,Shoes,I Don’t Wanna Hear It,,0,1,0,,not_enriched,unreviewed
8853,Sc114a5d09b,Tower of Fire,BONUS: The Swingin' Unicorn,,0,1,0,,not_enriched,unreviewed
8854,Sc11585a248,Jefferson Starship,Miracles,,0,1,0,,not_enriched,unreviewed
8855,Sc119362a0f,Foreigner,Reaction to Action,,0,1,0,,not_enriched,unreviewed
8856,Sc121dfe78f,Andy Gibb,In the End,,0,1,0,,not_enriched,unreviewed
8857,Sc123810d10,The Breeders,Roi,,0,1,0,,not_enriched,unreviewed
8858,Sc12441fb16,Lou Reed,Dirty Blvd.,,0,1,0,,not_enriched,unreviewed
8859,Sc135ac4567,April Wine,Big City Girls,,0,1,0,,not_enriched,unreviewed
8860,Sc13df37f96,Tom Petty,House in the Woods,,0,1,0,,not_enriched,unreviewed
8861,Sc14527124f,Three Dog Night,Lady Samantha,,0,1,0,,not_enriched,unreviewed
8862,Sc14eddcb65,Styx,Crystal Ball,,0,1,0,,not_enriched,unreviewed
8863,Sc15298c881,Extreme,Suzi (Wants Her All Day What?),,0,1,0,,not_enriched,unreviewed
8864,Sc153f16c8a,Triumph,Hooked on You,,0,1,0,,not_enriched,unreviewed
8865,Sc15479a258,Traveling Wilburys,7 Deadly Sins,,0,1,0,,not_enriched,unreviewed
8866,Sc15ddde977,Wilson Phillips,A Reason to Believe,,0,1,0,,not_enriched,unreviewed
8867,Sc1629dd315,Christopher Cross,Sailing,,0,1,0,,not_enriched,unreviewed
8868,Sc171f6ee9e,RTZ,Return to Zero,,0,1,0,,not_enriched,unreviewed
8869,Sc17e8e1c38,The Knack,Oh Tara,,0,1,0,,not_enriched,unreviewed
8870,Sc17f8080b7,T. Rex,Planet Queen,,0,1,0,,not_enriched,unreviewed
8871,Sc185bae4d4,Elton John,Li'l 'Frigerator,,0,1,0,,not_enriched,unreviewed
8872,Sc1895502f2,Ringo Starr,Easy for Me,,0,1,0,,not_enriched,unreviewed
8873,Sc1895e6e6e,Gibson Brothers,Heaven,,0,1,0,,not_enriched,unreviewed
8874,Sc191143d26,Quarterflash,Right Kind of Love,,0,1,0,,not_enriched,unreviewed
8875,Sc196271035,Chicago,Skin Tight,,0,1,0,,not_enriched,unreviewed
8876,Sc1989368d3,Wilson Phillips,Over and Over,,0,1,0,,not_enriched,unreviewed
8877,Sc1a2ccc15f,Rick Derringer,It's Raining,,0,1,0,,not_enriched,unreviewed
8878,Sc1abc65753,Cream,Strange Brew,,0,1,0,,not_enriched,unreviewed
8879,Sc1b2d81277,Danny Spanos,Hot Cherrie,,0,1,0,,not_enriched,unreviewed
8880,Sc1b41d9873,Sam Harris,Over the Rainbow,,0,1,0,,not_enriched,unreviewed
8881,Sc1b6b22c7a,"Crosby, Stills, Nash & Young",Nighttime for Generals,,0,1,0,,not_enriched,unreviewed
8882,Sc1bb343197,The Fixx,Sunshine in the Shade,,0,1,0,,not_enriched,unreviewed
8883,Sc1bceb6983,Head East,Lovin' Me Along,,0,1,0,,not_enriched,unreviewed
8884,Sc1c37d6234,Journey,Stay Awhile,,0,1,0,,not_enriched,unreviewed
8885,Sc1d289681f,Elvis Presley,It Is No Secret,,0,1,0,,not_enriched,unreviewed
8886,Sc1e1d9206a,Little River Band,You're Driving Me Out of My Mind,,0,1,0,,not_enriched,unreviewed
8887,Sc1e4a4a248,Tom Petty and the Heartbreakers,Baby’s a Rock ’n’ Roller,,0,1,0,,not_enriched,unreviewed
8888,Sc1e6159574,Rush,Vital Signs,,0,1,0,,not_enriched,unreviewed
8889,Sc1f3f10e3a,Jim Morrison,An American Prayer / The End,,0,1,0,,not_enriched,unreviewed
8890,Sc1f4a11b26,Metallica,Master of Puppets,,0,1,0,,not_enriched,unreviewed
8891,Sc1f6bca47b,The Monkees,Tomorrow’s Gonna Be Another Day,,0,1,0,,not_enriched,unreviewed
8892,Sc21655a36e,Blue Öyster Cult,Moon Crazy,,0,1,0,,not_enriched,unreviewed
8893,Sc22218bb6b,Tracy Chapman,Fast Car,,0,1,0,,not_enriched,unreviewed
8894,Sc22529b5ea,Shoes,Somebody Has What I Had,,0,1,0,,not_enriched,unreviewed
8895,Sc22b41386b,Mad Season,Lifeless Dead,,0,1,0,,not_enriched,unreviewed
8896,Sc231ab03d3,Robert Palmer,Under Suspicion,,0,1,0,,not_enriched,unreviewed
8897,Sc242364283,Frank Sinatra,Santa Claus Is Coming to Town,,0,1,0,,not_enriched,unreviewed
8898,Sc246b94df5,James Taylor,Your Smiling Face,,0,1,0,,not_enriched,unreviewed
8899,Sc2474b3e5a,Steve Earle,Nothing but a Child,,0,1,0,,not_enriched,unreviewed
8900,Sc256e8b791,Lou Gramm,Lover Come Back,,0,1,0,,not_enriched,unreviewed
8901,Sc2593ca44a,Steve Winwood,Hearts on Fire,,0,1,0,,not_enriched,unreviewed
8902,Sc25cf3eb71,Michael Monroe,Smoke Screen,,0,1,0,,not_enriched,unreviewed
8903,Sc26267a891,Eagles,On the Border,,0,1,0,,not_enriched,unreviewed
8904,Sc2894c31e2,Roger McGuinn,Car Phone,,0,1,0,,not_enriched,unreviewed
8905,Sc28b122d74,The Beatles,Nowhere Man,,0,1,0,,not_enriched,unreviewed
8906,Sc28d62b891,The Doobie Brothers,I Can Read Your Mind,,0,1,0,,not_enriched,unreviewed
8907,Sc28f42a717,John Cougar Mellencamp,Lovin’ Mother fo Ya,,0,1,0,,not_enriched,unreviewed
8908,Sc2915a785c,Little River Band,Down on the Border,,0,1,0,,not_enriched,unreviewed
8909,Sc2a141cd5f,Carpenters,It's Going to Take Some Time,,0,1,0,,not_enriched,unreviewed
8910,Sc2a38cc3c2,Robert Palmer,Casting a Spell,,0,1,0,,not_enriched,unreviewed
8911,Sc2aa10f199,Helix,(Gene Simmons Says) Rock Is Dead,,0,1,0,,not_enriched,unreviewed
8912,Sc2b4e1fdb3,Bonnie Raitt,Merry Christmas Baby,,0,1,0,,not_enriched,unreviewed
8913,Sc2b4fb19ee,The Youngbloods,Sham,,0,1,0,,not_enriched,unreviewed
8914,Sc2b604d4f5,Loggins & Messina,Fox Fire,,0,1,0,,not_enriched,unreviewed
8915,Sc2bb46286a,Hooters,Hard Rockin’ Summer,,0,1,0,,not_enriched,unreviewed
8916,Sc2cd513830,The Cars,Got a Lot on My Head,,0,1,0,,not_enriched,unreviewed
8917,Sc2cdd208cc,Glenn Frey,Brave New World,,0,1,0,,not_enriched,unreviewed
8918,Sc2d5299e31,Phil Collins,I’m Not Moving,,0,1,0,,not_enriched,unreviewed
8919,Sc2ee390372,A Flock of Seagulls,Space Age Love Song,,0,1,0,,not_enriched,unreviewed
8920,Sc2f406d57f,Steve Earle,Once You Love,,0,1,0,,not_enriched,unreviewed
8921,Sc2fc59eb13,Gary Wright,Let It Out,,0,1,0,,not_enriched,unreviewed
8922,Sc2fc5b382c,Bob Seger & the Silver Bullet Band,We’ve Got Tonite,,0,1,0,,not_enriched,unreviewed
8923,Sc311f4daf2,The Alan Parsons Project,Somebody Out There,,0,1,0,,not_enriched,unreviewed
8924,Sc31891ab72,Heart,Go On Cry,,0,1,0,,not_enriched,unreviewed
8925,Sc32a247780,Bruce Springsteen,[untitled],,0,1,0,,not_enriched,unreviewed
8926,Sc338949a79,Jackson Browne,Call It a Loan,,0,1,0,,not_enriched,unreviewed
8927,Sc33b91f1a7,Corey Hart,The World Is Fire,,0,1,0,,not_enriched,unreviewed
8928,Sc33f233cd8,Aerosmith,Toys in the Attic,,0,1,0,,not_enriched,unreviewed
8929,Sc342ff576a,Bob Dylan,License to Kill,,0,1,0,,not_enriched,unreviewed
8930,Sc343acd993,Styx,Too Much Time On My Hands,,0,1,0,,not_enriched,unreviewed
8931,Sc345aa8825,Stone Temple Pilots,Naked Sunday,,0,1,0,,not_enriched,unreviewed
8932,Sc351ac4081,Marc Cohn,Ghost Train,,0,1,0,,not_enriched,unreviewed
8933,Sc36596e701,Warrant,Mr. Rainmaker,,0,1,0,,not_enriched,unreviewed
8934,Sc36b8de0b2,Steve Miller Band,Going to Mexico,,0,1,0,,not_enriched,unreviewed
8935,Sc37308ae99,Andy Williams,What Child Is This,,0,1,0,,not_enriched,unreviewed
8936,Sc3810d21fb,Tom Petty & the Heartbreakers,It’ll All Work Out,,0,1,0,,not_enriched,unreviewed
8937,Sc3828c2e17,John Mayall’s Bluesbreakers,Ramblin’ on My Mind,,0,1,0,,not_enriched,unreviewed
8938,Sc3913992ed,Elton John,Where Have All the Good Times Gone?,,0,1,0,,not_enriched,unreviewed
8939,Sc39718a484,Hall & Oates,Sara Smile,,0,1,0,,not_enriched,unreviewed
8940,Sc39cc408f4,Seals & Crofts,Standin' on a Mountain Top,,0,1,0,,not_enriched,unreviewed
8941,Sc39dd626ab,Icehouse,Heartbreak Kid,,0,1,0,,not_enriched,unreviewed
8942,Sc3a59b04c1,Mike & The Mechanics,Par Avion,,0,1,0,,not_enriched,unreviewed
8943,Sc3aa4bb0c2,Steely Dan,King of the World,,0,1,0,,not_enriched,unreviewed
8944,Sc3abb8843e,Neil Young,Birds,,0,1,0,,not_enriched,unreviewed
8945,Sc3b1e949a8,The Hooters,All You Zombies,,0,1,0,,not_enriched,unreviewed
8946,Sc3b865ef9c,Brother Cane,Intempted,,0,1,0,,not_enriched,unreviewed
8947,Sc3cdac768a,Roxy Music,Tara,,0,1,0,,not_enriched,unreviewed
8948,Sc3d4bed6a6,Pretenders,Birds of Paradise,,0,1,0,,not_enriched,unreviewed
8949,Sc3d8a32882,Eagles,Love Will Keep Us Alive,,0,1,0,,not_enriched,unreviewed
8950,Sc3e06bce5b,Steely Dan,Kid Charlemagne,,0,1,0,,not_enriched,unreviewed
8951,Sc3e23afbe5,Paul Simon,American Tune,,0,1,0,,not_enriched,unreviewed
8952,Sc3f0a88b63,Carly Simon,Share the End,,0,1,0,,not_enriched,unreviewed
8953,Sc3f1654a24,The Hollies,Don’t Let Me Down,,0,1,0,,not_enriched,unreviewed
8954,Sc3f61eb5fa,ZZ Top,Pearl Necklace,,0,1,0,,not_enriched,unreviewed
8955,Sc3fc6d43fd,Carpenters,Superstar,,0,1,0,,not_enriched,unreviewed
8956,Sc3fc8bad52,Robert Plant,Dance on My Own,,0,1,0,,not_enriched,unreviewed
8957,Sc405c8ebf3,Lïve,Top,,0,1,0,,not_enriched,unreviewed
8958,Sc408d0621b,London Philharmonic Orchestra,Breathe,,0,1,0,,not_enriched,unreviewed
8959,Sc413e6dc4a,Pat Benatar,Hell Is for Children,,0,1,0,,not_enriched,unreviewed
8960,Sc413f4757f,John Lennon,"Yes, I’m Your Angel",,0,1,0,,not_enriched,unreviewed
8961,Sc414c96c66,Lindsey Buckingham,Trouble,,0,1,0,,not_enriched,unreviewed
8962,Sc4159267d7,Eric Clapton,No Alibis,,0,1,0,,not_enriched,unreviewed
8963,Sc419b98bf5,The Lovin’ Spoonful,Younger Girl,,0,1,0,,not_enriched,unreviewed
8964,Sc4205b93aa,Tom Petty,You Wreck Me,,0,1,0,,not_enriched,unreviewed
8965,Sc421acbe4c,Cheap Trick,Medley Song,,0,1,0,,not_enriched,unreviewed
8966,Sc42e4bb8bd,Jewel,Life Uncommon,,0,1,0,,not_enriched,unreviewed
8967,Sc43194bce5,Julian Lennon,Well I Don't Know,,0,1,0,,not_enriched,unreviewed
8968,Sc433dbdf27,Queen,Love of My Life,,0,1,0,,not_enriched,unreviewed
8969,Sc4355be4c6,Nine Inch Nails,Hurt,,0,1,0,,not_enriched,unreviewed
8970,Sc438c075bb,Pearl Jam,Daughter,,0,1,0,,not_enriched,unreviewed
8971,Sc4467b236e,Beck,Pay No Mind (Snoozer),,0,1,0,,not_enriched,unreviewed
8972,Sc452a29119,Pearl Jam,Spin the Black Circle,,0,1,0,,not_enriched,unreviewed
8973,Sc45b118a28,Seals & Crofts,It's Gonna Come Down (On You),,0,1,0,,not_enriched,unreviewed
8974,Sc45d03ec96,Melissa Etheridge,Chrome Plated Heart,,0,1,0,,not_enriched,unreviewed
8975,Sc45e5e562d,Pink Floyd,"A New Machine, Part 2",,0,1,0,,not_enriched,unreviewed
8976,Sc46c965443,Survivor,First Night,,0,1,0,,not_enriched,unreviewed
8977,Sc46d774d4e,Roger Hodgson,Hai Hai,,0,1,0,,not_enriched,unreviewed
8978,Sc479eb2cd6,Buckingham Nicks,Sorcerer,,0,1,0,,not_enriched,unreviewed
8979,Sc48058d368,The Call,Let the Day Begin,,0,1,0,,not_enriched,unreviewed
8980,Sc4937fae2f,T. Rex,Monolith,,0,1,0,,not_enriched,unreviewed
8981,Sc494d06eac,Modern English,Face of Wood,,0,1,0,,not_enriched,unreviewed
8982,Sc49edd7f6e,Madonna,Secret,,0,1,0,,not_enriched,unreviewed
8983,Sc4c316bc41,Loverboy,This Could Be the Night,,0,1,0,,not_enriched,unreviewed
8984,Sc4cce1faca,The Police,Demolition Man,,0,1,0,,not_enriched,unreviewed
8985,Sc4d1eafb13,Duran Duran,Hungry Like the Wolf,,0,1,0,,not_enriched,unreviewed
8986,Sc4d2ea9f37,Roxy Music,My Only Love,,0,1,0,,not_enriched,unreviewed
8987,Sc4d4e837a4,Georgia Satellites,Keep Your Hands To Yourself,,0,1,0,,not_enriched,unreviewed
8988,Sc4d645f32c,The B‐52’s,Private Idaho,,0,1,0,,not_enriched,unreviewed
8989,Sc4e4d066f1,Queen,Cool Cat,,0,1,0,,not_enriched,unreviewed
8990,Sc4eaa87415,Foreigner,Face to Face,,0,1,0,,not_enriched,unreviewed
8991,Sc4ec9cbca9,Electric Light Orchestra,"Yours Truly, 2095",,0,1,0,,not_enriched,unreviewed
8992,Sc4f594f981,The Rolling Stones,Dead Flowers,,0,1,0,,not_enriched,unreviewed
8993,Sc4f7b3a02a,Seals & Crofts,Summer Breeze,,0,1,0,,not_enriched,unreviewed
8994,Sc4f88e6e6e,Rush,Countdown,,0,1,0,,not_enriched,unreviewed
8995,Sc4fd870948,Giuffria,Do Me Right,,0,1,0,,not_enriched,unreviewed
8996,Sc507241be0,Santana,El Nicoya,,0,1,0,,not_enriched,unreviewed
8997,Sc5091eb17f,The Georgia Satellites,Down and Down,,0,1,0,,not_enriched,unreviewed
8998,Sc509f6cb75,Neil Young,A Dream That Can Last,,0,1,0,,not_enriched,unreviewed
8999,Sc515e6ef5c,Head East,Since You Been Gone,,0,1,0,,not_enriched,unreviewed
9000,Sc519bce01e,Cream,Steppin’ Out,,0,1,0,,not_enriched,unreviewed
9001,Sc51e5b1869,Electric Light Orchestra,Rain Is Falling,,0,1,0,,not_enriched,unreviewed
9002,Sc5298915ba,Walter Egan,Make It Alone,,0,1,0,,not_enriched,unreviewed
9003,Sc536fc5a11,Van Halen,Jump,,0,1,0,,not_enriched,unreviewed
9004,Sc53cfded8b,Derek and the Dominos,Tell the Truth,,0,1,0,,not_enriched,unreviewed
9005,Sc54ae7a710,The Moody Blues,Veteran Cosmic Rocker,,0,1,0,,not_enriched,unreviewed
9006,Sc54affabd5,Paul McCartney,I Lost My Little Girl,,0,1,0,,not_enriched,unreviewed
9007,Sc54df2c175,Queen,Dreamers Ball,,0,1,0,,not_enriched,unreviewed
9008,Sc553964b4e,Christine McVie,I'm the One,,0,1,0,,not_enriched,unreviewed
9009,Sc563c547cf,Bruce Springsteen,Stolen Car,,0,1,0,,not_enriched,unreviewed
9010,Sc57282e191,Billy Joel,Temptation,,0,1,0,,not_enriched,unreviewed
9011,Sc57c9d6f41,Heart,Just the Wine,,0,1,0,,not_enriched,unreviewed
9012,Sc57cd961c7,Andy Williams,Christmas Present,,0,1,0,,not_enriched,unreviewed
9013,Sc57f79f0f6,Duran Duran,Shotgun,,0,1,0,,not_enriched,unreviewed
9014,Sc58683c691,Meredith Brooks,Stop,,0,1,0,,not_enriched,unreviewed
9015,Sc5894e153a,REO Speedwagon,Take Me,,0,1,0,,not_enriched,unreviewed
9016,Sc58a5a924d,George Michael,Soul Free,,0,1,0,,not_enriched,unreviewed
9017,Sc58f135519,Chicago,Scrapbook,,0,1,0,,not_enriched,unreviewed
9018,Sc58f95a687,Don McLean,Winterwood,,0,1,0,,not_enriched,unreviewed
9019,Sc59187629d,Bryan Adams,What’s It Gonna Be,,0,1,0,,not_enriched,unreviewed
9020,Sc595735907,Janet Jackson,He Doesn't Know I'm Alive,,0,1,0,,not_enriched,unreviewed
9021,Sc5a0030227,John Cougar Mellencamp,Sometimes a Great Notion,,0,1,0,,not_enriched,unreviewed
9022,Sc5c763a555,Shoes,I Don’t Miss You,,0,1,0,,not_enriched,unreviewed
9023,Sc5d20421ff,Billy Idol,Soul Standing By,,0,1,0,,not_enriched,unreviewed
9024,Sc5d23024ed,Robert Plant,"White, Clean and Neat",,0,1,0,,not_enriched,unreviewed
9025,Sc5ded14d16,Bob Welch,Sentimental Lady,,0,1,0,,not_enriched,unreviewed
9026,Sc5df54f639,Romeo Void,Six Days and One,,0,1,0,,not_enriched,unreviewed
9027,Sc5eab53d7b,Bad English,When I See You Smile,,0,1,0,,not_enriched,unreviewed
9028,Sc5f8e4209f,Jefferson Starship,Free,,0,1,0,,not_enriched,unreviewed
9029,Sc60895097b,Eurythmics,I Saved the World Today,,0,1,0,,not_enriched,unreviewed
9030,Sc608c4fb68,The Monkees,I’m a Believer,,0,1,0,,not_enriched,unreviewed
9031,Sc615106c24,ZZ Top,Mexican Blackbird,,0,1,0,,not_enriched,unreviewed
9032,Sc61f497326,Simple Minds,Come a Long Way,,0,1,0,,not_enriched,unreviewed
9033,Sc62ca8ea04,Bachman–Turner Overdrive,Down And Out Man,,0,1,0,,not_enriched,unreviewed
9034,Sc63594509a,Talk Talk,Mirror Man,,0,1,0,,not_enriched,unreviewed
9035,Sc637ff71ec,Supertramp,Better Days,,0,1,0,,not_enriched,unreviewed
9036,Sc63b3e9006,Pat Benatar,Heartbreaker,,0,1,0,,not_enriched,unreviewed
9037,Sc643cbf1b5,A Flock of Seagulls,Over the Border,,0,1,0,,not_enriched,unreviewed
9038,Sc66378ca84,Keith Richards,Make No Mistake,,0,1,0,,not_enriched,unreviewed
9039,Sc666e240ee,Warren Zevon,Excitable Boy,,0,1,0,,not_enriched,unreviewed
9040,Sc66eba98ea,Bachman–Turner Overdrive,She’s a Devil,,0,1,0,,not_enriched,unreviewed
9041,Sc67153891c,The Beatles,Boys,,0,1,0,,not_enriched,unreviewed
9042,Sc6781d177c,Tom Petty and the Heartbreakers,You’re Gonna Get It,,0,1,0,,not_enriched,unreviewed
9043,Sc67eb76765,New Radicals,I Don’t Wanna Die Anymore,,0,1,0,,not_enriched,unreviewed
9044,Sc680324f75,Queen,Fat Bottomed Girls,,0,1,0,,not_enriched,unreviewed
9045,Sc6818ce7b7,Elton John,Street Kids,,0,1,0,,not_enriched,unreviewed
9046,Sc68574343e,Jefferson Starship,Save Your Love,,0,1,0,,not_enriched,unreviewed
9047,Sc696460512,Enya,From Where I Am,,0,1,0,,not_enriched,unreviewed
9048,Sc69700908e,The Yardbirds,Got to Hurry,,0,1,0,,not_enriched,unreviewed
9049,Sc6a66b7244,Yes,Without Hope You Cannot Start the Day,,0,1,0,,not_enriched,unreviewed
9050,Sc6aa0606a3,The Pretenders,Thumbelina,,0,1,0,,not_enriched,unreviewed
9051,Sc6ab07627f,Steve Miller Band,Heart Like a Wheel,,0,1,0,,not_enriched,unreviewed
9052,Sc6b1575f69,SCANDAL,Image,,0,1,0,,not_enriched,unreviewed
9053,Sc6e78c08d0,Crosby & Nash,Games,,0,1,0,,not_enriched,unreviewed
9054,Sc6f0df2dbe,The Animals,Just Can’t Get Enough,,0,1,0,,not_enriched,unreviewed
9055,Sc6f447d271,Neil Young,Someday,,0,1,0,,not_enriched,unreviewed
9056,Sc6f44ea748,Eric Clapton,Take a Chance,,0,1,0,,not_enriched,unreviewed
9057,Sc6f4734b7e,The Babys,Too Far Gone,,0,1,0,,not_enriched,unreviewed
9058,Sc705adb441,Gregg Alexander,Save Me From Myself,,0,1,0,,not_enriched,unreviewed
9059,Sc70737a6bf,Jefferson Starship,Git Fiddler,,0,1,0,,not_enriched,unreviewed
9060,Sc7080d01fc,Chicago,Prima Donna,,0,1,0,,not_enriched,unreviewed
9061,Sc70bf8ad1e,London Philharmonic Orchestra,Money,,0,1,0,,not_enriched,unreviewed
9062,Sc714fd776c,Dire Straits,When It Comes to You,,0,1,0,,not_enriched,unreviewed
9063,Sc718099653,George Carlin,Birth Control,,0,1,0,,not_enriched,unreviewed
9064,Sc721d02c92,Pink Floyd,Not Now John,,0,1,0,,not_enriched,unreviewed
9065,Sc72a936208,Talking Heads,Burning Down the House,,0,1,0,,not_enriched,unreviewed
9066,Sc732c6a273,Buckingham Nicks,Don’t Let Me Down Again,,0,1,0,,not_enriched,unreviewed
9067,Sc73639866e,Sherbs,Into the Heat,,0,1,0,,not_enriched,unreviewed
9068,Sc737774c66,Kenny Loggins,The More We Try,,0,1,0,,not_enriched,unreviewed
9069,Sc746e23419,Aerosmith,Uncle Salty,,0,1,0,,not_enriched,unreviewed
9070,Sc7483fdee7,Mr. Mister,Welcome to the Real World,,0,1,0,,not_enriched,unreviewed
9071,Sc74c94081d,Poison,Bastard Son of a Thousand Blues,,0,1,0,,not_enriched,unreviewed
9072,Sc7508cc105,Tommy Tutone,867-5309 / Jenny,,0,1,0,,not_enriched,unreviewed
9073,Sc75631b2f9,Phil Collins,Hand in Hand,,0,1,0,,not_enriched,unreviewed
9074,Sc75772da84,Toto,Endless,,0,1,0,,not_enriched,unreviewed
9075,Sc77bb0bf13,Marcy Playground,Opium,,0,1,0,,not_enriched,unreviewed
9076,Sc77fdb7d7a,Billy Joel,Storm Front,,0,1,0,,not_enriched,unreviewed
9077,Sc780e50a06,R.E.M.,You,,0,1,0,,not_enriched,unreviewed
9078,Sc789b7d602,Sweet F.A.,Southern Comfort,,0,1,0,,not_enriched,unreviewed
9079,Sc796547ba2,Nick Lowe,No Reason,,0,1,0,,not_enriched,unreviewed
9080,Sc79fa462f4,Christine McVie,The Challenge,,0,1,0,,not_enriched,unreviewed
9081,Sc7a5dc0ebc,The Who,I’ve Known No War,,0,1,0,,not_enriched,unreviewed
9082,Sc7c1de8846,Little River Band,Ballerina,,0,1,0,,not_enriched,unreviewed
9083,Sc7c41d2e9b,Danger Danger,One Step From Paradise,,0,1,0,,not_enriched,unreviewed
9084,Sc7caac1447,Alias,Waiting for Love,,0,1,0,,not_enriched,unreviewed
9085,Sc7cec1fad6,RTZ,Livin' for the Rock 'n' Roll,,0,1,0,,not_enriched,unreviewed
9086,Sc7d4ff03dc,Bachman–Turner Overdrive,Lowland Fling,,0,1,0,,not_enriched,unreviewed
9087,Sc7dab9fe46,The Alan Parsons Project,Snake Eyes,,0,1,0,,not_enriched,unreviewed
9088,Sc7dcfffbb8,Tracy Chapman,Cold Feet,,0,1,0,,not_enriched,unreviewed
9089,Sc7f9493203,Gary,Inner City Blues,,0,1,0,,not_enriched,unreviewed
9090,Sc8006e7ce5,Split Enz,The Choral Sea,,0,1,0,,not_enriched,unreviewed
9091,Sc80b7da42a,Elton John,I Feel Like a Bullet (in the Gun of Robert Ford),,0,1,0,,not_enriched,unreviewed
9092,Sc810759526,The Monkees,Let’s Dance On,,0,1,0,,not_enriched,unreviewed
9093,Sc813eaab17,Aerosmith,Young Lust,,0,1,0,,not_enriched,unreviewed
9094,Sc818c293dd,Rod Stewart,Pinball Wizard,,0,1,0,,not_enriched,unreviewed
9095,Sc821414592,Pearl Jam,"Hey Foxymophandlemama, That's Me",,0,1,0,,not_enriched,unreviewed
9096,Sc82e64d44c,Seals & Crofts,Castles in the Sand,,0,1,0,,not_enriched,unreviewed
9097,Sc836c79905,The Alan Parsons Project,Since the Last Goodbye,,0,1,0,,not_enriched,unreviewed
9098,Sc8391a23a1,Roxy Music,Avalon,,0,1,0,,not_enriched,unreviewed
9099,Sc8394b29cb,Alias,One More Chance,,0,1,0,,not_enriched,unreviewed
9100,Sc839ab09ae,The Fixx,The Fool,,0,1,0,,not_enriched,unreviewed
9101,Sc84ba6767a,Robert Palmer,Early in the Morning,,0,1,0,,not_enriched,unreviewed
9102,Sc857dbfa31,Elton John,Salvation,,0,1,0,,not_enriched,unreviewed
9103,Sc85cc2fc9f,Sam Harris,Out of Control,,0,1,0,,not_enriched,unreviewed
9104,Sc878533c43,Icehouse,The Mountain,,0,1,0,,not_enriched,unreviewed
9105,Sc879e4ba91,The Fixx,The Strain,,0,1,0,,not_enriched,unreviewed
9106,Sc87e7fa6f9,Dan Fogelberg,Stolen Moments,,0,1,0,,not_enriched,unreviewed
9107,Sc881a66d42,Hall & Oates,Wait for Me,,0,1,0,,not_enriched,unreviewed
9108,Sc88739f121,SCANDAL,SCANDAL IN THE HOUSE,,0,1,0,,not_enriched,unreviewed
9109,Sc887912caf,Winger,Under One Condition,,0,1,0,,not_enriched,unreviewed
9110,Sc890b41b2f,David & David,River’s Gonna Rise,,0,1,0,,not_enriched,unreviewed
9111,Sc898dc60f2,KISS,I Want You,,0,1,0,,not_enriched,unreviewed
9112,Sc8a3cb621d,Talking Heads,Swamp,,0,1,0,,not_enriched,unreviewed
9113,Sc8a424b4c9,Pearl Jam,Present Tense,,0,1,0,,not_enriched,unreviewed
9114,Sc8a46fec5b,The Outfield,Mystery Man,,0,1,0,,not_enriched,unreviewed
9115,Sc8a6daf721,Chris Isaak,I'm Not Waiting,,0,1,0,,not_enriched,unreviewed
9116,Sc8a7ff5c46,Blue Rose,Little Birds,,0,1,0,,not_enriched,unreviewed
9117,Sc8b66fb32d,The Motels,Only the Lonely,,0,1,0,,not_enriched,unreviewed
9118,Sc8bdb5a5ea,Donnie Iris,Too Young to Love,,0,1,0,,not_enriched,unreviewed
9119,Sc8c1d198e8,Sam Harris,Don't Want to Give Up on Love,,0,1,0,,not_enriched,unreviewed
9120,Sc8c7e8f9f0,USK,Dark Room Disko,,0,1,0,,not_enriched,unreviewed
9121,Sc8e0188f0d,Kenny Rogers & The First Edition,Reuben James,,0,1,0,,not_enriched,unreviewed
9122,Sc8e651f129,Atlanta Rhythm Section,Champagne Jam,,0,1,0,,not_enriched,unreviewed
9123,Sc8f0c9c06c,John Cougar,Great Mid-West,,0,1,0,,not_enriched,unreviewed
9124,Sc903f6000a,David Baerwald,Good Times,,0,1,0,,not_enriched,unreviewed
9125,Sc9048847bb,Wham!,If You Were There,,0,1,0,,not_enriched,unreviewed
9126,Sc90c2d3e97,T. Rex,Bang a Gong (Get It On),,0,1,0,,not_enriched,unreviewed
9127,Sc90c59d5e0,Eric Clapton,We’re All the Way,,0,1,0,,not_enriched,unreviewed
9128,Sc90f2c372c,Queen,Keep Passing the Open Windows,,0,1,0,,not_enriched,unreviewed
9129,Sc91691118b,Pete Bardens,In Dreams,,0,1,0,,not_enriched,unreviewed
9130,Sc917779689,Chilliwack,Arms Of Mary,,0,1,0,,not_enriched,unreviewed
9131,Sc92739e18c,The Outfield,I Don't Need Her,,0,1,0,,not_enriched,unreviewed
9132,Sc92d2e915d,Saga,Amnesia,,0,1,0,,not_enriched,unreviewed
9133,Sc93aa5e2a4,Aerosmith,Kings and Queens,,0,1,0,,not_enriched,unreviewed
9134,Sc93e96e922,John Fogerty,The Old Man Down the Road,,0,1,0,,not_enriched,unreviewed
9135,Sc9447ac493,Natalie Merchant,San Andreas Fault,,0,1,0,,not_enriched,unreviewed
9136,Sc94b505b19,Van Morrison,Glad Tidings,,0,1,0,,not_enriched,unreviewed
9137,Sc9568d4917,Del Amitri,As Soon as the Tide Comes In,,0,1,0,,not_enriched,unreviewed
9138,Sc956e8459d,KISS,Ladies Room (pt. 1),,0,1,0,,not_enriched,unreviewed
9139,Sc967de87ab,Molly Hatchet,Ragtop Deluxe,,0,1,0,,not_enriched,unreviewed
9140,Sc96d15e0e7,Elton John,The Ballad of Danny Bailey (1909-34),,0,1,0,,not_enriched,unreviewed
9141,Sc9724675fa,Bon Jovi,Roulette,,0,1,0,,not_enriched,unreviewed
9142,Sc9740537d9,The Who,It’s Your Turn,,0,1,0,,not_enriched,unreviewed
9143,Sc97767cb8f,Enya,China Roses,,0,1,0,,not_enriched,unreviewed
9144,Sc978af8ec5,Neil Young,Don’t Cry,,0,1,0,,not_enriched,unreviewed
9145,Sc98ce5cff4,Jackson Browne,Nothing but Time,,0,1,0,,not_enriched,unreviewed
9146,Sc9907fe579,Argent,Liar,,0,1,0,,not_enriched,unreviewed
9147,Sc995a0a262,Poison,Ride the Wind,,0,1,0,,not_enriched,unreviewed
9148,Sc99d0a6f5b,REO Speedwagon,Runnin' Blind,,0,1,0,,not_enriched,unreviewed
9149,Sc99d7afd73,Tool,Undertow,,0,1,0,,not_enriched,unreviewed
9150,Sc9a8c50fd1,Arc Angel,Before the Storm,,0,1,0,,not_enriched,unreviewed
9151,Sc9b0486b8a,Duran Duran,Of Crime and Passion,,0,1,0,,not_enriched,unreviewed
9152,Sc9b422c411,Aerosmith,Permanent Vacation,,0,1,0,,not_enriched,unreviewed
9153,Sc9b9ecbef6,David Bowie,Somebody Up There Likes Me,,0,1,0,,not_enriched,unreviewed
9154,Sc9bdf656da,Elton John,Made in England (Junior’s Joyous mix),,0,1,0,,not_enriched,unreviewed
9155,Sc9bf87790b,Janet Jackson,Livin' In A World (They Didn't Make),,0,1,0,,not_enriched,unreviewed
9156,Sc9c70627b0,Eric Clapton,Golden Ring,,0,1,0,,not_enriched,unreviewed
9157,Sc9ceb56b27,The Alan Parsons Project,You Lie Down With Dogs (5.1 mix),,0,1,0,,not_enriched,unreviewed
9158,Sc9db46d13f,Bob Seger & the Silver Bullet Band,Let It Rock,,0,1,0,,not_enriched,unreviewed
9159,Sc9dd2b5158,Mason Ruffner,Fightin' Back,,0,1,0,,not_enriched,unreviewed
9160,Sc9ec98d09a,Roger McGuinn,Your Love Is a Gold Mine / Back From Rio Interlude,,0,1,0,,not_enriched,unreviewed
9161,Sc9fbc85616,Eagles,Doolin‐Dalton / Desperado (reprise),,0,1,0,,not_enriched,unreviewed
9162,Sca00cb852b,Bob Welch,China,,0,1,0,,not_enriched,unreviewed
9163,Sca03ae1dcb,Toto,Holyanna,,0,1,0,,not_enriched,unreviewed
9164,Sca0809adaf,Mercy,Aquarius,,0,1,0,,not_enriched,unreviewed
9165,Sca0ac7eb78,The Beach Boys,Our Prayer,,0,1,0,,not_enriched,unreviewed
9166,Sca0d5fb397,Collective Soul,Tremble for My Beloved,,0,1,0,,not_enriched,unreviewed
9167,Sca0fbf8fe1,Stevie Nicks,Sleeping Angel (from “Fast Times at Ridgemont High”),,0,1,0,,not_enriched,unreviewed
9168,Sca15e4bb93,Elton John,In Neon,,0,1,0,,not_enriched,unreviewed
9169,Sca180a0c06,Neil Young,"Oh, Lonesome Me",,0,1,0,,not_enriched,unreviewed
9170,Sca2658d733,George Harrison,This Is Love,,0,1,0,,not_enriched,unreviewed
9171,Sca285aec1a,Def Leppard,Billy’s Got a Gun,,0,1,0,,not_enriched,unreviewed
9172,Sca303d7ec6,Loverboy,Chance of a Lifetime,,0,1,0,,not_enriched,unreviewed
9173,Sca3ee0d55e,"Crosby, Stills & Nash",Run From Tears,,0,1,0,,not_enriched,unreviewed
9174,Sca3f104136,Bonnie Raitt,I Will Not Be Denied,,0,1,0,,not_enriched,unreviewed
9175,Sca440d9048,Squeeze,Is That Love,,0,1,0,,not_enriched,unreviewed
9176,Sca4b3945ef,Tom Petty & the Heartbreakers,My Life/Your World,,0,1,0,,not_enriched,unreviewed
9177,Sca55e1148e,Steel Breeze,You Don't Want Me Anymore,,0,1,0,,not_enriched,unreviewed
9178,Sca5c3e375c,"Crosby, Stills & Nash",Wasted on the Way,,0,1,0,,not_enriched,unreviewed
9179,Sca70269b92,The Pretenders,Time the Avenger,,0,1,0,,not_enriched,unreviewed
9180,Sca7e384a24,Billy Joel,Allentown,,0,1,0,,not_enriched,unreviewed
9181,Sca819797e6,John Lennon,Cold Turkey,,0,1,0,,not_enriched,unreviewed
9182,Sca84acfe81,Linda Ronstadt,The Sweetest Gift,,0,1,0,,not_enriched,unreviewed
9183,Sca8be40722,Quarterflash,Try to Make It True,,0,1,0,,not_enriched,unreviewed
9184,Sca8c388e3b,Jewel,What’s Simple Is True,,0,1,0,,not_enriched,unreviewed
9185,Sca941943e7,John Fogerty,I Can’t Help Myself,,0,1,0,,not_enriched,unreviewed
9186,Sca9aa2d008,Eddie Money,Drivin’ Me Crazy,,0,1,0,,not_enriched,unreviewed
9187,Sca9d7e1cca,Scandal,Tonight,,0,1,0,,not_enriched,unreviewed
9188,Scaa3b7ca3e,Don Henley,Drivin' With Your Eyes Closed,,0,1,0,,not_enriched,unreviewed
9189,Scaa40328b3,Garth Brooks,I Know One,,0,1,0,,not_enriched,unreviewed
9190,Scaae9643d6,Rick Springfield,Love Is Alright Tonite,,0,1,0,,not_enriched,unreviewed
9191,Scabf9e1364,Beck,Beercan,,0,1,0,,not_enriched,unreviewed
9192,Scac492f8a0,The Four Seasons,"Harmony, Perfect Harmony",,0,1,0,,not_enriched,unreviewed
9193,Scacddbfe59,Bruce Springsteen,Human Touch,,0,1,0,,not_enriched,unreviewed
9194,Scace1cfaf7,Poison,Ball and Chain,,0,1,0,,not_enriched,unreviewed
9195,Scad4769287,George Thorogood & the Destroyers,Born to Be Bad,,0,1,0,,not_enriched,unreviewed
9196,Scade65aa8b,Fleetwood Mac,Storms,,0,1,0,,not_enriched,unreviewed
9197,Scae4341ad5,ZZ Top,It’s So Hard,,0,1,0,,not_enriched,unreviewed
9198,Scae77b0a23,Carpenters,Two Sides,,0,1,0,,not_enriched,unreviewed
9199,Scaf0940c47,Jackson Browne,Take This Rain,,0,1,0,,not_enriched,unreviewed
9200,Scaf18c0435,Baltimora,Pull the Wires,,0,1,0,,not_enriched,unreviewed
9201,Scb0b3a516c,Molly Hatchet,Beatin' the Odds,,0,1,0,,not_enriched,unreviewed
9202,Scb0e8167a0,The Beatles,Slow Down,,0,1,0,,not_enriched,unreviewed
9203,Scb0e8ca7a5,The Rolling Stones,Dirty Work,,0,1,0,,not_enriched,unreviewed
9204,Scb1b459c87,Mr. Mister,Black/White,,0,1,0,,not_enriched,unreviewed
9205,Scb27045861,Kenny G,G-Bop,,0,1,0,,not_enriched,unreviewed
9206,Scb2efb2e7e,En Vogue,What Is Love,,0,1,0,,not_enriched,unreviewed
9207,Scb33d20944,Alias,More Than Words Can Say,,0,1,0,,not_enriched,unreviewed
9208,Scb35b57f92,John Cougar,Close Enough,,0,1,0,,not_enriched,unreviewed
9209,Scb43182e83,Cheap Trick,Lucy in the Sky With Diamonds,,0,1,0,,not_enriched,unreviewed
9210,Scb4962841c,Firefall,Sweet Ann,,0,1,0,,not_enriched,unreviewed
9211,Scb4f18a5be,Bad Company,Shake It Up,,0,1,0,,not_enriched,unreviewed
9212,Scb55aec332,Hootie & the Blowfish,Hannah Jane,,0,1,0,,not_enriched,unreviewed
9213,Scb635486f3,The Who,Boris the Spider,,0,1,0,,not_enriched,unreviewed
9214,Scb6ebf68c7,Jim Morrison,Angels and Sailors / Stoned Immaculate,,0,1,0,,not_enriched,unreviewed
9215,Scb7086258f,Taylor Dayne,Love Will Lead You Back,,0,1,0,,not_enriched,unreviewed
9216,Scb74afd4fb,Paula Cole,Mississippi,,0,1,0,,not_enriched,unreviewed
9217,Scb7c3b1d2a,The Alan Parsons Project,Hawkeye,,0,1,0,,not_enriched,unreviewed
9218,Scb8b3b59cd,Three Dog Night,My Old Kentucky Home,,0,1,0,,not_enriched,unreviewed
9219,Scb945fffff,Todd Rundgren,The Waiting Game,,0,1,0,,not_enriched,unreviewed
9220,Scb953dd5d6,George Harrison,That’s the Way It Goes,,0,1,0,,not_enriched,unreviewed
9221,Scb95e7fbb6,Night Ranger,Sister Christian,,0,1,0,,not_enriched,unreviewed
9222,Scb9c73e28f,Blue Öyster Cult,Burnin’ for You,,0,1,0,,not_enriched,unreviewed
9223,Scbbdf4e7b1,Andy Williams,Hark the Herald Angels Sing,,0,1,0,,not_enriched,unreviewed
9224,Scbc2d4ff93,INXS,Same Direction,,0,1,0,,not_enriched,unreviewed
9225,Scbc6eae70e,Mariah Carey,Vanishing,,0,1,0,,not_enriched,unreviewed
9226,Scbcb35c72d,Journey,Be Good to Yourself,,0,1,0,,not_enriched,unreviewed
9227,Scbdef21798,Billy Thorpe,We Welcome You,,0,1,0,,not_enriched,unreviewed
9228,Scbdefe13f7,Queen,Under Pressure,,0,1,0,,not_enriched,unreviewed
9229,Scbe9cf6632,Jimi Hendrix Experience,Manic Depression,,0,1,0,,not_enriched,unreviewed
9230,Scbf07e627d,Stevie Nicks,How Still My Love,,0,1,0,,not_enriched,unreviewed
9231,Scbf5a53055,Pearl Jam,Brain of J.,,0,1,0,,not_enriched,unreviewed
9232,Scbf9a52fe0,Bad English,Forget Me Not,,0,1,0,,not_enriched,unreviewed
9233,Scbfd9a41a3,The Doobie Brothers,Something You Said,,0,1,0,,not_enriched,unreviewed
9234,Scc05bbd9a8,Mr. Mister,Tangent Tears,,0,1,0,,not_enriched,unreviewed
9235,Scc108a6c73,Firefall,Leave It Alone,,0,1,0,,not_enriched,unreviewed
9236,Scc16d8892f,Bruce Hornsby and the Range,The Wild Frontier,,0,1,0,,not_enriched,unreviewed
9237,Scc1cac70a1,A Flock of Seagulls,Transfer Affection,,0,1,0,,not_enriched,unreviewed
9238,Scc1dcfb1f9,Madonna,Bedtime Story,,0,1,0,,not_enriched,unreviewed
9239,Scc2429a344,Yes,And You and I: Cord of Life / Eclipse / The Preacher the Teacher / The Apocalypse,,0,1,0,,not_enriched,unreviewed
9240,Scc24ae2576,REO Speedwagon,Thru the Window,,0,1,0,,not_enriched,unreviewed
9241,Scc261811f2,St. Paul,Only Reminds Me of You,,0,1,0,,not_enriched,unreviewed
9242,Scc27a139b7,Queen,Staying Power,,0,1,0,,not_enriched,unreviewed
9243,Scc3431a2b3,Rush,Losing It,,0,1,0,,not_enriched,unreviewed
9244,Scc38c51fbb,Pat Benatar,Love Is a Battlefield,,0,1,0,,not_enriched,unreviewed
9245,Scc39410f9d,Stevie Nicks,I Can’t Wait,,0,1,0,,not_enriched,unreviewed
9246,Scc39f647a3,Kansas,Lamplight Symphony,,0,1,0,,not_enriched,unreviewed
9247,Scc413fc4f9,Elton John,"Rocket Man (I Think It’s Going to Be a long, long Time)",,0,1,0,,not_enriched,unreviewed
9248,Scc4b0192c4,Boston,The Launch,,0,1,0,,not_enriched,unreviewed
9249,Scc570e13e5,The Beach Boys,"Merry Christmas, Baby",,0,1,0,,not_enriched,unreviewed
9250,Scc62619667,Jim Capaldi,Tonight You're Mine,,0,1,0,,not_enriched,unreviewed
9251,Scc781cf3ef,Firefall,Cinderella,,0,1,0,,not_enriched,unreviewed
9252,Scc7fea17e7,The Breeders,Hag,,0,1,0,,not_enriched,unreviewed
9253,Scc82691bf5,Bandit,Don't You Worry,,0,1,0,,not_enriched,unreviewed
9254,Scc9d719768,Tom Cochrane,No Regrets,,0,1,0,,not_enriched,unreviewed
9255,Scc9e7ff940,The Monroes,Somewhere in the Night,,0,1,0,,not_enriched,unreviewed
9256,Scca4a8f9b9,Al Stewart,Timeless Skies,,0,1,0,,not_enriched,unreviewed
9257,Sccb5e2a3aa,Glenn Frey,Better in the U.S.A.,,0,1,0,,not_enriched,unreviewed
9258,Sccbad026fc,Mariah Carey,Someday,,0,1,0,,not_enriched,unreviewed
9259,Scccd6058ee,April Wine,21st Century Schizoid Man,,0,1,0,,not_enriched,unreviewed
9260,Sccd320e870,Guns N’ Roses,Welcome to the Jungle,,0,1,0,,not_enriched,unreviewed
9261,Sccd3465ee1,Barry Manilow,Early Morning Strangers,,0,1,0,,not_enriched,unreviewed
9262,Sccdb4734af,Bruce Springsteen,Merry Christmas Baby,,0,1,0,,not_enriched,unreviewed
9263,Scce2d637f4,Queen,Put Out the Fire,,0,1,0,,not_enriched,unreviewed
9264,Scce776f2a7,Tracy Chapman,Across the Lines,,0,1,0,,not_enriched,unreviewed
9265,Sccf0241a7e,James Taylor,There We Are,,0,1,0,,not_enriched,unreviewed
9266,Scd00d78866,Triumph,Somebody's Out There,,0,1,0,,not_enriched,unreviewed
9267,Scd019c07c6,The Four Seasons,Mystic Mr. Sam,,0,1,0,,not_enriched,unreviewed
9268,Scd06a9e5bc,Rick Springfield,Kristina,,0,1,0,,not_enriched,unreviewed
9269,Scd0aea6457,Pure Moods,Paloma's Song,,0,1,0,,not_enriched,unreviewed
9270,Scd0b8a856d,Pretenders,Day After Day,,0,1,0,,not_enriched,unreviewed
9271,Scd1e5a548b,Julian Lennon,Jesse,,0,1,0,,not_enriched,unreviewed
9272,Scd2392e083,ZZ Top,Stages,,0,1,0,,not_enriched,unreviewed
9273,Scd3f6fdcc7,The Alan Parsons Project,The Tell‐Tale Heart,,0,1,0,,not_enriched,unreviewed
9274,Scd4567174f,Foreigner,Break It Up,,0,1,0,,not_enriched,unreviewed
9275,Scd4a7bf286,Genesis,Second Home by the Sea,,0,1,0,,not_enriched,unreviewed
9276,Scd4ad98136,KISS,Makin’ Love,,0,1,0,,not_enriched,unreviewed
9277,Scd4b862f54,TNT,Listen to Your Heart,,0,1,0,,not_enriched,unreviewed
9278,Scd53e94835,R.E.M.,Stand,,0,1,0,,not_enriched,unreviewed
9279,Scd5b2e8d91,Lou Reed,Power and Glory (The Situation),,0,1,0,,not_enriched,unreviewed
9280,Scd5c0a3f2a,Triumph,Petite Etude,,0,1,0,,not_enriched,unreviewed
9281,Scd63ae5c76,Styx,Clair De Lune / Ballerina,,0,1,0,,not_enriched,unreviewed
9282,Scd6881d6de,The Fixx,Facing the Wind,,0,1,0,,not_enriched,unreviewed
9283,Scd6f9c0386,The Rolling Stones,100 Years Ago,,0,1,0,,not_enriched,unreviewed
9284,Scd7390f749,Stevie Nicks,Leather and Lace,,0,1,0,,not_enriched,unreviewed
9285,Scd89d776f9,Natalie Imbruglia,Intuition,,0,1,0,,not_enriched,unreviewed
9286,Scd9e5a35f4,"Crosby, Stills & Nash",Delta,,0,1,0,,not_enriched,unreviewed
9287,Scda2cff31d,Marillion,Kayleigh,,0,1,0,,not_enriched,unreviewed
9288,Scda43861ce,Garth Brooks,It's Midnight Cinderella,,0,1,0,,not_enriched,unreviewed
9289,Scdaeac02f7,Jackson Browne,Downtown,,0,1,0,,not_enriched,unreviewed
9290,Scdaedd9a07,Michael Bolton,Hometown Hero,,0,1,0,,not_enriched,unreviewed
9291,Scdbcf9f089,Michael Stanley Band,Take the Time,,0,1,0,,not_enriched,unreviewed
9292,Scdbea5f10a,Rick Springfield,Tonight,,0,1,0,,not_enriched,unreviewed
9293,Scdc14caa5c,Nazareth,Beggar’s Day,,0,1,0,,not_enriched,unreviewed
9294,Scdc77a797b,Cruzados,Road of Truth,,0,1,0,,not_enriched,unreviewed
9295,Scdd0bbd8f6,Franke & the Knockouts,Just What I Want,,0,1,0,,not_enriched,unreviewed
9296,Scdd2cfdbae,David Bowie,Blue Jean,,0,1,0,,not_enriched,unreviewed
9297,Scddc012148,Quiet Riot,Slick Black Cadillac,,0,1,0,,not_enriched,unreviewed
9298,Scddfae8aea,Kansas,A Glimpse of Home,,0,1,0,,not_enriched,unreviewed
9299,Scdf0f334d9,Dire Straits,Hand in Hand,,0,1,0,,not_enriched,unreviewed
9300,Scdf9508456,Billy Thorpe,Wrapped in the Chains of Your Love,,0,1,0,,not_enriched,unreviewed
9301,Sce00598cae,Three Dog Night,Nobody,,0,1,0,,not_enriched,unreviewed
9302,Sce136ed272,Jeff Beck,People Get Ready,,0,1,0,,not_enriched,unreviewed
9303,Sce13d2c674,Lou Gramm,She's Got to Know,,0,1,0,,not_enriched,unreviewed
9304,Sce18133f48,Joe Jackson,Don’t Wanna Be Like That,,0,1,0,,not_enriched,unreviewed
9305,Sce1f718411,Bachman–Turner Overdrive,Stayed Awake All Night,,0,1,0,,not_enriched,unreviewed
9306,Sce1f9e9d0d,Giuffria,Don’t Tear Me Down,,0,1,0,,not_enriched,unreviewed
9307,Sce2a0c4ec1,Elton John,Big Dipper,,0,1,0,,not_enriched,unreviewed
9308,Sce2d7ba7fe,The Pretenders,Watching the Clothes,,0,1,0,,not_enriched,unreviewed
9309,Sce30e2e8af,The Cars,Shake It Up,,0,1,0,,not_enriched,unreviewed
9310,Sce38380832,Molly Hatchet,Gator Country,,0,1,0,,not_enriched,unreviewed
9311,Sce3d17784b,Seal,Deep Water,,0,1,0,,not_enriched,unreviewed
9312,Sce40943f07,Go‐Go’s,Skidmarks on My Heart,,0,1,0,,not_enriched,unreviewed
9313,Sce413642a9,Bad Company,Live for the Music,,0,1,0,,not_enriched,unreviewed
9314,Sce444575a1,Nazareth,Please Don’t Judas Me,,0,1,0,,not_enriched,unreviewed
9315,Sce51781ae0,David Bowie,Diamond Dogs,,0,1,0,,not_enriched,unreviewed
9316,Sce5e352ef7,Alice in Chains,Angry Chair,,0,1,0,,not_enriched,unreviewed
9317,Sce601cb064,REO Speedwagon,Wheels Are Turnin’,,0,1,0,,not_enriched,unreviewed
9318,Sce60a9f4b7,Wilson Phillips,The Dream Is Still Alive,,0,1,0,,not_enriched,unreviewed
9319,Sce7e390d23,Tony Carey,I’ll Tell the World About Her,,0,1,0,,not_enriched,unreviewed
9320,Sce8ccc2dc4,Don Henley,Dirty Laundry,,0,1,0,,not_enriched,unreviewed
9321,Sce91dc57b5,Joe Jackson,Amateur Hour,,0,1,0,,not_enriched,unreviewed
9322,Sce91f66068,Icehouse,Crazy [Midnight Mix],,0,1,0,,not_enriched,unreviewed
9323,Sce9a52df7e,Electric Light Orchestra,King of the Universe,,0,1,0,,not_enriched,unreviewed
9324,Scea691a1b7,Genesis,Living Forever,,0,1,0,,not_enriched,unreviewed
9325,Scea864ceeb,Ozzy Osbourne,Flying High Again,,0,1,0,,not_enriched,unreviewed
9326,Sceb237cf75,Paul McCartney,My Brave Face,,0,1,0,,not_enriched,unreviewed
9327,Scec19958da,The Four Seasons,Silver Star,,0,1,0,,not_enriched,unreviewed
9328,Sced7854644,Robert Plant,Horizontal Departure,,0,1,0,,not_enriched,unreviewed
9329,Sceda033561,The Motels,Remember the Nights,,0,1,0,,not_enriched,unreviewed
9330,Sceda7a3c73,Sam Harris,Forever for You,,0,1,0,,not_enriched,unreviewed
9331,Scedd9a0199,Phil Collins,In the Air Tonight,,0,1,0,,not_enriched,unreviewed
9332,Scee66127b8,Neil Young,Driveby,,0,1,0,,not_enriched,unreviewed
9333,Scee67f7d05,Baltimora,Set Me Free,,0,1,0,,not_enriched,unreviewed
9334,Sceec84f880,Helix,Get Up!,,0,1,0,,not_enriched,unreviewed
9335,Scef039eddd,The Pretenders,Brass in Pocket,,0,1,0,,not_enriched,unreviewed
9336,Scef2a00cc0,The Alan Parsons Project,Money Talks,,0,1,0,,not_enriched,unreviewed
9337,Scefbf7c106,ZZ Top,Just Got Back From Baby’s,,0,1,0,,not_enriched,unreviewed
9338,Scf278d95e7,Great White,All Right,,0,1,0,,not_enriched,unreviewed
9339,Scf38252d53,Sammy Hagar,Burnin' Down the City,,0,1,0,,not_enriched,unreviewed
9340,Scf3bb220d1,Neil Young,"Hey Hey, My My (Into the Black)",,0,1,0,,not_enriched,unreviewed
9341,Scf3e1020aa,Alice in Chains,Put You Down,,0,1,0,,not_enriched,unreviewed
9342,Scf508924e8,James Gang,Stop,,0,1,0,,not_enriched,unreviewed
9343,Scf5377a7fe,Icehouse,Over the Line,,0,1,0,,not_enriched,unreviewed
9344,Scf78f996f6,Timbuk 3,Life Is Hard,,0,1,0,,not_enriched,unreviewed
9345,Scf7ef853be,Styx,Jennifer,,0,1,0,,not_enriched,unreviewed
9346,Scf80c26f65,The Fixx,One Look Up,,0,1,0,,not_enriched,unreviewed
9347,Scf832add51,Alice in Chains,I Can't Remember,,0,1,0,,not_enriched,unreviewed
9348,Scf8cbe49a6,Timbuk 3,Friction,,0,1,0,,not_enriched,unreviewed
9349,Scf92703eef,Tom Petty & the Heartbreakers,Ain’t Love Strange,,0,1,0,,not_enriched,unreviewed
9350,Scfa25c6dcc,Roxy Music,Rain Rain Rain,,0,1,0,,not_enriched,unreviewed
9351,Scfa794ec62,Peter Ilich Tchaikovsky,"The Nutcracker Suite, op. 71a: Arabian Dance",,0,1,0,,not_enriched,unreviewed
9352,Scfbd130c36,Daryl Hall & John Oates,Bank on Your Love,,0,1,0,,not_enriched,unreviewed
9353,Scfc7046f0f,Elton John,You're So Static,,0,1,0,,not_enriched,unreviewed
9354,Scfd51477a9,Billy Idol,Trouble With the Sweet Stuff,,0,1,0,,not_enriched,unreviewed
9355,Scfd54f389b,Neil Diamond,The Christmas Song,,0,1,0,,not_enriched,unreviewed
9356,Scfd6896110,Blondie,Maria,,0,1,0,,not_enriched,unreviewed
9357,Scfd6d01947,Garth Brooks,New Way to Fly,,0,1,0,,not_enriched,unreviewed
9358,Scfd7682e51,"Hamilton, Joe Frank & Reynolds",Who Do You Love,,0,1,0,,not_enriched,unreviewed
9359,Scfdac469f7,Queen,God Save the Queen,,0,1,0,,not_enriched,unreviewed
9360,Scfe34cd3b3,Alice Cooper,Simple Disobedience,,0,1,0,,not_enriched,unreviewed
9361,Scfe84f4c7c,Kenny Loggins,It Must Be Imagination,,0,1,0,,not_enriched,unreviewed
9362,Scfec831ec8,Duke Ellington & His Orchestra,Intro: Take the “A” Train / Under My Thumb,,0,1,0,,not_enriched,unreviewed
9363,Scff83cb4a2,Chicago,Please Hold On,,0,1,0,,not_enriched,unreviewed
9364,Scffc0eb22b,Prince,Take Me With U,,0,1,0,,not_enriched,unreviewed
9365,Scffc3caf8f,Warrant,Cherry Pie,,0,1,0,,not_enriched,unreviewed
9366,Sd00239acf9,Giant,Innocent Days,,0,1,0,,not_enriched,unreviewed
9367,Sd002f971da,Madonna,Take a Bow,,0,1,0,,not_enriched,unreviewed
9368,Sd003674565,Planet P Project,March of the Artemites,,0,1,0,,not_enriched,unreviewed
9369,Sd0036fee2a,The Notting Hillbillies,Railroad Worksong,,0,1,0,,not_enriched,unreviewed
9370,Sd0068d2a55,Harry Chapin,Dirty Old Man,,0,1,0,,not_enriched,unreviewed
9371,Sd008ec532f,Tesla,We Can Work It Out,,0,1,0,,not_enriched,unreviewed
9372,Sd00fc4628b,The Black Crowes,Hard to Handle,,0,1,0,,not_enriched,unreviewed
9373,Sd0103a45d2,Paul McCartney,Good Rockin’ Tonight,,0,1,0,,not_enriched,unreviewed
9374,Sd010beb630,April Wine,Crash and Burn,,0,1,0,,not_enriched,unreviewed
9375,Sd01249d4d9,Todd Rundgren,Lord Chancellor’s Nightmare Song (re‐recorded),,0,1,0,,not_enriched,unreviewed
9376,Sd016b7ef9e,The Who,A Legal Matter,,0,1,0,,not_enriched,unreviewed
9377,Sd016bd4f66,Bette Midler,Shiver Me Timbers,,0,1,0,,not_enriched,unreviewed
9378,Sd0192be920,Tommy James & the Shondells,Loved One,,0,1,0,,not_enriched,unreviewed
9379,Sd03fa71f5d,Queen,Let Me Entertain You,,0,1,0,,not_enriched,unreviewed
9380,Sd04221689c,Icehouse,Send Somebody,,0,1,0,,not_enriched,unreviewed
9381,Sd04a2d1306,Kenny Rogers,The Gambler,,0,1,0,,not_enriched,unreviewed
9382,Sd0574342cf,The Alan Parsons Project,The Raven,,0,1,0,,not_enriched,unreviewed
9383,Sd0624b48a3,Warren Zevon,Play It All Night Long,,0,1,0,,not_enriched,unreviewed
9384,Sd07e5fbad9,Heart,Love Alive,,0,1,0,,not_enriched,unreviewed
9385,Sd07e6a667a,The Alan Parsons Project,Dancing on a Highwire,,0,1,0,,not_enriched,unreviewed
9386,Sd0820f78a1,Triumph,Just a Game,,0,1,0,,not_enriched,unreviewed
9387,Sd089a74195,Julian Lennon,Stick Around,,0,1,0,,not_enriched,unreviewed
9388,Sd09214b9f2,Madonna,Santa Baby,,0,1,0,,not_enriched,unreviewed
9389,Sd0965597dd,Grateful Dead,Casey Jones,,0,1,0,,not_enriched,unreviewed
9390,Sd097281e03,Sammy Hagar,Remote Love,,0,1,0,,not_enriched,unreviewed
9391,Sd09813f707,Mariah Carey,Alone in Love,,0,1,0,,not_enriched,unreviewed
9392,Sd099d8a5fb,Annie Lennox,Train in Vain,,0,1,0,,not_enriched,unreviewed
9393,Sd09c6e7f52,Chris Isaak,Can't Do a Thing (To Stop Me),,0,1,0,,not_enriched,unreviewed
9394,Sd09e6ae986,Pearl Jam,Indifference,,0,1,0,,not_enriched,unreviewed
9395,Sd0a07c5c61,Danger Danger,Don't Walk Away,,0,1,0,,not_enriched,unreviewed
9396,Sd0a152cddb,Buckingham Nicks,That’s Alright,,0,1,0,,not_enriched,unreviewed
9397,Sd0ae236941,Barry Manilow,Mandy,,0,1,0,,not_enriched,unreviewed
9398,Sd0b136fc87,Triumph,Ordinary Man,,0,1,0,,not_enriched,unreviewed
9399,Sd0b57d2e22,Cheap Trick,Gonna Raise Hell,,0,1,0,,not_enriched,unreviewed
9400,Sd0badf63b9,REO Speedwagon,Over the Edge,,0,1,0,,not_enriched,unreviewed
9401,Sd0d2e983c5,Novo Combo,City Bound (“E” Train),,0,1,0,,not_enriched,unreviewed
9402,Sd0d33bba62,Fleetwood Mac,Never Forget,,0,1,0,,not_enriched,unreviewed
9403,Sd0d54d3bdf,Paul McCartney & Wings,Let ’em In,,0,1,0,,not_enriched,unreviewed
9404,Sd0ed7c381b,Billy Joel,Leningrad,,0,1,0,,not_enriched,unreviewed
9405,Sd0f37abd2f,Loverboy,Dangerous,,0,1,0,,not_enriched,unreviewed
9406,Sd0f61842be,Gary Wright,Love Is Alive,,0,1,0,,not_enriched,unreviewed
9407,Sd10fc9a960,Bob Dylan,Man of Peace,,0,1,0,,not_enriched,unreviewed
9408,Sd11b6bb6a9,Paul Simon,Kodachrome,,0,1,0,,not_enriched,unreviewed
9409,Sd11cfe41f8,AC/DC,Rock Your Heart Out,,0,1,0,,not_enriched,unreviewed
9410,Sd11dcfc823,Stray Cats,Built for Speed,,0,1,0,,not_enriched,unreviewed
9411,Sd1215e6e9e,Rick Springfield,"April 24, 1981",,0,1,0,,not_enriched,unreviewed
9412,Sd12444d95f,Paul McCartney,Blue Moon of Kentucky,,0,1,0,,not_enriched,unreviewed
9413,Sd125e60611,ZZ Top,"Neighbor, Neighbor",,0,1,0,,not_enriched,unreviewed
9414,Sd13299a923,Greg Kihn Band,Everyday/Saturday,,0,1,0,,not_enriched,unreviewed
9415,Sd13b3c91b1,Grand Funk Railroad,Runnin',,0,1,0,,not_enriched,unreviewed
9416,Sd14ac84f42,Planet P Project,What I See,,0,1,0,,not_enriched,unreviewed
9417,Sd14cd5202c,Doors,Love Her Madly,,0,1,0,,not_enriched,unreviewed
9418,Sd1515e6aee,Anderson Bruford Wakeman Howe,Heart of the Sunrise,,0,1,0,,not_enriched,unreviewed
9419,Sd156a9ccf7,SCANDAL,Kagen no Tsuki,,0,1,0,,not_enriched,unreviewed
9420,Sd163a75b6c,Andy Williams,It Came Upon a Midnight Clear,,0,1,0,,not_enriched,unreviewed
9421,Sd175dd5d33,Robert Plant,Burning Down One Side,,0,1,0,,not_enriched,unreviewed
9422,Sd17bd16ff1,Steve Earle,Copperhead Road,,0,1,0,,not_enriched,unreviewed
9423,Sd17e7d68d8,Pearl Jam,Nothingman,,0,1,0,,not_enriched,unreviewed
9424,Sd17e7f07ae,Bachman–Turner Overdrive,Tramp,,0,1,0,,not_enriched,unreviewed
9425,Sd180eecff7,Night Ranger,Don’t Ask Me Why,,0,1,0,,not_enriched,unreviewed
9426,Sd188f8cd3d,Jefferson Starship,Tumblin,,0,1,0,,not_enriched,unreviewed
9427,Sd19290e754,Queensrÿche,Best I Can,,0,1,0,,not_enriched,unreviewed
9428,Sd19ad18acf,Bachman–Turner Overdrive,Let It Ride,,0,1,0,,not_enriched,unreviewed
9429,Sd19afea68c,Carpenters,There's a Kind of Hush,,0,1,0,,not_enriched,unreviewed
9430,Sd1a1dc1b65,Natalie Imbruglia,Wishing I Was There,,0,1,0,,not_enriched,unreviewed
9431,Sd1ad408a44,Honeymoon Suite,What Does It Take,,0,1,0,,not_enriched,unreviewed
9432,Sd1ad478606,Chilliwack,Fly at Night,,0,1,0,,not_enriched,unreviewed
9433,Sd1ade60e77,The Beatles,Do You Want to Know a Secret,,0,1,0,,not_enriched,unreviewed
9434,Sd1b25f01ab,St. Paul,Nowhere to Run,,0,1,0,,not_enriched,unreviewed
9435,Sd1c0a69a35,Marillion,White Feather,,0,1,0,,not_enriched,unreviewed
9436,Sd1cba4a1cd,Icehouse,Angel Street,,0,1,0,,not_enriched,unreviewed
9437,Sd1ce5cf067,The Alan Parsons Project,Let Me Go Home,,0,1,0,,not_enriched,unreviewed
9438,Sd1d280ea8e,Steve Miller Band,Never Say No,,0,1,0,,not_enriched,unreviewed
9439,Sd1e3b37876,Vernell Brown Jr.,Perfect Timing,,0,1,0,,not_enriched,unreviewed
9440,Sd1e43f13b2,XTC,Another Satellite,,0,1,0,,not_enriched,unreviewed
9441,Sd1e536f9ac,The B‐52’s,Strobe Light,,0,1,0,,not_enriched,unreviewed
9442,Sd1e6d53ad4,Blondie,X Offender,,0,1,0,,not_enriched,unreviewed
9443,Sd1ef056bc3,Cheap Trick,Voices,,0,1,0,,not_enriched,unreviewed
9444,Sd2095487e7,Enya,Angeles,,0,1,0,,not_enriched,unreviewed
9445,Sd209a0374a,Atlanta Rhythm Section,Going to Shangri-La,,0,1,0,,not_enriched,unreviewed
9446,Sd20a636ae4,Cruzados,Time for Waiting,,0,1,0,,not_enriched,unreviewed
9447,Sd2105054fb,George Harrison,Devil’s Radio,,0,1,0,,not_enriched,unreviewed
9448,Sd234ab21bd,Garth Brooks,Rollin',,0,1,0,,not_enriched,unreviewed
9449,Sd23b768f8e,Sly & the Family Stone,Hot Fun in the Summertime,,0,1,0,,not_enriched,unreviewed
9450,Sd2402458ea,T. Rex,Cosmic Dancer,,0,1,0,,not_enriched,unreviewed
9451,Sd240fbc842,Paul McCartney,Tug of War,,0,1,0,,not_enriched,unreviewed
9452,Sd242e42a36,Bad Company,Excited,,0,1,0,,not_enriched,unreviewed
9453,Sd2435f4beb,Pink Floyd,"Careful With That Axe, Eugene",,0,1,0,,not_enriched,unreviewed
9454,Sd248e0ab4c,Collective Soul,When the Water Falls,,0,1,0,,not_enriched,unreviewed
9455,Sd25ae465af,Bad Company,How About That,,0,1,0,,not_enriched,unreviewed
9456,Sd25e0ab30c,Bruce Hornsby & the Range,The Road Not Taken,,0,1,0,,not_enriched,unreviewed
9457,Sd26b8493bf,Badfinger,Without You,,0,1,0,,not_enriched,unreviewed
9458,Sd26dffd1af,Enya,Once You Had Gold,,0,1,0,,not_enriched,unreviewed
9459,Sd26f75aca0,"Crosby, Stills & Nash",Daylight Again,,0,1,0,,not_enriched,unreviewed
9460,Sd27322c0a4,Chilliwack,Rockin’ Girl,,0,1,0,,not_enriched,unreviewed
9461,Sd296ad530b,Split Enz,How Can I Resist Her,,0,1,0,,not_enriched,unreviewed
9462,Sd29e9e5bd0,Collective Soul,Crown / She Said,,0,1,0,,not_enriched,unreviewed
9463,Sd2ac21e992,Bram Tchaikovsky,The Russians Are Coming,,0,1,0,,not_enriched,unreviewed
9464,Sd2b05a559a,Elton John,Restless,,0,1,0,,not_enriched,unreviewed
9465,Sd2b185250f,Mötley Crüe,Teaser,,0,1,0,,not_enriched,unreviewed
9466,Sd2c268dcc6,Eddie Money,Rock and Roll the Place,,0,1,0,,not_enriched,unreviewed
9467,Sd2c973c732,Elton John,Solar Prestige a Gammon,,0,1,0,,not_enriched,unreviewed
9468,Sd2cb7a5c18,Bachman–Turner Overdrive,Blue Moanin’,,0,1,0,,not_enriched,unreviewed
9469,Sd2cdf1c677,Wilson Phillips,Ooh You're Gold,,0,1,0,,not_enriched,unreviewed
9470,Sd2cf016b1b,Metallica,Orion,,0,1,0,,not_enriched,unreviewed
9471,Sd2d8f58daf,The Who,Slip Kid,,0,1,0,,not_enriched,unreviewed
9472,Sd2def9337b,Icehouse,This Time,,0,1,0,,not_enriched,unreviewed
9473,Sd2dfc3ab5e,Tower of Fire,The Sword of Unspoken Misc,,0,1,0,,not_enriched,unreviewed
9474,Sd2f1b817bf,Jimmy Page,Liquid Mercury,,0,1,0,,not_enriched,unreviewed
9475,Sd2fa4c30ea,Beck,Loser,,0,1,0,,not_enriched,unreviewed
9476,Sd2fd6d5227,Damn Yankees,Tell Me How You Want It,,0,1,0,,not_enriched,unreviewed
9477,Sd312c02860,Warrant,In the Sticks,,0,1,0,,not_enriched,unreviewed
9478,Sd312c70d2e,Tower of Fire,BONUS: April Of Mumfisto (2004),,0,1,0,,not_enriched,unreviewed
9479,Sd32c8b4a5c,Wilson Phillips,Silent Night,,0,1,0,,not_enriched,unreviewed
9480,Sd32f4b0d8d,Izzy Stradlin and the Ju Ju Hounds,Pressure Drop,,0,1,0,,not_enriched,unreviewed
9481,Sd3314eb176,Sweet F.A.,Daily Grind,,0,1,0,,not_enriched,unreviewed
9482,Sd3355e9797,Bachman–Turner Overdrive,Hold Back The Water,,0,1,0,,not_enriched,unreviewed
9483,Sd33a1a397d,Foreigner,Love on the Telephone,,0,1,0,,not_enriched,unreviewed
9484,Sd33a625cd4,Sinéad O’Connor,Feel So Different,,0,1,0,,not_enriched,unreviewed
9485,Sd3418fc753,Waylon Jennings & Willie Nelson,Don’t Cuss the Fiddle,,0,1,0,,not_enriched,unreviewed
9486,Sd360872499,The Fixx,Lost in Battle Overseas,,0,1,0,,not_enriched,unreviewed
9487,Sd362dec781,Britny Fox,Longroad,,0,1,0,,not_enriched,unreviewed
9488,Sd37037c352,Styx,Put Me On,,0,1,0,,not_enriched,unreviewed
9489,Sd372cf03b1,Heart,Treat Me Well,,0,1,0,,not_enriched,unreviewed
9490,Sd37e11da79,Spin Doctors,Shinbone Alley / Hard to Exist,,0,1,0,,not_enriched,unreviewed
9491,Sd37ed112bb,Phil Collins,Don’t Let Him Steal Your Heart Away,,0,1,0,,not_enriched,unreviewed
9492,Sd37fdff548,Nelson,After the Rain,,0,1,0,,not_enriched,unreviewed
9493,Sd380bc88a8,Foreigner,Woman in Black,,0,1,0,,not_enriched,unreviewed
9494,Sd380c8711f,Waylon Jennings,Gold Dust Woman,,0,1,0,,not_enriched,unreviewed
9495,Sd3881837d5,Blind Melon,Change,,0,1,0,,not_enriched,unreviewed
9496,Sd389f174c8,Grand Funk Railroad,Black Licorice,,0,1,0,,not_enriched,unreviewed
9497,Sd3b03a7773,Neil Diamond,O Holy Night,,0,1,0,,not_enriched,unreviewed
9498,Sd3b740c1c0,Electric Light Orchestra,Above the Clouds,,0,1,0,,not_enriched,unreviewed
9499,Sd3b7b8648f,Steve Winwood,Take It as It Comes,,0,1,0,,not_enriched,unreviewed
9500,Sd3bcf866d7,Pretenders,When I Change My Life,,0,1,0,,not_enriched,unreviewed
9501,Sd3bf83fa9c,Kenny Rogers & The First Edition,Calico Silver,,0,1,0,,not_enriched,unreviewed
9502,Sd3c66c5a42,Glenn Frey,Let’s Go Home,,0,1,0,,not_enriched,unreviewed
9503,Sd3c7b8329c,Enya,Lothlórien,,0,1,0,,not_enriched,unreviewed
9504,Sd3c7d5f766,Aerosmith,Adam's Apple,,0,1,0,,not_enriched,unreviewed
9505,Sd3d30f4f5a,Trixter,Always a Victim,,0,1,0,,not_enriched,unreviewed
9506,Sd3d4886ea7,Eagles,Too Many Hands,,0,1,0,,not_enriched,unreviewed
9507,Sd3dc741b4a,Gin Blossoms,Found Out About You,,0,1,0,,not_enriched,unreviewed
9508,Sd3dfbe12bc,Joe Walsh,Up All Night,,0,1,0,,not_enriched,unreviewed
9509,Sd3f7c23732,Paul McCartney,Be‐Bop‐A‐Lula,,0,1,0,,not_enriched,unreviewed
9510,Sd3fbf77b80,Giuffria,Dance,,0,1,0,,not_enriched,unreviewed
9511,Sd408774bba,Billy Idol,Cradle of Love,,0,1,0,,not_enriched,unreviewed
9512,Sd41f90f81f,Paul McCartney,Wanderlust,,0,1,0,,not_enriched,unreviewed
9513,Sd421dbee31,Blue Rose,Blue Love,,0,1,0,,not_enriched,unreviewed
9514,Sd423cc4860,Cruzados,I Want Your World to Turn,,0,1,0,,not_enriched,unreviewed
9515,Sd42f78bc60,ZZ Top,Velcro Fly,,0,1,0,,not_enriched,unreviewed
9516,Sd430efa81c,The Black Crowes,Jealous Again,,0,1,0,,not_enriched,unreviewed
9517,Sd430f57020,Sniff ’n’ the Tears,Sing,,0,1,0,,not_enriched,unreviewed
9518,Sd438f02d05,Electric Light Orchestra,Shangri‐La,,0,1,0,,not_enriched,unreviewed
9519,Sd43c28654c,Go‐Go’s,Our Lips Are Sealed,,0,1,0,,not_enriched,unreviewed
9520,Sd445f9577f,John Cougar Mellencamp,Grandma’s Theme,,0,1,0,,not_enriched,unreviewed
9521,Sd44eede13c,Neil Young,People on the Street,,0,1,0,,not_enriched,unreviewed
9522,Sd451bad6d9,Tracy Chapman,Tell It Like It Is,,0,1,0,,not_enriched,unreviewed
9523,Sd45894172b,Quarterflash,One More Round to Go,,0,1,0,,not_enriched,unreviewed
9524,Sd45b321336,Starship,Sara,,0,1,0,,not_enriched,unreviewed
9525,Sd45bf61dc8,"Crosby, Stills & Nash",Song for Susan,,0,1,0,,not_enriched,unreviewed
9526,Sd460effe0b,The J. Geils Band,Piss on the Wall,,0,1,0,,not_enriched,unreviewed
9527,Sd48676c34a,Robert Plant,Other Arms,,0,1,0,,not_enriched,unreviewed
9528,Sd493e49325,Bryan Adams,Let Him Know,,0,1,0,,not_enriched,unreviewed
9529,Sd49b8cb89a,Badfinger,Apple of My Eye,,0,1,0,,not_enriched,unreviewed
9530,Sd49bbdf60e,Lindsey Buckingham,Go Insane,,0,1,0,,not_enriched,unreviewed
9531,Sd49dee43c4,Greg Kihn Band,Higher and Higher,,0,1,0,,not_enriched,unreviewed
9532,Sd4a9ba8a0e,Journey,People and Places,,0,1,0,,not_enriched,unreviewed
9533,Sd4b0eabb92,Cheap Trick,Busted,,0,1,0,,not_enriched,unreviewed
9534,Sd4b34d934c,The Black Crowes,She Talks to Angels,,0,1,0,,not_enriched,unreviewed
9535,Sd4b6353ffa,Great White,Once Bitten Twice Shy,,0,1,0,,not_enriched,unreviewed
9536,Sd4b99a1299,k.d. lang,Outside Myself,,0,1,0,,not_enriched,unreviewed
9537,Sd4ba5755d7,Gin Blossoms,29,,0,1,0,,not_enriched,unreviewed
9538,Sd4be496167,David Baerwald,Colette,,0,1,0,,not_enriched,unreviewed
9539,Sd4c89e2d23,Adam Ant,Room at the Top,,0,1,0,,not_enriched,unreviewed
9540,Sd4cf6007f6,Starship,Desperate Heart,,0,1,0,,not_enriched,unreviewed
9541,Sd4d70e41ae,Def Leppard,Women,,0,1,0,,not_enriched,unreviewed
9542,Sd4dc68fce9,Def Leppard,Action! Not Words,,0,1,0,,not_enriched,unreviewed
9543,Sd4deb2e060,Red Rider,Human Race,,0,1,0,,not_enriched,unreviewed
9544,Sd4e0d05b07,The Rolling Stones,Sweet Virginia,,0,1,0,,not_enriched,unreviewed
9545,Sd4e233985d,Tom Cochrane & Red Rider,Saved by the Dawn,,0,1,0,,not_enriched,unreviewed
9546,Sd4e2e2097b,Kenny G,In the Rain,,0,1,0,,not_enriched,unreviewed
9547,Sd4eecff441,Chris Rea,Daytona,,0,1,0,,not_enriched,unreviewed
9548,Sd4f593bafc,Missing Persons,No Way Out,,0,1,0,,not_enriched,unreviewed
9549,Sd516b6f651,Bonnie Raitt,Cry on My Shoulder,,0,1,0,,not_enriched,unreviewed
9550,Sd51b482a73,Night Ranger,Touch of Madness,,0,1,0,,not_enriched,unreviewed
9551,Sd523005794,Fleetwood Mac,Walk a Thin Line,,0,1,0,,not_enriched,unreviewed
9552,Sd5232ed11f,Lou Reed,Halloween Parade,,0,1,0,,not_enriched,unreviewed
9553,Sd52609dcba,"Crosby, Stills & Nash",Too Much Love to Hide,,0,1,0,,not_enriched,unreviewed
9554,Sd547fe4300,Giant,Stranger to Me,,0,1,0,,not_enriched,unreviewed
9555,Sd550277289,Guns N’ Roses,Mr. Brownstone,,0,1,0,,not_enriched,unreviewed
9556,Sd551373705,Van Halen,Inside,,0,1,0,,not_enriched,unreviewed
9557,Sd55146e5a4,Anderson Bruford Wakeman Howe,Starship Trooper,,0,1,0,,not_enriched,unreviewed
9558,Sd5556ed4a0,Bob Welch,I Saw Her Standing There,,0,1,0,,not_enriched,unreviewed
9559,Sd5578cad4e,Bette Midler,Boogie Woogie Bugle Boy,,0,1,0,,not_enriched,unreviewed
9560,Sd562b9b03a,Stevie Nicks,Bella Donna,,0,1,0,,not_enriched,unreviewed
9561,Sd56328db31,Russ Ballard,It’s Too Late,,0,1,0,,not_enriched,unreviewed
9562,Sd56e8d8fe4,Garth Brooks,The Night I Called The Old Man Out,,0,1,0,,not_enriched,unreviewed
9563,Sd57f5ce9c5,SCANDAL,S.L. Magic,,0,1,0,,not_enriched,unreviewed
9564,Sd57fcb1b07,Billy Thorpe,Children of the Sun,,0,1,0,,not_enriched,unreviewed
9565,Sd580aab1a4,Jefferson Starship,There Will Be Love,,0,1,0,,not_enriched,unreviewed
9566,Sd580c32c6a,Counting Crows,Perfect Blue Buildings,,0,1,0,,not_enriched,unreviewed
9567,Sd5865cfb2c,Electric Light Orchestra,Julie Don't Live Here,,0,1,0,,not_enriched,unreviewed
9568,Sd58c9ae1c9,The B‐52’s,53 Miles West of Venus,,0,1,0,,not_enriched,unreviewed
9569,Sd59b73964b,Atlanta Rhythm Section,I'm Not Gonna Let It Bother Me Tonight,,0,1,0,,not_enriched,unreviewed
9570,Sd5c1f9b7a5,Nick Lowe,Little Hitler,,0,1,0,,not_enriched,unreviewed
9571,Sd5c8174d27,Jackson Browne,My Personal Revenge,,0,1,0,,not_enriched,unreviewed
9572,Sd5cc410f27,Steve Miller Band,Radio 2,,0,1,0,,not_enriched,unreviewed
9573,Sd5d20e60ef,Three Dog Night,Chest Fever,,0,1,0,,not_enriched,unreviewed
9574,Sd5d6e5a4f9,Big Brother & the Holding Company,Piece of My Heart,,0,1,0,,not_enriched,unreviewed
9575,Sd5e0a6a167,Billy Ocean,Mystery Lady,,0,1,0,,not_enriched,unreviewed
9576,Sd5e53714af,XTC,Mermaid Smiled,,0,1,0,,not_enriched,unreviewed
9577,Sd5f197cc5b,Chicago,Gently I’ll Wake You,,0,1,0,,not_enriched,unreviewed
9578,Sd5f3a9584f,Nirvana,Stay Away,,0,1,0,,not_enriched,unreviewed
9579,Sd5f5083be8,Shania Twain,"Honey, I’m Home",,0,1,0,,not_enriched,unreviewed
9580,Sd5fa5e6433,38 Special,You Keep Running Away,,0,1,0,,not_enriched,unreviewed
9581,Sd61d242383,The Romantics,C'Mon Girl (Work Out With Me),,0,1,0,,not_enriched,unreviewed
9582,Sd622a24b83,Winger,"You Are the Saint, I Am the Sinner",,0,1,0,,not_enriched,unreviewed
9583,Sd624caa43e,Neil Diamond,If You Know What I Mean,,0,1,0,,not_enriched,unreviewed
9584,Sd629619e8f,The Robert Cray Band,I Can’t Go Home,,0,1,0,,not_enriched,unreviewed
9585,Sd636a1d264,Pearl Jam,🔴,,0,1,0,,not_enriched,unreviewed
9586,Sd63c74eb4a,Cyndi Lauper,True Colors,,0,1,0,,not_enriched,unreviewed
9587,Sd63f80e356,Robert Palmer,Change His Ways,,0,1,0,,not_enriched,unreviewed
9588,Sd640a56b26,Commodores,Still,,0,1,0,,not_enriched,unreviewed
9589,Sd651556059,Ann,Blue Christmas,,0,1,0,,not_enriched,unreviewed
9590,Sd6678b91f5,David Crosby,Drive My Car,,0,1,0,,not_enriched,unreviewed
9591,Sd6943226b9,Joe Walsh,15 Years,,0,1,0,,not_enriched,unreviewed
9592,Sd69d567648,Bette Midler,Friends,,0,1,0,,not_enriched,unreviewed
9593,Sd6adb9bde1,Blues Traveler,Brother John,,0,1,0,,not_enriched,unreviewed
9594,Sd6b1f21b0b,Johnny Nash,Guava Jelly,,0,1,0,,not_enriched,unreviewed
9595,Sd6c8b064b2,Queen,Bijou,,0,1,0,,not_enriched,unreviewed
9596,Sd6cb27d760,Spin Doctors,What Time Is It?,,0,1,0,,not_enriched,unreviewed
9597,Sd6d2fd5093,The Rembrandts,"Just the Way It Is, Baby",,0,1,0,,not_enriched,unreviewed
9598,Sd6d959fda8,Glenn Frey,All Those Lies,,0,1,0,,not_enriched,unreviewed
9599,Sd6db7229a1,Tom Petty and the Heartbreakers,We Stand a Chance,,0,1,0,,not_enriched,unreviewed
9600,Sd6e7fb05a8,Tommy Tutone,Shadow on the Road Ahead,,0,1,0,,not_enriched,unreviewed
9601,Sd6ea0df1f7,Paula Abdul,Next to You,,0,1,0,,not_enriched,unreviewed
9602,Sd6f4b9202f,Harry Chapin,I Wonder What Would Happen to This World,,0,1,0,,not_enriched,unreviewed
9603,Sd6fc8d04d9,Timbuk 3,Hairstyles and Attitudes,,0,1,0,,not_enriched,unreviewed
9604,Sd6ffeee80e,Daryl Hall + John Oates,Go Solo,,0,1,0,,not_enriched,unreviewed
9605,Sd70601f084,Trixter,Give It to Me Good,,0,1,0,,not_enriched,unreviewed
9606,Sd70fec3da9,The Cranberries,I Will Always,,0,1,0,,not_enriched,unreviewed
9607,Sd717057d17,The Caroleers,The Night Before Christmas,,0,1,0,,not_enriched,unreviewed
9608,Sd71f7e0777,The Robert Cray Band,More Than I Can Stand,,0,1,0,,not_enriched,unreviewed
9609,Sd7232a0493,Greg Kihn,Secret Meetings,,0,1,0,,not_enriched,unreviewed
9610,Sd72c41ec2a,Triumph,What Rules My Heart,,0,1,0,,not_enriched,unreviewed
9611,Sd733be961a,Rod Stewart,Dirty Weekend,,0,1,0,,not_enriched,unreviewed
9612,Sd7495d208c,Billy Joel,Worse Comes to Worst,,0,1,0,,not_enriched,unreviewed
9613,Sd75ca276bc,Dennis DeYoung,Don't Wait For Heroes,,0,1,0,,not_enriched,unreviewed
9614,Sd75d5d587d,The Four Seasons,Oh What a Night (December 1963),,0,1,0,,not_enriched,unreviewed
9615,Sd76f0f86b4,Giuffria,Line of Fire,,0,1,0,,not_enriched,unreviewed
9616,Sd772326731,Stevie Nicks,The Highwayman,,0,1,0,,not_enriched,unreviewed
9617,Sd77c2e4b5a,Linda Ronstadt,Cost of Love,,0,1,0,,not_enriched,unreviewed
9618,Sd77e3dcbb3,Neil Young,Big Green Country,,0,1,0,,not_enriched,unreviewed
9619,Sd77f6fdd9e,Marcy Playground,A Cloak of Elvenkind,,0,1,0,,not_enriched,unreviewed
9620,Sd7877405f7,Phil Collins,Do You Remember?,,0,1,0,,not_enriched,unreviewed
9621,Sd787e50dec,Ugly Kid Joe,Panhandlin’ Prince,,0,1,0,,not_enriched,unreviewed
9622,Sd78b46daae,EMF,I Believe,,0,1,0,,not_enriched,unreviewed
9623,Sd79cad7c7b,"Crosby, Stills & Nash",Southern Cross,,0,1,0,,not_enriched,unreviewed
9624,Sd79dff6129,Rita Coolidge,I Don't Want to Talk About It,,0,1,0,,not_enriched,unreviewed
9625,Sd7a209f741,Icehouse,Someone Like You,,0,1,0,,not_enriched,unreviewed
9626,Sd7ade403fd,Jewel,Don’t,,0,1,0,,not_enriched,unreviewed
9627,Sd7b94816a6,SCANDAL,DOLL,,0,1,0,,not_enriched,unreviewed
9628,Sd7c06d58ec,The Knack,Siamese Twins (The Monkey and Me),,0,1,0,,not_enriched,unreviewed
9629,Sd7fc1b83b6,Queen,The Hitman,,0,1,0,,not_enriched,unreviewed
9630,Sd800d10446,Bob Welch,Lose My Heart,,0,1,0,,not_enriched,unreviewed
9631,Sd80e896de1,Beck,Nitemare Hippy Girl,,0,1,0,,not_enriched,unreviewed
9632,Sd814d0689a,Neil Diamond,Desiree,,0,1,0,,not_enriched,unreviewed
9633,Sd8195bd58d,Danny Wilde,Criminal Mind,,0,1,0,,not_enriched,unreviewed
9634,Sd82368bce1,Men at Work,Underground,,0,1,0,,not_enriched,unreviewed
9635,Sd83200afab,Tubes,Sushi Girl,,0,1,0,,not_enriched,unreviewed
9636,Sd8333089be,Eddie Money,Think I’m in Love,,0,1,0,,not_enriched,unreviewed
9637,Sd837633de2,Britny Fox,Angel in My Heart,,0,1,0,,not_enriched,unreviewed
9638,Sd84abf8aad,Jon Bon Jovi,Please Come Home for Christmas,,0,1,0,,not_enriched,unreviewed
9639,Sd84e239972,Cinderella,Make Your Own Way,,0,1,0,,not_enriched,unreviewed
9640,Sd852950c4d,Stevie Nicks,Has Anyone Ever Written Anything for You?,,0,1,0,,not_enriched,unreviewed
9641,Sd85661d8ff,Julian Lennon,Valotte,,0,1,0,,not_enriched,unreviewed
9642,Sd866a58886,Jeff Beck,Gets Us All in the End,,0,1,0,,not_enriched,unreviewed
9643,Sd869a5bb0e,Elton John,I’m Still Standing,,0,1,0,,not_enriched,unreviewed
9644,Sd873d2da1f,Phil Collins,This Must Be Love,,0,1,0,,not_enriched,unreviewed
9645,Sd873dec901,Boris Karloff,Welcome Christmas,,0,1,0,,not_enriched,unreviewed
9646,Sd8793b6fe0,The Police,Darkness,,0,1,0,,not_enriched,unreviewed
9647,Sd8794c402a,Timbuk 3,I Need You,,0,1,0,,not_enriched,unreviewed
9648,Sd87d9e0a12,Metallica,Wherever I May Roam,,0,1,0,,not_enriched,unreviewed
9649,Sd881c71235,Free,Remember,,0,1,0,,not_enriched,unreviewed
9650,Sd8867ae440,Deep Purple,Child in Time,,0,1,0,,not_enriched,unreviewed
9651,Sd8868092bd,The Partridge Family,The Christmas Song,,0,1,0,,not_enriched,unreviewed
9652,Sd889d06aaa,Stray Cats,Runaway Boys,,0,1,0,,not_enriched,unreviewed
9653,Sd89953a417,Steely Dan,Don’t Take Me Alive,,0,1,0,,not_enriched,unreviewed
9654,Sd8a0d36fba,En Vogue,Free Your Mind,,0,1,0,,not_enriched,unreviewed
9655,Sd8a38b57b5,Pearl Jam,Around the Bend,,0,1,0,,not_enriched,unreviewed
9656,Sd8bcee89a8,Bob Seger & the Silver Bullet Band,Somewhere Tonight,,0,1,0,,not_enriched,unreviewed
9657,Sd8c28d0359,Great White,Rock Me,,0,1,0,,not_enriched,unreviewed
9658,Sd8c66523b6,Elton John,The Fox,,0,1,0,,not_enriched,unreviewed
9659,Sd8cd78c630,INXS,One x One,,0,1,0,,not_enriched,unreviewed
9660,Sd8d435582d,Burton Cummings,Nothing Rhymed,,0,1,0,,not_enriched,unreviewed
9661,Sd8d9f7469d,Paul McCartney,I’ve Just Seen a Face,,0,1,0,,not_enriched,unreviewed
9662,Sd8e3aedc76,Thin Lizzy,Running Back,,0,1,0,,not_enriched,unreviewed
9663,Sd8e41940e3,Johnny Nash,You Poured Sugar on Me,,0,1,0,,not_enriched,unreviewed
9664,Sd8ec57625c,Elton John,Heels of the Wind,,0,1,0,,not_enriched,unreviewed
9665,Sd8ee0c4eb2,Eric Johnson,Nothing Can Keep Me From You,,0,1,0,,not_enriched,unreviewed
9666,Sd8f571f67d,The Del Fuegos,Night on the Town,,0,1,0,,not_enriched,unreviewed
9667,Sd902b95585,Don Henley,Not Enough Love in the World,,0,1,0,,not_enriched,unreviewed
9668,Sd908bbce38,Quarterflash,Cruisin’ With the Deuce,,0,1,0,,not_enriched,unreviewed
9669,Sd914eccc83,Toto,Make Believe,,0,1,0,,not_enriched,unreviewed
9670,Sd919dcbee5,Night Ranger,Mother Mayhem,,0,1,0,,not_enriched,unreviewed
9671,Sd91e1af10d,Russ Ballard,On the Rebound,,0,1,0,,not_enriched,unreviewed
9672,Sd9201611fa,U2,Dirty Day,,0,1,0,,not_enriched,unreviewed
9673,Sd921bdb32b,Eddie Money,Can’t Keep a Good Man Down,,0,1,0,,not_enriched,unreviewed
9674,Sd921da61ea,The Georgia Satellites,Open All Night,,0,1,0,,not_enriched,unreviewed
9675,Sd922946e07,L.A. Guns,Rip and Tear,,0,1,0,,not_enriched,unreviewed
9676,Sd923e3e0ab,Elton John,This Song Has No Title,,0,1,0,,not_enriched,unreviewed
9677,Sd937c78665,Cat Stevens,Ready,,0,1,0,,not_enriched,unreviewed
9678,Sd93b281821,Yes,"Cans and Brahms (extracts from Brahms’ 4th Symphony in E minor, Third Movement)",,0,1,0,,not_enriched,unreviewed
9679,Sd9401f9888,Nirvana,Jesus Doesn’t Want Me for a Sunbeam,,0,1,0,,not_enriched,unreviewed
9680,Sd947c67d9b,En Vogue,My Lovin’ (You’re Never Gonna Get It),,0,1,0,,not_enriched,unreviewed
9681,Sd94b0c9c76,Van Halen,House of Pain,,0,1,0,,not_enriched,unreviewed
9682,Sd95288099c,Nilsson,1941,,0,1,0,,not_enriched,unreviewed
9683,Sd95aa9148b,Elton John,Tower of Babel,,0,1,0,,not_enriched,unreviewed
9684,Sd96d7d16d8,The Call,You Run,,0,1,0,,not_enriched,unreviewed
9685,Sd96fc8c587,George Harrison,Breath Away From Heaven,,0,1,0,,not_enriched,unreviewed
9686,Sd9804fe19f,Harry Chapin,Corey’s Coming,,0,1,0,,not_enriched,unreviewed
9687,Sd986fc9bf1,The Youngbloods,C.C. Rider,,0,1,0,,not_enriched,unreviewed
9688,Sd99139d7d4,Little River Band,"Middle, Man",,0,1,0,,not_enriched,unreviewed
9689,Sd99a439d6c,Jim Croce,New York’s Not My Home,,0,1,0,,not_enriched,unreviewed
9690,Sd9a49ed6f4,Split Enz,What's the Matter With You,,0,1,0,,not_enriched,unreviewed
9691,Sd9b04be936,Janet Jackson,Rhythm Nation,,0,1,0,,not_enriched,unreviewed
9692,Sd9b191d822,Danny Spanos,Anita,,0,1,0,,not_enriched,unreviewed
9693,Sd9b6aa98e3,Paul McCartney & Wings,Wino Junko,,0,1,0,,not_enriched,unreviewed
9694,Sd9bc7b068e,Bob Seger & the Silver Bullet Band,Bo Diddley,,0,1,0,,not_enriched,unreviewed
9695,Sd9c96c35f3,John Parr,Revenge,,0,1,0,,not_enriched,unreviewed
9696,Sd9d2f8bd35,Elvis Presley,Know Only to Him,,0,1,0,,not_enriched,unreviewed
9697,Sd9d33a239c,George Carlin,Ed Sullivan Self Taught,,0,1,0,,not_enriched,unreviewed
9698,Sd9d38a69a8,Arc Angel,Used to Think I’d Never Fall in Love,,0,1,0,,not_enriched,unreviewed
9699,Sd9d39d48c6,Fleetwood Mac,Behind the Mask,,0,1,0,,not_enriched,unreviewed
9700,Sd9d3e2ff1e,Sponge,Plowed,,0,1,0,,not_enriched,unreviewed
9701,Sd9d6289261,Sammy Hagar,VOA,,0,1,0,,not_enriched,unreviewed
9702,Sd9e662281e,Rossington Collins Band,Pine Box,,0,1,0,,not_enriched,unreviewed
9703,Sd9f2237d79,Commodores,Too Hot Ta Trot,,0,1,0,,not_enriched,unreviewed
9704,Sd9f3686e13,Carly Simon,Three Days,,0,1,0,,not_enriched,unreviewed
9705,Sd9f52a6146,Bad Company,Here Comes Trouble,,0,1,0,,not_enriched,unreviewed
9706,Sda092c9a31,Stone Temple Pilots,Wet My Bed,,0,1,0,,not_enriched,unreviewed
9707,Sda09c7375a,Electric Light Orchestra,Poker,,0,1,0,,not_enriched,unreviewed
9708,Sda0b7ceb5b,The Beach Boys,I'd Love Just Once to See You,,0,1,0,,not_enriched,unreviewed
9709,Sda1b5884b9,The Beach Boys,Heroes and Villains,,0,1,0,,not_enriched,unreviewed
9710,Sda1f84bc30,The Alan Parsons Project,Beaujolais,,0,1,0,,not_enriched,unreviewed
9711,Sda223d29ab,Cinderella,Love Gone Bad,,0,1,0,,not_enriched,unreviewed
9712,Sda2588cab1,Stevie Ray Vaughan & Double Trouble,So Excited,,0,1,0,,not_enriched,unreviewed
9713,Sda2d084223,Mike & The Mechanics,You Are the One,,0,1,0,,not_enriched,unreviewed
9714,Sda33e883c4,Paul McCartney,Sweetest Little Show,,0,1,0,,not_enriched,unreviewed
9715,Sda38e369a1,Eurythmics,Love Is a Stranger,,0,1,0,,not_enriched,unreviewed
9716,Sda44715e4f,Warrant,Love in Stereo,,0,1,0,,not_enriched,unreviewed
9717,Sda453acef4,Sniff ’n’ the Tears,Slide Away,,0,1,0,,not_enriched,unreviewed
9718,Sda45a2cca4,Eric Clapton,Run,,0,1,0,,not_enriched,unreviewed
9719,Sda45a6284d,Patti Smith Group,God Speed,,0,1,0,,not_enriched,unreviewed
9720,Sda491359bd,Bandit,Visions Of You,,0,1,0,,not_enriched,unreviewed
9721,Sda5450032c,Blind Melon,No Rain,,0,1,0,,not_enriched,unreviewed
9722,Sda7050e1aa,Bob Seger & the Silver Bullet Band,Tightrope,,0,1,0,,not_enriched,unreviewed
9723,Sda72ed96ba,Neil Young,Love and Only Love,,0,1,0,,not_enriched,unreviewed
9724,Sda8238017a,John Cougar Mellencamp,J.M.'s Question,,0,1,0,,not_enriched,unreviewed
9725,Sda8ae8976a,Blue Öyster Cult,Godzilla,,0,1,0,,not_enriched,unreviewed
9726,Sda90ae5e8f,Pearl Jam,Smile,,0,1,0,,not_enriched,unreviewed
9727,Sda95f6bdee,The Motels,Into the Heartland,,0,1,0,,not_enriched,unreviewed
9728,Sda99a082a4,Eagles,The Sad Café,,0,1,0,,not_enriched,unreviewed
9729,Sdaac9a5d5b,Huey Lewis & the News,Forest for the Trees,,0,1,0,,not_enriched,unreviewed
9730,Sdab0dc03d7,Asia,One Step Closer,,0,1,0,,not_enriched,unreviewed
9731,Sdab3697385,Van Halen,Source of Infection,,0,1,0,,not_enriched,unreviewed
9732,Sdab55aaa03,The Fixx,I Will,,0,1,0,,not_enriched,unreviewed
9733,Sdab6c23473,Michael Bolton,White Christmas,,0,1,0,,not_enriched,unreviewed
9734,Sdab8ff6088,Carpenters,Home for the Holidays,,0,1,0,,not_enriched,unreviewed
9735,Sdac4658879,Heart,Kick It Out,,0,1,0,,not_enriched,unreviewed
9736,Sdad7b98110,The Who,The Relay,,0,1,0,,not_enriched,unreviewed
9737,Sdae03aaca0,Eddie Money,Keep My Motor Runnin’,,0,1,0,,not_enriched,unreviewed
9738,Sdae9eb936d,Poison,Something to Believe In,,0,1,0,,not_enriched,unreviewed
9739,Sdaea36fcc4,Loverboy,Little Girl,,0,1,0,,not_enriched,unreviewed
9740,Sdaec4a72f8,Little River Band,The Rumor,,0,1,0,,not_enriched,unreviewed
9741,Sdaefb779b8,The Alan Parsons Project,Too Late,,0,1,0,,not_enriched,unreviewed
9742,Sdaf3db1431,Animotion,Everything’s Leading to You,,0,1,0,,not_enriched,unreviewed
9743,Sdaf4aaa6e3,Living Colour,Cult of Personality,,0,1,0,,not_enriched,unreviewed
9744,Sdaf4ee8319,Bob Seger & the Silver Bullet Band,U.M.C.,,0,1,0,,not_enriched,unreviewed
9745,Sdaf523155c,Sweet,No You Don’t,,0,1,0,,not_enriched,unreviewed
9746,Sdb1126a809,Blues Traveler,Run‐Around,,0,1,0,,not_enriched,unreviewed
9747,Sdb1b972017,"Crosby, Stills, Nash & Young",Name of Love,,0,1,0,,not_enriched,unreviewed
9748,Sdb272e3e42,Cliff Richard,If You Walked Away,,0,1,0,,not_enriched,unreviewed
9749,Sdb29e18636,Neil Young,No More,,0,1,0,,not_enriched,unreviewed
9750,Sdb2c963199,Peter Ilich Tchaikovsky,"The Nutcracker Suite, op. 71a: Dance of the Sugar Plum Fairy",,0,1,0,,not_enriched,unreviewed
9751,Sdb38129b87,England Dan & John Ford Coley,It’s Not the Same,,0,1,0,,not_enriched,unreviewed
9752,Sdb4ef10714,Michael Bolton,Carrie,,0,1,0,,not_enriched,unreviewed
9753,Sdb64195a02,The Notting Hillbillies,Blues Stay Away From Me,,0,1,0,,not_enriched,unreviewed
9754,Sdb74ec77f4,Paul McCartney & Wings,Beware My Love (Complete instrumental Acetate),,0,1,0,,not_enriched,unreviewed
9755,Sdb77aacca0,The Rolling Stones,Had It With You,,0,1,0,,not_enriched,unreviewed
9756,Sdb7c725ee9,Steely Dan,The Boston Rag,,0,1,0,,not_enriched,unreviewed
9757,Sdb7e3350e8,Jefferson Starship,St. Charles,,0,1,0,,not_enriched,unreviewed
9758,Sdb90681183,Carpenters,For All We Know,,0,1,0,,not_enriched,unreviewed
9759,Sdb972a8976,Franke & the Knockouts,Any Way That You Want Me,,0,1,0,,not_enriched,unreviewed
9760,Sdb9a9daafc,Jefferson Starship,With Your Love,,0,1,0,,not_enriched,unreviewed
9761,Sdb9b14eabc,Saga,No Stranger (Chapter VIII),,0,1,0,,not_enriched,unreviewed
9762,Sdba20a79a6,Paul McCartney & Wings,She’s My Baby (take 1),,0,1,0,,not_enriched,unreviewed
9763,Sdba288ad49,Elton John,Indian Sunset,,0,1,0,,not_enriched,unreviewed
9764,Sdbaf7aa5da,Tower of Fire,The Supposition of Enigmania,,0,1,0,,not_enriched,unreviewed
9765,Sdbb099f50a,The Robert Cray Band,New Blood,,0,1,0,,not_enriched,unreviewed
9766,Sdbb8ddfd37,Pearl Jam,Rearviewmirror,,0,1,0,,not_enriched,unreviewed
9767,Sdbbc78f919,Linda Ronstadt,Many Rivers to Cross,,0,1,0,,not_enriched,unreviewed
9768,Sdbc6e3d4e3,Chris Rea,Just One of Those Days,,0,1,0,,not_enriched,unreviewed
9769,Sdbcd45b42f,Kansas,Reason to Be,,0,1,0,,not_enriched,unreviewed
9770,Sdbd0d5bcff,The Robert Cray Band,Your Secret’s Safe With Me,,0,1,0,,not_enriched,unreviewed
9771,Sdbd65930e0,Enya,Marble Halls,,0,1,0,,not_enriched,unreviewed
9772,Sdbdc53a392,Bryan Adams,The Best Was Yet to Come,,0,1,0,,not_enriched,unreviewed
9773,Sdbdfa8b85b,Paul McCartney,We Can Work It Out,,0,1,0,,not_enriched,unreviewed
9774,Sdbe2615dc7,The Beach Boys,God Only Knows,,0,1,0,,not_enriched,unreviewed
9775,Sdbf80addba,The Wallflowers,6th Avenue Heartache,,0,1,0,,not_enriched,unreviewed
9776,Sdbfe8f50b7,Pink Floyd,Fearless,,0,1,0,,not_enriched,unreviewed
9777,Sdc0600339b,Arc Angel,Stars,,0,1,0,,not_enriched,unreviewed
9778,Sdc09c342a8,Rick Springfield,Hole in My Heart,,0,1,0,,not_enriched,unreviewed
9779,Sdc0eeb429f,Foreigner,That Was Yesterday,,0,1,0,,not_enriched,unreviewed
9780,Sdc13d045d2,Eric Johnson,Righteous,,0,1,0,,not_enriched,unreviewed
9781,Sdc13d77243,Yes,Miracle of Life,,0,1,0,,not_enriched,unreviewed
9782,Sdc14f5defa,Tommy James & the Shondells,Mirage,,0,1,0,,not_enriched,unreviewed
9783,Sdc21c8b33e,Daryl Hall & John Oates,Going Thru the Motions,,0,1,0,,not_enriched,unreviewed
9784,Sdc33e77800,Tom Petty and the Heartbreakers,A Wasted Life,,0,1,0,,not_enriched,unreviewed
9785,Sdc340234ec,Gibson Brothers,Mariana,,0,1,0,,not_enriched,unreviewed
9786,Sdc358d0317,Igor Stravinsky,Rite of Spring,,0,1,0,,not_enriched,unreviewed
9787,Sdc3f3132cb,Queen,Lazing on a Sunday Afternoon,,0,1,0,,not_enriched,unreviewed
9788,Sdc4cb3064b,Icehouse,Nothing Too Serious,,0,1,0,,not_enriched,unreviewed
9789,Sdc4fcf50f8,Sherbs,No Turning Back,,0,1,0,,not_enriched,unreviewed
9790,Sdc59616496,Icehouse,Sunrise,,0,1,0,,not_enriched,unreviewed
9791,Sdc5dc16561,Journey,Too Late,,0,1,0,,not_enriched,unreviewed
9792,Sdc66108115,Jim Morrison,Dawn’s Highway / Newborn Awakening,,0,1,0,,not_enriched,unreviewed
9793,Sdc67607e02,April Wine,I Like to Rock,,0,1,0,,not_enriched,unreviewed
9794,Sdc68ebf1a7,Chris Isaak,I Want Your Love,,0,1,0,,not_enriched,unreviewed
9795,Sdc6e89aca8,Carpenters,I Just Fall in Love Again,,0,1,0,,not_enriched,unreviewed
9796,Sdc71930e8d,Anderson Bruford Wakeman Howe,Time and a Word / Owner of a Lonely Heart / Teakbois,,0,1,0,,not_enriched,unreviewed
9797,Sdc7ec6399d,Splinter,Gravy Train,,0,1,0,,not_enriched,unreviewed
9798,Sdc80ff3d49,Asia,Summer (Can’t Last Too Long),,0,1,0,,not_enriched,unreviewed
9799,Sdc86e8ba12,Starship,Before I Go,,0,1,0,,not_enriched,unreviewed
9800,Sdc8826f3ab,Patty Smyth,Heartache Heard Round the World,,0,1,0,,not_enriched,unreviewed
9801,Sdc8ed188fc,April Wine,Caught in the Crossfire,,0,1,0,,not_enriched,unreviewed
9802,Sdc90d7b39d,John Waite,Wild One,,0,1,0,,not_enriched,unreviewed
9803,Sdc93abd424,Linda Ronstadt,Girls Talk,,0,1,0,,not_enriched,unreviewed
9804,Sdc9a7b49c8,David Baerwald,Young Anymore,,0,1,0,,not_enriched,unreviewed
9805,Sdcac92f8fb,Paula Cole,Road to Dead,,0,1,0,,not_enriched,unreviewed
9806,Sdcd0345d8b,AC/DC,Hells Bells,,0,1,0,,not_enriched,unreviewed
9807,Sdce4303fe2,Tracy Chapman,Talkin’ Bout a Revolution,,0,1,0,,not_enriched,unreviewed
9808,Sdcec5ba8b1,REO Speedwagon,One Lonely Night,,0,1,0,,not_enriched,unreviewed
9809,Sdcf145ab15,4 Non Blondes,Old Mr. Heffer,,0,1,0,,not_enriched,unreviewed
9810,Sdcf210e649,Rita Coolidge,Words,,0,1,0,,not_enriched,unreviewed
9811,Sdcf3ff12ad,Robert Plant,S S S & Q,,0,1,0,,not_enriched,unreviewed
9812,Sdcf6f6d64d,Meat Loaf,Heaven Can Wait,,0,1,0,,not_enriched,unreviewed
9813,Sdcfdf28fa3,Harry Chapin,Performing,,0,1,0,,not_enriched,unreviewed
9814,Sdd055f741d,Shania Twain,I’m Holdin’ on to Love (to Save My Life),,0,1,0,,not_enriched,unreviewed
9815,Sdd05cb4b05,Porno for Pyros,Bad Shit,,0,1,0,,not_enriched,unreviewed
9816,Sdd0c23590d,Firefall,Sold on You,,0,1,0,,not_enriched,unreviewed
9817,Sdd0c4a64a6,Neil Young,On Broadway,,0,1,0,,not_enriched,unreviewed
9818,Sdd0f290b2e,Bachman–Turner Overdrive,Give It Time,,0,1,0,,not_enriched,unreviewed
9819,Sdd225a7e48,Don Henley,How Bad Do You Want It?,,0,1,0,,not_enriched,unreviewed
9820,Sdd28797db5,Iron Butterfly,Termination,,0,1,0,,not_enriched,unreviewed
9821,Sdd2df2d9ce,Yes,Wonderous Stories,,0,1,0,,not_enriched,unreviewed
9822,Sdd33146f6c,Free,Oh I Wept,,0,1,0,,not_enriched,unreviewed
9823,Sdd3bb99708,Queen,’39,,0,1,0,,not_enriched,unreviewed
9824,Sdd3d517aad,Toto,Good for You,,0,1,0,,not_enriched,unreviewed
9825,Sdd3d7ea0ed,Danger Danger,Live It Up,,0,1,0,,not_enriched,unreviewed
9826,Sdd447f96b6,Delaney and Bonnie,Comin’ Home,,0,1,0,,not_enriched,unreviewed
9827,Sdd461a01b1,The Alan Parsons Project,Hyper-Gamma-Spaces,,0,1,0,,not_enriched,unreviewed
9828,Sdd50254ddd,Garth Brooks,Somewhere Other Than the Night,,0,1,0,,not_enriched,unreviewed
9829,Sdd5cdc36b2,Kansas,Angels Have Fallen,,0,1,0,,not_enriched,unreviewed
9830,Sdd5d6ec47f,Michael Monroe,Man With No Eyes,,0,1,0,,not_enriched,unreviewed
9831,Sdd6cc265c1,Damn Yankees,Damn Yankees,,0,1,0,,not_enriched,unreviewed
9832,Sdd6f29d5db,Billy Joel,If I Only Had the Words (to Tell You),,0,1,0,,not_enriched,unreviewed
9833,Sdd71e6bfe1,Michael Jackson,Human Nature,,0,1,0,,not_enriched,unreviewed
9834,Sdd7973d116,Meat Loaf,You Took the Words Right Out of My Mouth (Hot Summer Night) (Conclusion),,0,1,0,,not_enriched,unreviewed
9835,Sdd7cd15cfb,Icehouse,Uniform,,0,1,0,,not_enriched,unreviewed
9836,Sdd7dc9467c,Stevie Nicks,Blue Lamp (from “Heavy Metal”),,0,1,0,,not_enriched,unreviewed
9837,Sdd7f171e3d,Neil Young,Tell Me Why,,0,1,0,,not_enriched,unreviewed
9838,Sdd7fd2d117,The Police,Synchronicity II,,0,1,0,,not_enriched,unreviewed
9839,Sdd99b773b6,Elton John,Shooting Star,,0,1,0,,not_enriched,unreviewed
9840,Sdd9abc3ac7,Lou Reed,Dreamin’ (Escape),,0,1,0,,not_enriched,unreviewed
9841,Sdd9d03455f,Journey,Who's Crying Now,,0,1,0,,not_enriched,unreviewed
9842,Sdda2286991,Pete Bardens,Seen One Earth,,0,1,0,,not_enriched,unreviewed
9843,Sdda97aa9f5,John Stewart,Runaway Fool of Love,,0,1,0,,not_enriched,unreviewed
9844,Sddaf3add86,Christopher Cross,I Really Don’t Know Anymore,,0,1,0,,not_enriched,unreviewed
9845,Sddb1e8fa46,Nils Lofgren,Walkin’ Nerve,,0,1,0,,not_enriched,unreviewed
9846,Sddbf78ca19,Barry Manilow,I Want to Be Somebody’s Baby,,0,1,0,,not_enriched,unreviewed
9847,Sddd4981bb2,Sammy Hagar,Rise of the Animal,,0,1,0,,not_enriched,unreviewed
9848,Sddda5f23c3,Ozzy Osbourne,Purple Haze,,0,1,0,,not_enriched,unreviewed
9849,Sdddcae44e0,Gun,Girls in Love,,0,1,0,,not_enriched,unreviewed
9850,Sddde54e203,Fleetwood Mac,Wish You Were Here,,0,1,0,,not_enriched,unreviewed
9851,Sdde1271d55,Kansas,The Spider,,0,1,0,,not_enriched,unreviewed
9852,Sdde3514a3b,Seal,Killer,,0,1,0,,not_enriched,unreviewed
9853,Sdde57b46a7,Bryan Adams,The Only One,,0,1,0,,not_enriched,unreviewed
9854,Sdde822c80c,Red Hot Chili Peppers,The Power of Equality,,0,1,0,,not_enriched,unreviewed
9855,Sddebe39f31,Eric Clapton,Motherless Children,,0,1,0,,not_enriched,unreviewed
9856,Sde018438ea,"Crosby, Stills, Nash & Young",Heartland,,0,1,0,,not_enriched,unreviewed
9857,Sde05c61e35,Missing Persons,Words,,0,1,0,,not_enriched,unreviewed
9858,Sde098011ab,Alias,True Emotion,,0,1,0,,not_enriched,unreviewed
9859,Sde09f47cd9,Aerosmith,Remember (Walking in the Sand),,0,1,0,,not_enriched,unreviewed
9860,Sde0ae1d127,Keith Sykes,Volcano,,0,1,0,,not_enriched,unreviewed
9861,Sde1ffe2b7e,"Blood, Sweat & Tears",Lucretia Mac Evil,,0,1,0,,not_enriched,unreviewed
9862,Sde314c51e9,Timbuk 3,Cheap Black and White,,0,1,0,,not_enriched,unreviewed
9863,Sde34d8ca27,Blues Traveler,Stand,,0,1,0,,not_enriched,unreviewed
9864,Sde45efc6a0,The Outfield,One Night in Heaven,,0,1,0,,not_enriched,unreviewed
9865,Sde4fd236b9,Kansas,Portrait (He Knew),,0,1,0,,not_enriched,unreviewed
9866,Sde52b36107,Nils Lofgren,Empty Heart,,0,1,0,,not_enriched,unreviewed
9867,Sde609d457c,Asia,The Smile Has Left Your Eyes,,0,1,0,,not_enriched,unreviewed
9868,Sde66b7be26,Smash Mouth,Walkin’ on the Sun,,0,1,0,,not_enriched,unreviewed
9869,Sde6c9c5467,Eric Clapton,Hold On,,0,1,0,,not_enriched,unreviewed
9870,Sde6d019b32,Paul McCartney,Figure of Eight,,0,1,0,,not_enriched,unreviewed
9871,Sde70e12c03,Linda Ronstadt,Party Girl,,0,1,0,,not_enriched,unreviewed
9872,Sde778519b6,Steve Miller Band,Harmony of the Spheres 2,,0,1,0,,not_enriched,unreviewed
9873,Sde7a90e59b,Rod Stewart,Try a Little Tenderness,,0,1,0,,not_enriched,unreviewed
9874,Sde8015bff8,John Waite,Euroshima,,0,1,0,,not_enriched,unreviewed
9875,Sde846124d9,Tom Petty and the Heartbreakers,All the Wrong Reasons,,0,1,0,,not_enriched,unreviewed
9876,Sde8464843f,Duran Duran,New Moon on Monday,,0,1,0,,not_enriched,unreviewed
9877,Sde85dcb558,Bad Company,Electric Land,,0,1,0,,not_enriched,unreviewed
9878,Sde89072233,Bob Seger & the Silver Bullet Band,Even Now,,0,1,0,,not_enriched,unreviewed
9879,Sde89b6caba,David Baerwald,All For You,,0,1,0,,not_enriched,unreviewed
9880,Sde8c992c81,Toad the Wet Sprocket,I Will Not Take These Things for Granted,,0,1,0,,not_enriched,unreviewed
9881,Sde9488ee93,Crosby & Nash,Where Will I Be?,,0,1,0,,not_enriched,unreviewed
9882,Sdea0ff4590,Janet Jackson,Someday Is Tonight,,0,1,0,,not_enriched,unreviewed
9883,Sdea5de0deb,Janet Jackson,Miss You Much,,0,1,0,,not_enriched,unreviewed
9884,Sdeb477cb3c,The Cranberries,Twenty One,,0,1,0,,not_enriched,unreviewed
9885,Sdec1e0b83e,Peter Ilich Tchaikovsky,"The Nutcracker Suite, op. 71a: Waltz of the Flowers",,0,1,0,,not_enriched,unreviewed
9886,Sdec1fcdb43,Bruce Springsteen,Sherry Darling,,0,1,0,,not_enriched,unreviewed
9887,Sdec4ab11e3,Icehouse,Icehouse,,0,1,0,,not_enriched,unreviewed
9888,Sdeca78fa4f,Rolling Stones,Almost Hear You Sigh,,0,1,0,,not_enriched,unreviewed
9889,Sdeda886057,Jefferson Starship,Big City,,0,1,0,,not_enriched,unreviewed
9890,Sdee78113ba,Fleetwood Mac,Think About Me,,0,1,0,,not_enriched,unreviewed
9891,Sdeeaaeb61f,Genesis,Guide Vocal,,0,1,0,,not_enriched,unreviewed
9892,Sdeeb7c5a1e,Carpenters,Winter Wonderland / Silver Bells / White Christmas,,0,1,0,,not_enriched,unreviewed
9893,Sdeebe1ffc9,Poison,Stay Alive,,0,1,0,,not_enriched,unreviewed
9894,Sdef08ed0f7,Triumph,Play With the Fire,,0,1,0,,not_enriched,unreviewed
9895,Sdef8cf934d,Stephen Stills,Grey to Green,,0,1,0,,not_enriched,unreviewed
9896,Sdefc5b4c73,David Bowie,“Heroes”,,0,1,0,,not_enriched,unreviewed
9897,Sdf096e8f2b,Men at Work,Dr. Heckyll & Mr. Jive,,0,1,0,,not_enriched,unreviewed
9898,Sdf0c54fb87,Jesus Jones,Two and Two,,0,1,0,,not_enriched,unreviewed
9899,Sdf1ccc52b5,Helix,Deep Cuts The Knife,,0,1,0,,not_enriched,unreviewed
9900,Sdf1d7b470f,Crosby & Nash,Girl to Be on My Mind,,0,1,0,,not_enriched,unreviewed
9901,Sdf20aa3629,Whitesnake,Slow an’ Easy,,0,1,0,,not_enriched,unreviewed
9902,Sdf2356de79,Fleetwood Mac,That's All for Everyone,,0,1,0,,not_enriched,unreviewed
9903,Sdf29f9e259,"Peter, Paul & Mary","O Come, O Come Emmanuel",,0,1,0,,not_enriched,unreviewed
9904,Sdf2b63706d,U2,Drowning Man,,0,1,0,,not_enriched,unreviewed
9905,Sdf2c4960df,Badfinger,Day After Day,,0,1,0,,not_enriched,unreviewed
9906,Sdf3c3b068c,Bryan Adams,Another Day,,0,1,0,,not_enriched,unreviewed
9907,Sdf3f164ecc,John Tesh,O Holy Night,,0,1,0,,not_enriched,unreviewed
9908,Sdf41560698,Journey,Do You Recall,,0,1,0,,not_enriched,unreviewed
9909,Sdf4b29a501,Blue Rose,Careless Love,,0,1,0,,not_enriched,unreviewed
9910,Sdf5218f672,The Motels,So L.A.,,0,1,0,,not_enriched,unreviewed
9911,Sdf5940da98,Glenn Frey,River of Dreams,,0,1,0,,not_enriched,unreviewed
9912,Sdf6051a066,Beck,Truckdrivin Neighbors Downstairs (Yellow Sweat),,0,1,0,,not_enriched,unreviewed
9913,Sdf749c74fc,Argent,"It's Only Money, Part 1",,0,1,0,,not_enriched,unreviewed
9914,Sdf74aba537,Alice in Chains,Sickman,,0,1,0,,not_enriched,unreviewed
9915,Sdf9188a7de,Michael Jackson,Billie Jean,,0,1,0,,not_enriched,unreviewed
9916,Sdf9b435d55,Steve Miller Band,Behind the Barn,,0,1,0,,not_enriched,unreviewed
9917,Sdfad803aaa,The Pretenders,Up the Neck,,0,1,0,,not_enriched,unreviewed
9918,Sdfadbad913,Chicago,Here Is Where We Begin,,0,1,0,,not_enriched,unreviewed
9919,Sdfb5260a80,Fighter X,Initiate,,0,1,0,,not_enriched,unreviewed
9920,Sdfd7dbb9f1,The Beatles,Ask Me Why,,0,1,0,,not_enriched,unreviewed
9921,Sdfd9f7b066,Badfinger,Money,,0,1,0,,not_enriched,unreviewed
9922,Sdfe15824ed,The Alan Parsons Project,In the Lap of the Gods,,0,1,0,,not_enriched,unreviewed
9923,Sdfe9d67fc5,Pearl Jam,Blood,,0,1,0,,not_enriched,unreviewed
9924,Sdfee1f704e,Grateful Dead,Just a Little Light,,0,1,0,,not_enriched,unreviewed
9925,Sdffa28c445,The Rolling Stones,Down in the Hole,,0,1,0,,not_enriched,unreviewed
9926,Sdffb3d246a,Jim Morrison,To Come of Age,,0,1,0,,not_enriched,unreviewed
9927,Sdffc90a565,Jackson Browne,The Load-Out,,0,1,0,,not_enriched,unreviewed
9928,Se006c08611,"Peter, Paul & Mary",Children Go Where I Send Thee,,0,1,0,,not_enriched,unreviewed
9929,Se00f485945,Triumph,Say Goodbye,,0,1,0,,not_enriched,unreviewed
9930,Se023364c38,Pure Moods,Elisa Lam,,0,1,0,,not_enriched,unreviewed
9931,Se026dab112,Joan Jett & the Blackhearts,Love Is Pain,,0,1,0,,not_enriched,unreviewed
9932,Se03962288f,Kozmic Blues Band,Try (Just a Little Bit Harder),,0,1,0,,not_enriched,unreviewed
9933,Se041d183cf,Rush,Freewill,,0,1,0,,not_enriched,unreviewed
9934,Se044790248,Sneaker,Millionaire,,0,1,0,,not_enriched,unreviewed
9935,Se04b3c690d,Sponge,Cowboy Eyes / Candy Corn,,0,1,0,,not_enriched,unreviewed
9936,Se05125d815,"Blood, Sweat & Tears",I Can’t Quit Her,,0,1,0,,not_enriched,unreviewed
9937,Se0549fe240,John Lennon,Beautiful Boy (Darling Boy),,0,1,0,,not_enriched,unreviewed
9938,Se05a39ea62,Crosby & Nash,Strangers Room,,0,1,0,,not_enriched,unreviewed
9939,Se05c07a330,Splinter,Drink All Day (Got to Find Your Own Way Home),,0,1,0,,not_enriched,unreviewed
9940,Se0651b48b9,38-Special,Turn It On,,0,1,0,,not_enriched,unreviewed
9941,Se06661c4cb,Collective Soul,Generate,,0,1,0,,not_enriched,unreviewed
9942,Se067aff910,The Fixx,Question,,0,1,0,,not_enriched,unreviewed
9943,Se06f0587eb,Fleetwood Mac,Don’t Let Me Down Again,,0,1,0,,not_enriched,unreviewed
9944,Se07171ca41,Peter Frampton,Rocky’s Hot Club,,0,1,0,,not_enriched,unreviewed
9945,Se076508d93,Bad English,Heaven Is a 4 Letter Word,,0,1,0,,not_enriched,unreviewed
9946,Se08d4ab1b1,Seals & Crofts,Wisdom,,0,1,0,,not_enriched,unreviewed
9947,Se0b4bd8fb0,Don Henley,The End of the Innocence,,0,1,0,,not_enriched,unreviewed
9948,Se0b688c62b,38-Special,Take Me Through the Night (Part 1),,0,1,0,,not_enriched,unreviewed
9949,Se0b98972ae,Janet Jackson,Alright,,0,1,0,,not_enriched,unreviewed
9950,Se0c0079be8,Elton John,We All Fall in Love Sometimes,,0,1,0,,not_enriched,unreviewed
9951,Se0cb39a926,Elton John,Goodbye Yellow Brick Road,,0,1,0,,not_enriched,unreviewed
9952,Se0e6c9d1a5,38 Special,Take ’Em Out,,0,1,0,,not_enriched,unreviewed
9953,Se0f8b75e54,Lou Reed,No Chance (Regret),,0,1,0,,not_enriched,unreviewed
9954,Se0f92225b4,Seals & Crofts,Nine Houses,,0,1,0,,not_enriched,unreviewed
9955,Se0ff2c73f2,Sammy Hagar,Sweet Hitchhiker,,0,1,0,,not_enriched,unreviewed
9956,Se107066583,James Gang,Funk #48,,0,1,0,,not_enriched,unreviewed
9957,Se1101e440c,Genesis,In the Cage: Cinema Show / Slippermen,,0,1,0,,not_enriched,unreviewed
9958,Se1154c29a3,Brother Cane,Bad Seeds,,0,1,0,,not_enriched,unreviewed
9959,Se1210e9bdc,Three Dog Night,Going in Circles,,0,1,0,,not_enriched,unreviewed
9960,Se12265ea9f,Sniff ’n’ the Tears,Driver's Seat,,0,1,0,,not_enriched,unreviewed
9961,Se12f8b7773,Lindsey Buckingham,Play in the Rain,,0,1,0,,not_enriched,unreviewed
9962,Se1364d1df5,Bryan Adams,Victim of Love,,0,1,0,,not_enriched,unreviewed
9963,Se1393e10d2,Rick Derringer,Uncomplicated,,0,1,0,,not_enriched,unreviewed
9964,Se13b6d22fa,Gibson Brothers,West Indies,,0,1,0,,not_enriched,unreviewed
9965,Se1416cbbbc,Bee Gees,Jive Talkin',,0,1,0,,not_enriched,unreviewed
9966,Se141e60096,Free,Mr. Big,,0,1,0,,not_enriched,unreviewed
9967,Se148346ebf,Gun,Can’t Get Any Lower,,0,1,0,,not_enriched,unreviewed
9968,Se14aa2b8fa,ZZ Top,Nasty Dogs and Funky Kings,,0,1,0,,not_enriched,unreviewed
9969,Se150e5f3be,T. Rex,Lean Woman Blues,,0,1,0,,not_enriched,unreviewed
9970,Se17ba3420a,Dan Fogelberg,Since You've Asked,,0,1,0,,not_enriched,unreviewed
9971,Se197ce96fd,Journey,Raised on Radio,,0,1,0,,not_enriched,unreviewed
9972,Se1998ad6e2,Heart,Devil Delight,,0,1,0,,not_enriched,unreviewed
9973,Se1a326f65c,The Partridge Family,My Christmas Card to You,,0,1,0,,not_enriched,unreviewed
9974,Se1af87e4c0,Phil Collins,Something Happened on the Way to Heaven,,0,1,0,,not_enriched,unreviewed
9975,Se1b7db1780,Spandau Ballet,Code of Love,,0,1,0,,not_enriched,unreviewed
9976,Se1b8a95df5,Steve Perry,It’s Only Love,,0,1,0,,not_enriched,unreviewed
9977,Se1c03d8e0d,Fleetwood Mac,Affairs of the Heart,,0,1,0,,not_enriched,unreviewed
9978,Se1cdc47baa,Kim Carnes,Break the Rules Tonight (Out of School),,0,1,0,,not_enriched,unreviewed
9979,Se1e12b64bf,The Human League,The Things That Dreams Are Made Of,,0,1,0,,not_enriched,unreviewed
9980,Se1ea1f446c,Damn Yankees,Mystified,,0,1,0,,not_enriched,unreviewed
9981,Se1f26f55ce,Peter Frampton,St. Thomas (Don’t You Know How I Feel),,0,1,0,,not_enriched,unreviewed
9982,Se1f325a0d8,James Gang,Walk Away,,0,1,0,,not_enriched,unreviewed
9983,Se1f9b995f8,Kansas,People of the South Wind,,0,1,0,,not_enriched,unreviewed
9984,Se220017a94,The Moody Blues,In My World,,0,1,0,,not_enriched,unreviewed
9985,Se2233fba60,George Thorogood & the Destroyers,Nobody but Me,,0,1,0,,not_enriched,unreviewed
9986,Se2296b999c,Tony Carey,West Coast Summer Nights,,0,1,0,,not_enriched,unreviewed
9987,Se233ca9888,Jimi Hendrix Experience,Remember,,0,1,0,,not_enriched,unreviewed
9988,Se239d5e9b1,Alice in Chains,Bleed the Freak,,0,1,0,,not_enriched,unreviewed
9989,Se23c2e9570,Neil Young,Alabama,,0,1,0,,not_enriched,unreviewed
9990,Se24ad3c192,Steely Dan,Pearl of the Quarter,,0,1,0,,not_enriched,unreviewed
9991,Se24af6f188,George Thorogood & the Destroyers,As the Years Go Passing By,,0,1,0,,not_enriched,unreviewed
9992,Se25352fcda,Amilcare Ponchielli,Dance of the Hours from the opera “La Gioconda”,,0,1,0,,not_enriched,unreviewed
9993,Se2535cfa2d,Blondie,Heart of Glass,,0,1,0,,not_enriched,unreviewed
9994,Se255099b25,Chilliwack,No Love At All,,0,1,0,,not_enriched,unreviewed
9995,Se25d62ee95,John Lennon,Kiss Kiss Kiss,,0,1,0,,not_enriched,unreviewed
9996,Se26429ba6d,Eddie Money,Gimme Some Water,,0,1,0,,not_enriched,unreviewed
9997,Se2655a0a3d,Steely Dan,With a Gun,,0,1,0,,not_enriched,unreviewed
9998,Se26b6f2330,Enya,Miss Clare Remembers,,0,1,0,,not_enriched,unreviewed
9999,Se26bf4b93f,INXS,Kick,,0,1,0,,not_enriched,unreviewed
10000,Se26f78b1e3,Poco,Boomerang,,0,1,0,,not_enriched,unreviewed
10001,Se276d19a81,Corey Hart,Does She Love You,,0,1,0,,not_enriched,unreviewed
10002,Se277ce7e2a,Greg Kihn,China Town,,0,1,0,,not_enriched,unreviewed
10003,Se27d99353d,The Doors,Little Red Rooster,,0,1,0,,not_enriched,unreviewed
10004,Se2898e3fb4,George Thorogood & the Destroyers,Highway 49,,0,1,0,,not_enriched,unreviewed
10005,Se295e49e0a,Janet Jackson,Funny How Time Flies (When You're Having Fun),,0,1,0,,not_enriched,unreviewed
10006,Se29f63f9fa,Splinter,Elly‐Mae,,0,1,0,,not_enriched,unreviewed
10007,Se2aa851f6a,Atlanta Rhythm Section,Evileen,,0,1,0,,not_enriched,unreviewed
10008,Se2abdfa02f,Bad Company,With You in a Heartbeat,,0,1,0,,not_enriched,unreviewed
10009,Se2b0756ff4,"Crosby, Stills & Nash",I Give You Give Blind,,0,1,0,,not_enriched,unreviewed
10010,Se2b22c198b,Fastball,Which Way to the Top?,,0,1,0,,not_enriched,unreviewed
10011,Se2b554df49,Planet P Project,Static,,0,1,0,,not_enriched,unreviewed
10012,Se2c26da0b1,Van Halen,Why Can’t This Be Love,,0,1,0,,not_enriched,unreviewed
10013,Se2cf92a135,Helix,Let's All Do It Tonight,,0,1,0,,not_enriched,unreviewed
10014,Se2d0f2a830,Joe Jackson,Friday,,0,1,0,,not_enriched,unreviewed
10015,Se2d45fe146,George Michael,Waiting for That Day / You Can’t Always Get What You Want,,0,1,0,,not_enriched,unreviewed
10016,Se2d73a398e,Billy Squier,I Need You,,0,1,0,,not_enriched,unreviewed
10017,Se2dfa5589a,George Michael,Cowboys and Angels,,0,1,0,,not_enriched,unreviewed
10018,Se2e004109b,Neil Young,Twilight,,0,1,0,,not_enriched,unreviewed
10019,Se2ecacd1f8,Bob Welch,Danchiva,,0,1,0,,not_enriched,unreviewed
10020,Se2ee487d99,Jefferson Starship,Girl With the Hungry Eyes,,0,1,0,,not_enriched,unreviewed
10021,Se2f5581db8,Joe Walsh,Bubbles,,0,1,0,,not_enriched,unreviewed
10022,Se2f5e1b666,The Cars,Getting Through,,0,1,0,,not_enriched,unreviewed
10023,Se2f9bcdc47,Foreigner,Do What You Like,,0,1,0,,not_enriched,unreviewed
10024,Se2ff52408c,Lisa Loeb,Snow Day,,0,1,0,,not_enriched,unreviewed
10025,Se30266e017,Bob Welch,Oh Jenny,,0,1,0,,not_enriched,unreviewed
10026,Se304816256,Joe Walsh,Bones,,0,1,0,,not_enriched,unreviewed
10027,Se30f1f20bd,The Outfield,Taking My Chances,,0,1,0,,not_enriched,unreviewed
10028,Se323369d24,Nick Lowe,Maureen,,0,1,0,,not_enriched,unreviewed
10029,Se32cc8d0c6,Icehouse,One by One,,0,1,0,,not_enriched,unreviewed
10030,Se330591833,David Bowie,Win,,0,1,0,,not_enriched,unreviewed
10031,Se33494cdd7,Jethro Tull,Mother Goose,,0,1,0,,not_enriched,unreviewed
10032,Se33d90d180,Van Halen,Best of Both Worlds,,0,1,0,,not_enriched,unreviewed
10033,Se341908ec6,Richard Wright,"Sysyphus, Part 2",,0,1,0,,not_enriched,unreviewed
10034,Se34c620b96,Grateful Dead,Foolish Heart,,0,1,0,,not_enriched,unreviewed
10035,Se34e0d3f53,REO Speedwagon,Meet Me on the Mountain,,0,1,0,,not_enriched,unreviewed
10036,Se34f282ba3,Planet P Project,What Artie Knows,,0,1,0,,not_enriched,unreviewed
10037,Se35179e73b,Alice Cooper,Welcome to My Nightmare,,0,1,0,,not_enriched,unreviewed
10038,Se3518751cd,Jackson Browne,I’ll Do Anything,,0,1,0,,not_enriched,unreviewed
10039,Se35629b4b5,Jethro Tull,Life’s a Long Song,,0,1,0,,not_enriched,unreviewed
10040,Se35bc8246b,Bryan Adams,Kids Wanna Rock,,0,1,0,,not_enriched,unreviewed
10041,Se35e7fa62e,Toto,Child’s Anthem,,0,1,0,,not_enriched,unreviewed
10042,Se3661c62be,Stevie Ray Vaughan & Double Trouble,Empty Arms,,0,1,0,,not_enriched,unreviewed
10043,Se370b2c85d,INXS,Good + Bad Times,,0,1,0,,not_enriched,unreviewed
10044,Se37238ab65,Badfinger,Icicles,,0,1,0,,not_enriched,unreviewed
10045,Se3791750ff,a‐ha,Hunting High and Low,,0,1,0,,not_enriched,unreviewed
10046,Se381edea9a,The Black Crowes,Seeing Things,,0,1,0,,not_enriched,unreviewed
10047,Se384e46909,Keith Sykes,Those Were the Days,,0,1,0,,not_enriched,unreviewed
10048,Se38bc245d0,Jackson Browne,All Good Things,,0,1,0,,not_enriched,unreviewed
10049,Se38be22659,Romeo Void,Out on My Own,,0,1,0,,not_enriched,unreviewed
10050,Se392075f27,Icehouse,Not My Kind,,0,1,0,,not_enriched,unreviewed
10051,Se39e773d72,Aerosmith,You See Me Crying,,0,1,0,,not_enriched,unreviewed
10052,Se3b46ff5ea,Roger McGuinn,Someone to Love,,0,1,0,,not_enriched,unreviewed
10053,Se3bc41eba2,Steve Winwood,Dust,,0,1,0,,not_enriched,unreviewed
10054,Se3bee49ecc,Stevie Ray Vaughan & Double Trouble,Life by the Drop,,0,1,0,,not_enriched,unreviewed
10055,Se3d223553b,Men at Work,Catch a Star,,0,1,0,,not_enriched,unreviewed
10056,Se3d54df6b9,Def Leppard,Rock of Ages,,0,1,0,,not_enriched,unreviewed
10057,Se3e485e34d,Red Rider,Napoleon Sheds His Skin,,0,1,0,,not_enriched,unreviewed
10058,Se3ed434d1f,Robert Plant,The Greatest Gift,,0,1,0,,not_enriched,unreviewed
10059,Se3f049c432,Elvis Presley,I’ll Be Home for Christmas,,0,1,0,,not_enriched,unreviewed
10060,Se3f0fd1161,Kenny G,By the Time This Night Is Over,,0,1,0,,not_enriched,unreviewed
10061,Se3f33870b2,Sniff ’n’ the Tears,Fight for Love,,0,1,0,,not_enriched,unreviewed
10062,Se3f43d1ea4,Steve Winwood,Night Train,,0,1,0,,not_enriched,unreviewed
10063,Se3faa495e9,Anderson Bruford Wakeman Howe,The Clap / Mood for a Day,,0,1,0,,not_enriched,unreviewed
10064,Se3fc9ef2cc,Steely Dan,Peg,,0,1,0,,not_enriched,unreviewed
10065,Se3ffb48f7e,Eric Clapton,Help Me Up,,0,1,0,,not_enriched,unreviewed
10066,Se4012fa5d4,Eddie Money,Let's Be Lovers Again,,0,1,0,,not_enriched,unreviewed
10067,Se4062d592e,Alice in Chains,I Know Somethin (Bout You),,0,1,0,,not_enriched,unreviewed
10068,Se4070b1f74,The Beach Boys,Here Comes the Night,,0,1,0,,not_enriched,unreviewed
10069,Se40733c2e5,Journey,Departure,,0,1,0,,not_enriched,unreviewed
10070,Se40ee1cf00,Zebra,Don't Walk Away,,0,1,0,,not_enriched,unreviewed
10071,Se412752a3b,Garth Brooks,Face to Face,,0,1,0,,not_enriched,unreviewed
10072,Se422050fbe,Kenny G,Sister Rose,,0,1,0,,not_enriched,unreviewed
10073,Se4295868ec,Jewel,You Were Meant for Me,,0,1,0,,not_enriched,unreviewed
10074,Se43b2b7fbe,Electric Light Orchestra,Another Heart Breaks,,0,1,0,,not_enriched,unreviewed
10075,Se446111ee1,U2,Ultra Violet (Light My Way),,0,1,0,,not_enriched,unreviewed
10076,Se451e495fd,Patty Smyth,River Cried,,0,1,0,,not_enriched,unreviewed
10077,Se4520977a8,Go‐Go’s,Cool Jerk,,0,1,0,,not_enriched,unreviewed
10078,Se46ce609f6,Gary Wright,Dream Weaver,,0,1,0,,not_enriched,unreviewed
10079,Se489c0e086,Chris Isaak,San Francisco Days,,0,1,0,,not_enriched,unreviewed
10080,Se48bb2d35d,John Cougar Mellencamp,You’ve Got to Stand for Somethin’,,0,1,0,,not_enriched,unreviewed
10081,Se48c2fade8,Steely Dan,Bodhisattva,,0,1,0,,not_enriched,unreviewed
10082,Se48ed940ff,Rod Stewart,Dynamite,,0,1,0,,not_enriched,unreviewed
10083,Se49b767273,Santana,Changes,,0,1,0,,not_enriched,unreviewed
10084,Se4a8f22535,Danger Danger,Saturday Nite,,0,1,0,,not_enriched,unreviewed
10085,Se4b385e0a9,George Thorogood & the Destroyers,I’m a Steady Rollin’ Man,,0,1,0,,not_enriched,unreviewed
10086,Se4b76df443,David Baerwald,Sirens In the City,,0,1,0,,not_enriched,unreviewed
10087,Se4c2c5603a,Tom Cochrane & Red Rider,Ashes to Diamonds,,0,1,0,,not_enriched,unreviewed
10088,Se4c7b6aad0,Shoes,In My Arms Again,,0,1,0,,not_enriched,unreviewed
10089,Se4c92e73c5,Loverboy,Always on My Mind,,0,1,0,,not_enriched,unreviewed
10090,Se4daa5318f,Elton John,I Need You to Turn To,,0,1,0,,not_enriched,unreviewed
10091,Se4dec28170,Triumph,Little Boy Blues,,0,1,0,,not_enriched,unreviewed
10092,Se4df1a8a6c,ZZ Top,Don’t Tease Me,,0,1,0,,not_enriched,unreviewed
10093,Se4e3110cbe,REO Speedwagon,Variety Tonight,,0,1,0,,not_enriched,unreviewed
10094,Se4ed9fd878,Roy Orbison,Windsurfer,,0,1,0,,not_enriched,unreviewed
10095,Se4f13eb378,Novo Combo,Axis Will Turn,,0,1,0,,not_enriched,unreviewed
10096,Se4f8121768,Kenny G,Forever in Love,,0,1,0,,not_enriched,unreviewed
10097,Se4fc2e138f,ZZ Top,El diablo,,0,1,0,,not_enriched,unreviewed
10098,Se4feff0331,Neil Diamond,Love on the Rocks,,0,1,0,,not_enriched,unreviewed
10099,Se500b5d946,Prince,Purple Rain,,0,1,0,,not_enriched,unreviewed
10100,Se50757a937,Edie Brickell & New Bohemians,What I Am,,0,1,0,,not_enriched,unreviewed
10101,Se508a56304,George Carlin,Sex in Commercials,,0,1,0,,not_enriched,unreviewed
10102,Se51241d902,Cheap Trick,Lovely Rita,,0,1,0,,not_enriched,unreviewed
10103,Se51b9204bf,Jim Capaldi,Runaway,,0,1,0,,not_enriched,unreviewed
10104,Se51d0ffb85,XTC,Big Day,,0,1,0,,not_enriched,unreviewed
10105,Se5214cdc74,Jim Croce,Photographs and Memories,,0,1,0,,not_enriched,unreviewed
10106,Se521d95033,The Partridge Family,Rockin' Around the Christmas Tree,,0,1,0,,not_enriched,unreviewed
10107,Se521e870b7,Pat Travers,Can't Stop the Heartaches,,0,1,0,,not_enriched,unreviewed
10108,Se52c2032dc,R.E.M.,The One I Love,,0,1,0,,not_enriched,unreviewed
10109,Se52e9b1401,Nelson,Will You Love Me?,,0,1,0,,not_enriched,unreviewed
10110,Se54103a236,Vernell Brown Jr.,August,,0,1,0,,not_enriched,unreviewed
10111,Se54180cfb0,Foreigner,Juke Box Hero,,0,1,0,,not_enriched,unreviewed
10112,Se54b22c56b,Men at Work,Upstairs in My House,,0,1,0,,not_enriched,unreviewed
10113,Se55055cd03,Michael Bolton,Paradise,,0,1,0,,not_enriched,unreviewed
10114,Se5612de44a,The Sweet,Lost Angels,,0,1,0,,not_enriched,unreviewed
10115,Se564c99278,Stabilizers,You Pull Me Down,,0,1,0,,not_enriched,unreviewed
10116,Se56a22bb13,Stray Cats,You Don't Believe Me,,0,1,0,,not_enriched,unreviewed
10117,Se56ff248f9,Animotion,Holding You,,0,1,0,,not_enriched,unreviewed
10118,Se5708c01da,Christopher Cross,Ride Like the Wind,,0,1,0,,not_enriched,unreviewed
10119,Se57f9b8f83,Kenny G,Even If My Heart Would Break,,0,1,0,,not_enriched,unreviewed
10120,Se583b75e83,Ten Years After,Over the Hill,,0,1,0,,not_enriched,unreviewed
10121,Se58c50a812,Rod Stewart,Lethal Dose of Love,,0,1,0,,not_enriched,unreviewed
10122,Se59f2ab6f6,Talking Heads,Sugar on My Tongue,,0,1,0,,not_enriched,unreviewed
10123,Se59f65af46,Roger Hodgson,Land Ho,,0,1,0,,not_enriched,unreviewed
10124,Se5c2828147,Foreigner,Spellbinder,,0,1,0,,not_enriched,unreviewed
10125,Se5c286dc92,Blue Öyster Cult,This Ain’t the Summer of Love,,0,1,0,,not_enriched,unreviewed
10126,Se5c39dba66,Talking Heads,The Big Country,,0,1,0,,not_enriched,unreviewed
10127,Se5c39e6688,The Call,Communication,,0,1,0,,not_enriched,unreviewed
10128,Se5d332d060,The Fixx,Lost Planes,,0,1,0,,not_enriched,unreviewed
10129,Se5defa17db,Adam Ant,Can’t Set Rules About Love,,0,1,0,,not_enriched,unreviewed
10130,Se5ed192973,Zebra,Who’s Behind the Door?,,0,1,0,,not_enriched,unreviewed
10131,Se5ed7fd6c9,Enya,Orinoco Flow,,0,1,0,,not_enriched,unreviewed
10132,Se5f31acd05,John Cafferty & the Beaver Brown Band,Runaround Sue,,0,1,0,,not_enriched,unreviewed
10133,Se60b3af94e,Steve Earle,Valentine’s Day,,0,1,0,,not_enriched,unreviewed
10134,Se60ea7753d,Elton John,Carla / Etude / Fanfare / Chloe,,0,1,0,,not_enriched,unreviewed
10135,Se611bf104a,John Cougar Mellencamp,Lonely Ol’ Night,,0,1,0,,not_enriched,unreviewed
10136,Se6176056ca,The Beat Farmers,God Is Here Tonight,,0,1,0,,not_enriched,unreviewed
10137,Se617b22817,Alice in Chains,Iron Gland,,0,1,0,,not_enriched,unreviewed
10138,Se61db32629,Neil Diamond,Jingle Bell Rock,,0,1,0,,not_enriched,unreviewed
10139,Se633474de6,The J. Geils Band,Freeze‐Frame,,0,1,0,,not_enriched,unreviewed
10140,Se634b1edba,Bette Midler,In My Life,,0,1,0,,not_enriched,unreviewed
10141,Se63ef980c6,Hall & Oates,You Make My Dreams,,0,1,0,,not_enriched,unreviewed
10142,Se641015b3f,Fleetwood Mac,Skies the Limit,,0,1,0,,not_enriched,unreviewed
10143,Se642f5063a,The Georgia Satellites,Sheila,,0,1,0,,not_enriched,unreviewed
10144,Se649a80a63,Bonnie Raitt,I Can’t Make You Love Me,,0,1,0,,not_enriched,unreviewed
10145,Se64a0aea07,Elton John,Elderberry Wine,,0,1,0,,not_enriched,unreviewed
10146,Se64c403f2d,Rick Springfield,Black Is Black,,0,1,0,,not_enriched,unreviewed
10147,Se64d3a537f,REO Speedwagon,Accidents Can Happen,,0,1,0,,not_enriched,unreviewed
10148,Se64dd4a60a,Jim Morrison,Lament,,0,1,0,,not_enriched,unreviewed
10149,Se65f2cf4ed,The B‐52’s,Deadbeat Club,,0,1,0,,not_enriched,unreviewed
10150,Se65fb48ee5,Fleetwood Mac,Honey Hi,,0,1,0,,not_enriched,unreviewed
10151,Se676f7e2fb,Dan Fogelberg,Lahaina Luna,,0,1,0,,not_enriched,unreviewed
10152,Se688209d1b,"Peter, Paul & Mary",Light One Candle,,0,1,0,,not_enriched,unreviewed
10153,Se6a1a23fd8,Bram Tchaikovsky,Let's Dance,,0,1,0,,not_enriched,unreviewed
10154,Se6a4473b2c,Firefall,Laugh or Cry,,0,1,0,,not_enriched,unreviewed
10155,Se6aea39923,Huey Lewis and the News,Giving It All Up for Love,,0,1,0,,not_enriched,unreviewed
10156,Se6c6e844e2,David Bowie,The Jean Genie,,0,1,0,,not_enriched,unreviewed
10157,Se6c91a0595,Bachman–Turner Overdrive,Quick Change Artist,,0,1,0,,not_enriched,unreviewed
10158,Se6d6163017,Traveling Wilburys,Runaway,,0,1,0,,not_enriched,unreviewed
10159,Se6dab3cfaf,Eddie Money,Fall in Love Again,,0,1,0,,not_enriched,unreviewed
10160,Se6e1fe6c87,Johnny Nash,(It Was) So Nice While It Lasted,,0,1,0,,not_enriched,unreviewed
10161,Se6e4989889,Honeymoon Suite,It's Your Heart,,0,1,0,,not_enriched,unreviewed
10162,Se6e6105529,Tubes,Mr. Hate,,0,1,0,,not_enriched,unreviewed
10163,Se6f3c1633c,Poco,Love Comes Love Goes,,0,1,0,,not_enriched,unreviewed
10164,Se6f9b21979,Paul Young,What Christmas Means to Me,,0,1,0,,not_enriched,unreviewed
10165,Se6fbeec4e3,Cinderella,Electric Love,,0,1,0,,not_enriched,unreviewed
10166,Se7035f65bf,Rod Stewart,Forever Young,,0,1,0,,not_enriched,unreviewed
10167,Se7040f966f,Danger Danger,Under the Gun,,0,1,0,,not_enriched,unreviewed
10168,Se70ce1af31,Billy Joel,Pressure,,0,1,0,,not_enriched,unreviewed
10169,Se71455c90d,Heart,I’ve Got the Music in Me,,0,1,0,,not_enriched,unreviewed
10170,Se71632a7df,Corey Hart,Boy in the Box (dance mix),,0,1,0,,not_enriched,unreviewed
10171,Se722f396f6,Willie Nelson,A Couple More Years,,0,1,0,,not_enriched,unreviewed
10172,Se7268af617,Sherbs,Back to Zero,,0,1,0,,not_enriched,unreviewed
10173,Se7271a392e,Jim Capaldi,Gifts of Unknown Things,,0,1,0,,not_enriched,unreviewed
10174,Se728230966,Nils Lofgren,I’ll Cry Tomorrow,,0,1,0,,not_enriched,unreviewed
10175,Se7292a5e10,Jefferson Airplane,Comin' Back to Me,,0,1,0,,not_enriched,unreviewed
10176,Se72bc62ab7,Toto,Hold the Line,,0,1,0,,not_enriched,unreviewed
10177,Se72c055bf2,Dan Fogelberg,As the Raven Flies,,0,1,0,,not_enriched,unreviewed
10178,Se7360cc2cb,Bruce Springsteen,Gloria’s Eyes,,0,1,0,,not_enriched,unreviewed
10179,Se7366e5352,The Call,Watch,,0,1,0,,not_enriched,unreviewed
10180,Se736bade21,Joe Walsh,At the Station,,0,1,0,,not_enriched,unreviewed
10181,Se738881161,The Charlie Daniels Band,Still in Saigon,,0,1,0,,not_enriched,unreviewed
10182,Se74232dbcc,Planet P Project,"To Live Forever, Part 2",,0,1,0,,not_enriched,unreviewed
10183,Se77764d22c,Chris Rea,Fool (If You Think It’s Over),,0,1,0,,not_enriched,unreviewed
10184,Se778310be5,Baltimora,Eye to Eye,,0,1,0,,not_enriched,unreviewed
10185,Se77c9a36ca,Sweet,Set Me Free,,0,1,0,,not_enriched,unreviewed
10186,Se785075b87,Triumph,Suitcase Blues,,0,1,0,,not_enriched,unreviewed
10187,Se7865de940,Nilsson,Daddy’s Song,,0,1,0,,not_enriched,unreviewed
10188,Se78baf31e4,Modern English,Life in the Gladhouse,,0,1,0,,not_enriched,unreviewed
10189,Se7a5db4ed5,Blue Öyster Cult,Dr. Music,,0,1,0,,not_enriched,unreviewed
10190,Se7a9d36a42,Van Halen,Little Guitars (intro),,0,1,0,,not_enriched,unreviewed
10191,Se7aff508c5,Saga,No Regrets (Chapter V),,0,1,0,,not_enriched,unreviewed
10192,Se7c85cdba3,Hall & Oates,She’s Gone,,0,1,0,,not_enriched,unreviewed
10193,Se7c899f9bd,Rod Stewart,Stay With Me,,0,1,0,,not_enriched,unreviewed
10194,Se7cb8919e7,Foreigner,Inside Information,,0,1,0,,not_enriched,unreviewed
10195,Se7cccb9d45,Tommy Tutone,No Way to Cry,,0,1,0,,not_enriched,unreviewed
10196,Se7e36c89cf,L.A. Guns,Magdalaine,,0,1,0,,not_enriched,unreviewed
10197,Se7e93a587f,TNT,Smooth Syncopation,,0,1,0,,not_enriched,unreviewed
10198,Se7eb7c8767,Heart,Mother Earth Blues,,0,1,0,,not_enriched,unreviewed
10199,Se7f8e4a9db,Honeymoon Suite,One by One,,0,1,0,,not_enriched,unreviewed
10200,Se7fcfaa48f,The Robert Cray Band,Don’t Be Afraid of the Dark,,0,1,0,,not_enriched,unreviewed
10201,Se80ff7bbff,Tony Carey,Natalia,,0,1,0,,not_enriched,unreviewed
10202,Se811619e09,Jackson Browne,In the Shape of a Heart,,0,1,0,,not_enriched,unreviewed
10203,Se81a22c956,Jefferson Starship,Modern Times,,0,1,0,,not_enriched,unreviewed
10204,Se82c16ce88,Crosby & Nash,Take The Money And Run,,0,1,0,,not_enriched,unreviewed
10205,Se838cf5f16,4 Non Blondes,Calling All the People,,0,1,0,,not_enriched,unreviewed
10206,Se83c7d299b,Nine Inch Nails,I Do Not Want This,,0,1,0,,not_enriched,unreviewed
10207,Se83d6812c2,AC/DC,Got You by the Balls,,0,1,0,,not_enriched,unreviewed
10208,Se84959171e,Helix,Wild In The Streets,,0,1,0,,not_enriched,unreviewed
10209,Se85d11cefe,Pearl Jam,Whipping,,0,1,0,,not_enriched,unreviewed
10210,Se861d3f7b1,Natalie Imbruglia,Pigeons and Crumbs,,0,1,0,,not_enriched,unreviewed
10211,Se8659a1a44,The Doors,Five to One,,0,1,0,,not_enriched,unreviewed
10212,Se865a58c8b,The Pretenders,Mystery Achievement,,0,1,0,,not_enriched,unreviewed
10213,Se865b38d89,Keith Sykes,Ain’t That Some Lovin’,,0,1,0,,not_enriched,unreviewed
10214,Se86682c93c,U2,The First Time,,0,1,0,,not_enriched,unreviewed
10215,Se87b0a302a,Boyz II Men,The Birth of Christ,,0,1,0,,not_enriched,unreviewed
10216,Se87cd9c821,Sherbs,Parallel Bars,,0,1,0,,not_enriched,unreviewed
10217,Se88c0f407e,Steely Dan,Time Out of Mind,,0,1,0,,not_enriched,unreviewed
10218,Se88e544af0,Christine McVie,So Excited,,0,1,0,,not_enriched,unreviewed
10219,Se88fbed4fe,Van Morrison,Into the Mystic,,0,1,0,,not_enriched,unreviewed
10220,Se89da9a18a,Cheap Trick,Wherever Would I Be,,0,1,0,,not_enriched,unreviewed
10221,Se89f04896c,Aerosmith,Magic Touch,,0,1,0,,not_enriched,unreviewed
10222,Se8ab3ae316,Nick Lowe,Time Wounds All Heels,,0,1,0,,not_enriched,unreviewed
10223,Se8b487a5cc,Little River Band,It's Not a Wonder,,0,1,0,,not_enriched,unreviewed
10224,Se8b9939028,Aerosmith,What It Takes,,0,1,0,,not_enriched,unreviewed
10225,Se8c3d19f5a,Chris Rea,Your Warm and Tender Love,,0,1,0,,not_enriched,unreviewed
10226,Se8c78e66fb,Joe Jackson,Target,,0,1,0,,not_enriched,unreviewed
10227,Se8cfc0fcb8,R.E.M.,[untitled],,0,1,0,,not_enriched,unreviewed
10228,Se8d00f614f,Tracy Chapman,Why?,,0,1,0,,not_enriched,unreviewed
10229,Se8da1635fe,Steely Dan,Home at Last,,0,1,0,,not_enriched,unreviewed
10230,Se8e2ba5ffc,Men at Work,Overkill,,0,1,0,,not_enriched,unreviewed
10231,Se8e7891d35,Jim Morrison,"Curses, Invocations",,0,1,0,,not_enriched,unreviewed
10232,Se8ea38c037,Don Henley,Little Tin God,,0,1,0,,not_enriched,unreviewed
10233,Se8f5ca4c0c,Foreigner,Tramontane (instrumental),,0,1,0,,not_enriched,unreviewed
10234,Se8f742afd6,Journey,Dead or Alive,,0,1,0,,not_enriched,unreviewed
10235,Se908f7ebeb,Bing Crosby,Silent Night,,0,1,0,,not_enriched,unreviewed
10236,Se90b0917ee,Nils Lofgren,Dirty Money,,0,1,0,,not_enriched,unreviewed
10237,Se911da25bb,Prince,I Would Die 4 U,,0,1,0,,not_enriched,unreviewed
10238,Se912b93ad7,Tony Carey,I Won’t Be Home Tonight,,0,1,0,,not_enriched,unreviewed
10239,Se917f0626d,Slaughter,That's Not Enough,,0,1,0,,not_enriched,unreviewed
10240,Se92098ad38,Split Enz,Missing Person,,0,1,0,,not_enriched,unreviewed
10241,Se92afd65e2,James Taylor,Looking for Love on Broadway,,0,1,0,,not_enriched,unreviewed
10242,Se9346fdbc1,REO Speedwagon,Live Every Moment,,0,1,0,,not_enriched,unreviewed
10243,Se93a090528,Nine Inch Nails,The Downward Spiral,,0,1,0,,not_enriched,unreviewed
10244,Se93e958f3d,Bram Tchaikovsky,Missfortune,,0,1,0,,not_enriched,unreviewed
10245,Se94145a8fb,Planet P Project,A Boy Who Can't Talk,,0,1,0,,not_enriched,unreviewed
10246,Se943268da8,Paul McCartney,The Other Me,,0,1,0,,not_enriched,unreviewed
10247,Se9443136fe,Jackson Browne,On the Day,,0,1,0,,not_enriched,unreviewed
10248,Se945a121d3,k.d. lang,Still Thrives This Love,,0,1,0,,not_enriched,unreviewed
10249,Se94b225c73,Crosby & Nash,Naked In The Rain,,0,1,0,,not_enriched,unreviewed
10250,Se9523fc581,Eagles,Midnight Flyer,,0,1,0,,not_enriched,unreviewed
10251,Se967a746e2,John Mellencamp,Brothers,,0,1,0,,not_enriched,unreviewed
10252,Se96b105a7a,Eddie Money,Jealousys,,0,1,0,,not_enriched,unreviewed
10253,Se9729b28e2,Quiet Riot,Metal Health,,0,1,0,,not_enriched,unreviewed
10254,Se97c582299,Planet P Project,This Perfect Place,,0,1,0,,not_enriched,unreviewed
10255,Se97d7d7cd1,Paul McCartney,What’s That You’re Doing?,,0,1,0,,not_enriched,unreviewed
10256,Se982582a87,Living Colour,I Want to Know,,0,1,0,,not_enriched,unreviewed
10257,Se983e8eb43,Paul McCartney & Wings,Sally G (Alt mix by Ernie Winfrey),,0,1,0,,not_enriched,unreviewed
10258,Se98cdba1db,Billy Joel,The River of Dreams,,0,1,0,,not_enriched,unreviewed
10259,Se98ef86156,Gun,The Feeling Within,,0,1,0,,not_enriched,unreviewed
10260,Se9919698e5,Andy Williams,Oh Come All Ye Faithful,,0,1,0,,not_enriched,unreviewed
10261,Se99ac6b922,Seals & Crofts,King of Nothing,,0,1,0,,not_enriched,unreviewed
10262,Se99d319931,Waylon Jennings & Willie Nelson,The Year 2003 Minus 25,,0,1,0,,not_enriched,unreviewed
10263,Se99ead7f5c,INXS,Never Tear Us Apart,,0,1,0,,not_enriched,unreviewed
10264,Se99f4163cd,James Taylor,Honey Don’t Leave L.A.,,0,1,0,,not_enriched,unreviewed
10265,Se9a10eeeb2,The Breeders,Drivin’ on 9,,0,1,0,,not_enriched,unreviewed
10266,Se9a2d88192,The Rolling Stones,Winning Ugly,,0,1,0,,not_enriched,unreviewed
10267,Se9a6c628c2,Billy Ocean,The Long and Winding Road,,0,1,0,,not_enriched,unreviewed
10268,Se9a813210c,Natalie Merchant,Where I Go,,0,1,0,,not_enriched,unreviewed
10269,Se9b867ee2e,Def Leppard,Pour Some Sugar on Me,,0,1,0,,not_enriched,unreviewed
10270,Se9bb6deb1c,John Waite,Love Collision,,0,1,0,,not_enriched,unreviewed
10271,Se9c3a99511,Elton John,Come Down in Time,,0,1,0,,not_enriched,unreviewed
10272,Se9c553cd73,John Cafferty & the Beaver Brown Band,Tex Mex (Crystal Blue),,0,1,0,,not_enriched,unreviewed
10273,Se9c91e76bf,Lïve,Shit Towne,,0,1,0,,not_enriched,unreviewed
10274,Se9ca20e8d0,The Rembrandts,Every Secret Thing,,0,1,0,,not_enriched,unreviewed
10275,Se9d031df37,Stone Temple Pilots,Creep,,0,1,0,,not_enriched,unreviewed
10276,Se9d74dcc46,Melissa Etheridge,I Will Never Be the Same,,0,1,0,,not_enriched,unreviewed
10277,Se9de32b35c,"Crosby, Stills & Nash",Turn Your Back on Love,,0,1,0,,not_enriched,unreviewed
10278,Se9e5d8cb46,Elton John,Song for Guy,,0,1,0,,not_enriched,unreviewed
10279,Se9e7af1e4b,Billy Idol,"One Night, One Chance",,0,1,0,,not_enriched,unreviewed
10280,Se9e9d30233,Johnny Nash,That’s the Way We Get By,,0,1,0,,not_enriched,unreviewed
10281,Se9eb9abf97,Chris Rea,Fires of Spring,,0,1,0,,not_enriched,unreviewed
10282,Se9ee956788,Bad Company,Wild Fire Woman,,0,1,0,,not_enriched,unreviewed
10283,Se9efefbf95,Firefall,Sweet and Sour,,0,1,0,,not_enriched,unreviewed
10284,Se9f08d951d,Elton John,The Cage,,0,1,0,,not_enriched,unreviewed
10285,Sea033d8cdd,Rick Derringer,Joy Ride (instrumental),,0,1,0,,not_enriched,unreviewed
10286,Sea08f0bfa8,Pink Floyd,Paranoid Eyes,,0,1,0,,not_enriched,unreviewed
10287,Sea167f6acc,"Crosby, Stills, Nash & Young",Seen Enough,,0,1,0,,not_enriched,unreviewed
10288,Sea20fb011a,The Doobie Brothers,Rollin’ On,,0,1,0,,not_enriched,unreviewed
10289,Sea2a880550,Scandal,Less Than Half,,0,1,0,,not_enriched,unreviewed
10290,Sea2da6aa9b,Aerosmith,St. John,,0,1,0,,not_enriched,unreviewed
10291,Sea2e4f85a6,Gibson Brothers,Paranoia,,0,1,0,,not_enriched,unreviewed
10292,Sea30143c38,Peter Ilich Tchaikovsky,"The Nutcracker Suite, op. 71a: Russian Dance",,0,1,0,,not_enriched,unreviewed
10293,Sea3c6b9858,Bruce Springsteen,Roll of the Dice,,0,1,0,,not_enriched,unreviewed
10294,Sea4def3c7c,Neil Young,Sleeps With Angels,,0,1,0,,not_enriched,unreviewed
10295,Sea5dd43b1e,The Police,Miss Gradenko,,0,1,0,,not_enriched,unreviewed
10296,Sea6081b0ce,Meredith Brooks,Watched You Fall,,0,1,0,,not_enriched,unreviewed
10297,Sea61428cb1,The Robert Cray Band,At Last,,0,1,0,,not_enriched,unreviewed
10298,Sea68d63ca8,Paul McCartney & Wings,Hi Hi Hi,,0,1,0,,not_enriched,unreviewed
10299,Sea69dc659b,The Who,Did You Steal My Money,,0,1,0,,not_enriched,unreviewed
10300,Sea6d108c47,Van Halen,A.F.U. (Naturally Wired),,0,1,0,,not_enriched,unreviewed
10301,Sea6dea881a,Corey Hart,Cheatin’ in School,,0,1,0,,not_enriched,unreviewed
10302,Sea707a5b03,The Georgia Satellites,Whole Lotta Shakin’,,0,1,0,,not_enriched,unreviewed
10303,Sea71c85d5b,Steel Breeze,I Can't Wait,,0,1,0,,not_enriched,unreviewed
10304,Sea783e50c4,Blue Öyster Cult,Deadline,,0,1,0,,not_enriched,unreviewed
10305,Sea8cc7e880,Queen,Life Is Real (Song for Lennon),,0,1,0,,not_enriched,unreviewed
10306,Sea9c1b8664,Firefall,Business Is Business,,0,1,0,,not_enriched,unreviewed
10307,Sea9d3e4e2f,Stevie Nicks,Some Become Strangers,,0,1,0,,not_enriched,unreviewed
10308,Sea9e6b56e2,Jeff Beck,"You Know, We Know",,0,1,0,,not_enriched,unreviewed
10309,Seaa3e7fd24,"Crosby, Stills, Nash & Young",Soldiers of Peace,,0,1,0,,not_enriched,unreviewed
10310,Seaacd3c884,Harry Chapin,Calluses,,0,1,0,,not_enriched,unreviewed
10311,Seac5bae5d5,Robert Plant,In the Mood,,0,1,0,,not_enriched,unreviewed
10312,Seacec4408f,Van Halen,"""5150""",,0,1,0,,not_enriched,unreviewed
10313,Sead2dfc026,Foreigner,Growing Up the Hard Way,,0,1,0,,not_enriched,unreviewed
10314,Sead86958ce,Neil Young,Blue Eden,,0,1,0,,not_enriched,unreviewed
10315,Seadf66e3cc,Phil Collins,I Wish It Would Rain Down,,0,1,0,,not_enriched,unreviewed
10316,Seadfbd64fb,Danger Danger,Naughty Naughty,,0,1,0,,not_enriched,unreviewed
10317,Seae05307f6,Saga,On the Loose,,0,1,0,,not_enriched,unreviewed
10318,Seaf1bdb6ff,Joe Cocker,The Jealous Kind,,0,1,0,,not_enriched,unreviewed
10319,Seaf43f4f84,Supertramp,I’m Beggin’ You,,0,1,0,,not_enriched,unreviewed
10320,Seb04c20329,Art Garfunkel,Disney Girls,,0,1,0,,not_enriched,unreviewed
10321,Seb09fec622,Art Garfunkel,I Only Have Eyes for You,,0,1,0,,not_enriched,unreviewed
10322,Seb0f8be751,Nick Lowe,Cracking Up,,0,1,0,,not_enriched,unreviewed
10323,Seb120315a2,Peter Frampton,Tried to Love,,0,1,0,,not_enriched,unreviewed
10324,Seb138eab1f,The Rolling Stones,I Got the Blues,,0,1,0,,not_enriched,unreviewed
10325,Seb27d9f734,The Alan Parsons Project,Don’t Hold Back,,0,1,0,,not_enriched,unreviewed
10326,Seb28f416ed,Robert Plant,Network News,,0,1,0,,not_enriched,unreviewed
10327,Seb29348cbb,Jude Cole,"Baby, It’s Tonight",,0,1,0,,not_enriched,unreviewed
10328,Seb2ad4e65c,Planet P Project,In the Zone,,0,1,0,,not_enriched,unreviewed
10329,Seb3150a433,Jewel,Near You Always,,0,1,0,,not_enriched,unreviewed
10330,Seb37cbab02,Elton John,Religion,,0,1,0,,not_enriched,unreviewed
10331,Seb41c561a3,Nils Lofgren,Anytime at All,,0,1,0,,not_enriched,unreviewed
10332,Seb4563e543,The Who,Why Did I Fall for That,,0,1,0,,not_enriched,unreviewed
10333,Seb4f4082b4,Tina Turner,Private Dancer,,0,1,0,,not_enriched,unreviewed
10334,Seb50ee12c2,Bing Crosby,Santa Claus Is Coming to Town,,0,1,0,,not_enriched,unreviewed
10335,Seb588b0880,The Edgar Winter Group,Rock ’n’ Roll Boogie Woogie Blues,,0,1,0,,not_enriched,unreviewed
10336,Seb5a7d6b5b,"Crosby, Stills & Nash",Cold Rain,,0,1,0,,not_enriched,unreviewed
10337,Seb74a3a387,Keith Richards,Whip It Up,,0,1,0,,not_enriched,unreviewed
10338,Seb7ba4603c,Tracy Chapman,New Beginning,,0,1,0,,not_enriched,unreviewed
10339,Seb871e3f3c,Ozzy Osbourne,Diary of a Madman,,0,1,0,,not_enriched,unreviewed
10340,Seb93f89b5f,The Fixx,Phantom Living,,0,1,0,,not_enriched,unreviewed
10341,Seb9c9c20f7,Enya,Evening Falls…,,0,1,0,,not_enriched,unreviewed
10342,Seb9cfc8a79,Prince,Darling Nikki,,0,1,0,,not_enriched,unreviewed
10343,Seb9da52e73,Enya,Pax deorum,,0,1,0,,not_enriched,unreviewed
10344,Sebaa4a5e1a,Grand Funk Railroad,Life,,0,1,0,,not_enriched,unreviewed
10345,Sebab67e540,The Cranberries,Dreams,,0,1,0,,not_enriched,unreviewed
10346,Sebaee2c1f8,The Moody Blues,Painted Smile,,0,1,0,,not_enriched,unreviewed
10347,Sebafba7fb2,Van Halen,Hang ’Em High,,0,1,0,,not_enriched,unreviewed
10348,Sebb1fc480a,Pure Moods,From My Pocket,,0,1,0,,not_enriched,unreviewed
10349,Sebbf7252ee,Bruce Springsteen,Wreck on the Highway,,0,1,0,,not_enriched,unreviewed
10350,Sebcf594750,Missing Persons,Windows,,0,1,0,,not_enriched,unreviewed
10351,Sebd3978afa,Robert Plant,Wreckless Love,,0,1,0,,not_enriched,unreviewed
10352,Sebd7af8346,Robert Plant,Promised Land,,0,1,0,,not_enriched,unreviewed
10353,Sebdfa0a229,Lïve,Waitress,,0,1,0,,not_enriched,unreviewed
10354,Sebe2f0d413,The Allman Brothers Band,Gambler’s Roll,,0,1,0,,not_enriched,unreviewed
10355,Sebe365638f,Talking Heads,Wild Wild Life,,0,1,0,,not_enriched,unreviewed
10356,Sebf2453788,Styx,The Best Of Times,,0,1,0,,not_enriched,unreviewed
10357,Sebfe093270,U2,So Cruel,,0,1,0,,not_enriched,unreviewed
10358,Sec1988fd5f,Atlanta Rhythm Section,Alien,,0,1,0,,not_enriched,unreviewed
10359,Sec1c5bc837,Eagles,Already Gone,,0,1,0,,not_enriched,unreviewed
10360,Sec250b93e7,Enya,Na Laetha Geal M’Óige,,0,1,0,,not_enriched,unreviewed
10361,Sec2942893e,Aerosmith,"Don’t Get Mad, Get Even",,0,1,0,,not_enriched,unreviewed
10362,Sec2dad1573,Paul McCartney & Wings,Silly Love Songs (No Strings or Horns),,0,1,0,,not_enriched,unreviewed
10363,Sec3ade9910,Foreigner,Say You Will,,0,1,0,,not_enriched,unreviewed
10364,Sec4a3ade89,Tommy James & the Shondells,Love’s Closin’ in on Me,,0,1,0,,not_enriched,unreviewed
10365,Sec53e48bd8,Van Stephenson,Modern Day Delilah,,0,1,0,,not_enriched,unreviewed
10366,Sec5bf32d02,George Thorogood & the Destroyers,You Got to Lose,,0,1,0,,not_enriched,unreviewed
10367,Sec61f0f513,Tony Carey,Carry My Love,,0,1,0,,not_enriched,unreviewed
10368,Sec73e870a2,"Crosby, Stills & Nash",You Are Alive,,0,1,0,,not_enriched,unreviewed
10369,Sec7af53c6a,Genesis,Cul‐de‐sac,,0,1,0,,not_enriched,unreviewed
10370,Sec835ce74c,Blind Faith,Can’t Find My Way Home,,0,1,0,,not_enriched,unreviewed
10371,Sec86442cc9,Neil Young,Sunny Inside,,0,1,0,,not_enriched,unreviewed
10372,Sec88764eb5,The Beach Boys,Little Saint Nick,,0,1,0,,not_enriched,unreviewed
10373,Sec8900e07e,Steve Earle,The Devil's Right Hand,,0,1,0,,not_enriched,unreviewed
10374,Sec8ff4e5ec,Tracy Chapman,Remember the Tinman,,0,1,0,,not_enriched,unreviewed
10375,Sec92658a36,Talking Heads,Road to Nowhere,,0,1,0,,not_enriched,unreviewed
10376,Seca57e8e18,Janet Jackson,The Pleasure Principle,,0,1,0,,not_enriched,unreviewed
10377,Secb89925c4,The Beach Boys,Let Him Run Wild,,0,1,0,,not_enriched,unreviewed
10378,Secc7e529fc,Atlanta Rhythm Section,Imaginary Lover,,0,1,0,,not_enriched,unreviewed
10379,Seccf14444d,April Wine,Rock n’ Roll Is a Vicious Game,,0,1,0,,not_enriched,unreviewed
10380,Seccfc22c59,Bob Welch,"Hot Love, Cold World",,0,1,0,,not_enriched,unreviewed
10381,Secd5515a6b,Stone Temple Pilots,Army Ants,,0,1,0,,not_enriched,unreviewed
10382,Secda8b49a6,Mercy,Do I Wanna Live My Life With You,,0,1,0,,not_enriched,unreviewed
10383,Secda9ac1a1,Night Ranger,Sea of Love,,0,1,0,,not_enriched,unreviewed
10384,Sece76be0ba,Robert Plant,If I Were a Carpenter,,0,1,0,,not_enriched,unreviewed
10385,Secece011f8,Bad English,Possession,,0,1,0,,not_enriched,unreviewed
10386,Sed025ca68f,Dan Fogelberg,The Innocent Age,,0,1,0,,not_enriched,unreviewed
10387,Sed037c5243,Johnny Nash,There Are More Questions Than Answers,,0,1,0,,not_enriched,unreviewed
10388,Sed11c7f5d2,Electric Light Orchestra,The Lights Go Down,,0,1,0,,not_enriched,unreviewed
10389,Sed13325289,Bandit,High On Your Love,,0,1,0,,not_enriched,unreviewed
10390,Sed1a681d00,R.E.M.,Gardening at Night (different vocal mix),,0,1,0,,not_enriched,unreviewed
10391,Sed1b56842b,The Black Crowes,Sister Luck,,0,1,0,,not_enriched,unreviewed
10392,Sed1b59d924,Baltimora,Global Love,,0,1,0,,not_enriched,unreviewed
10393,Sed2325dafd,The Pretenders,The Wait,,0,1,0,,not_enriched,unreviewed
10394,Sed23dd2d26,Janet Jackson,What Have You Done for Me Lately,,0,1,0,,not_enriched,unreviewed
10395,Sed2fa35aac,The Who,The Real Me,,0,1,0,,not_enriched,unreviewed
10396,Sed35b2da8a,Enigma,"Sadeness, Part I",,0,1,0,,not_enriched,unreviewed
10397,Sed384fa28f,Carpenters,Rainy Days and Mondays,,0,1,0,,not_enriched,unreviewed
10398,Sed3c2b6920,Fleetwood Mac,Save Me a Place,,0,1,0,,not_enriched,unreviewed
10399,Sed457a87bc,Trixter,Surrender,,0,1,0,,not_enriched,unreviewed
10400,Sed468751c3,Stevie Nicks,Imperial Hotel,,0,1,0,,not_enriched,unreviewed
10401,Sed475d99c2,The Fixx,Secret Separation,,0,1,0,,not_enriched,unreviewed
10402,Sed57bce768,The Rembrandts,Show Me Your Love,,0,1,0,,not_enriched,unreviewed
10403,Sed595efd65,SCANDAL,Yoake no Ryuuseigun,,0,1,0,,not_enriched,unreviewed
10404,Sed5993b8d3,REO Speedwagon,In My Dreams,,0,1,0,,not_enriched,unreviewed
10405,Sed5aba9a15,Survivor,Silver Girl,,0,1,0,,not_enriched,unreviewed
10406,Sed5e4e57b5,Waylon Jennings & Willie Nelson,I Can Get Off on You,,0,1,0,,not_enriched,unreviewed
10407,Sed5f86ca96,Chilliwack,Baby Blue,,0,1,0,,not_enriched,unreviewed
10408,Sed6015bb24,The Hollies,Falling Calling,,0,1,0,,not_enriched,unreviewed
10409,Sed62e7935e,Eric Clapton,Ain’t That Lovin’ You,,0,1,0,,not_enriched,unreviewed
10410,Sed662d70b0,Supertramp,Still in Love,,0,1,0,,not_enriched,unreviewed
10411,Sed66e6e622,"10,000 Maniacs",These Are Days,,0,1,0,,not_enriched,unreviewed
10412,Sed69700dc6,The Beatles,Drive My Car,,0,1,0,,not_enriched,unreviewed
10413,Sed844c434b,Fastball,Sooner or Later,,0,1,0,,not_enriched,unreviewed
10414,Sed920f4814,Daryl Hall & John Oates,Possession Obsession,,0,1,0,,not_enriched,unreviewed
10415,Sed921aac8e,Icehouse,Too Late Now,,0,1,0,,not_enriched,unreviewed
10416,Sed9234b9cb,Paul McCartney,Rough Ride,,0,1,0,,not_enriched,unreviewed
10417,Sed999ad7aa,R.E.M.,You Are the Everything,,0,1,0,,not_enriched,unreviewed
10418,Seda0965604,Van Halen,The Full Bug,,0,1,0,,not_enriched,unreviewed
10419,Sedae9ab0a7,John Cougar,Can You Take It,,0,1,0,,not_enriched,unreviewed
10420,Sedc3437753,John Cougar Mellencamp,Pop Singer,,0,1,0,,not_enriched,unreviewed
10421,Sedc8495a41,Steve Miller Band,Jackson‐Kent Blues,,0,1,0,,not_enriched,unreviewed
10422,Sedc85cdfdd,Blues Traveler,Freedom,,0,1,0,,not_enriched,unreviewed
10423,Sedcf84750b,Eagles,Heartache Tonight,,0,1,0,,not_enriched,unreviewed
10424,Sedd8ed5ad9,Bad Company,"Gone, Gone, Gone",,0,1,0,,not_enriched,unreviewed
10425,Sede7b5aaa4,Warren Zevon,Leave My Monkey Alone,,0,1,0,,not_enriched,unreviewed
10426,Sedeb196f57,Eurythmics,Sex Crime,,0,1,0,,not_enriched,unreviewed
10427,Seded5947b1,Derek and the Dominos,One More Chance,,0,1,0,,not_enriched,unreviewed
10428,Sedfdd39c4f,John Cougar Mellencamp,Pink Houses,,0,1,0,,not_enriched,unreviewed
10429,See0fda7cdc,Buffalo Springfield,Kind Woman,,0,1,0,,not_enriched,unreviewed
10430,See13335355,Duran Duran,Rio,,0,1,0,,not_enriched,unreviewed
10431,See14553fcf,R.E.M.,"I Don’t Sleep, I Dream",,0,1,0,,not_enriched,unreviewed
10432,See2540138d,Jesus Jones,Stripped,,0,1,0,,not_enriched,unreviewed
10433,See26ed4bdd,Don Henley,The Heart of the Matter,,0,1,0,,not_enriched,unreviewed
10434,See296aa167,Bad English,Tough Times Don't Last,,0,1,0,,not_enriched,unreviewed
10435,See2dd2dfbf,Nick Lowe,Heart,,0,1,0,,not_enriched,unreviewed
10436,See35b46220,The Rolling Stones,Hot Stuff,,0,1,0,,not_enriched,unreviewed
10437,See5059cc06,The Police,Mother,,0,1,0,,not_enriched,unreviewed
10438,See5225c3fb,Phil Collins,I Missed Again,,0,1,0,,not_enriched,unreviewed
10439,See63afcba7,Robert Palmer,"Bad Case of Lovin' You (Doctor, Doctor)",,0,1,0,,not_enriched,unreviewed
10440,See68a9a2d9,Bob Seger & the Silver Bullet Band,Love’s the Last to Know,,0,1,0,,not_enriched,unreviewed
10441,See713b2a35,The Monkees,Gonna Buy Me a Dog,,0,1,0,,not_enriched,unreviewed
10442,See76276f2f,Tevin Campbell,O Holy Night,,0,1,0,,not_enriched,unreviewed
10443,See7850227c,Little River Band,Love Will Survive,,0,1,0,,not_enriched,unreviewed
10444,See79c31ae2,America,Woman Tonight,,0,1,0,,not_enriched,unreviewed
10445,See7c26d8ea,Robert Palmer,I’ll Be Your Baby Tonight,,0,1,0,,not_enriched,unreviewed
10446,See80ec4bf6,Melissa Etheridge,Come to My Window,,0,1,0,,not_enriched,unreviewed
10447,See897b435f,Eric Clapton,Will Gaines,,0,1,0,,not_enriched,unreviewed
10448,See97a2ed08,Grateful Dead,We Can Run,,0,1,0,,not_enriched,unreviewed
10449,Seeac6e1630,Bruce Springsteen,Soul Driver,,0,1,0,,not_enriched,unreviewed
10450,Seeaf5f9468,Metallica,Battery,,0,1,0,,not_enriched,unreviewed
10451,Seeb4d759bd,Kim Mitchell,In My Shoes,,0,1,0,,not_enriched,unreviewed
10452,Seeba04a330,Barry Manilow,The Two of Us,,0,1,0,,not_enriched,unreviewed
10453,Seebad43faf,John Cougar Mellencamp,Check It Out,,0,1,0,,not_enriched,unreviewed
10454,Seec0118566,The Partridge Family,Sleigh Ride,,0,1,0,,not_enriched,unreviewed
10455,Seec3fb4c9a,Alice Cooper,The World Needs Guts,,0,1,0,,not_enriched,unreviewed
10456,Seec847386d,Glenn Frey,A Walk in the Dark,,0,1,0,,not_enriched,unreviewed
10457,Seeca6bfca3,John Fogerty,Vanz Kant Danz,,0,1,0,,not_enriched,unreviewed
10458,Seeda23e77c,Van Halen,Get Up,,0,1,0,,not_enriched,unreviewed
10459,Seedacd09d9,Mad Season,All Alone,,0,1,0,,not_enriched,unreviewed
10460,Seede634d59,"10,000 Maniacs",Stockton Gala Days,,0,1,0,,not_enriched,unreviewed
10461,Seee084b503,Elvis Presley,I’m Gonna Walk Dem Golden Stairs,,0,1,0,,not_enriched,unreviewed
10462,Seee63803b4,Quiet Riot,Cum On Feel the Noize,,0,1,0,,not_enriched,unreviewed
10463,Seeea6867cd,Aerosmith,Dude (Looks Like a Lady),,0,1,0,,not_enriched,unreviewed
10464,Seef04e8939,Foreigner,Seventeen,,0,1,0,,not_enriched,unreviewed
10465,Sef07f55cd5,John Cougar,Do You Think That's Fair,,0,1,0,,not_enriched,unreviewed
10466,Sef12dc87c3,Elvis Presley,Take My Hand Precious Lord,,0,1,0,,not_enriched,unreviewed
10467,Sef14223df8,Dan Fogelberg,The Sand and the Foam,,0,1,0,,not_enriched,unreviewed
10468,Sef15c229fa,Marcy Playground,Sex and Candy,,0,1,0,,not_enriched,unreviewed
10469,Sef1b30cb36,Paul McCartney,Get It,,0,1,0,,not_enriched,unreviewed
10470,Sef1b8f06f3,Aldo Nova,Fantasy,,0,1,0,,not_enriched,unreviewed
10471,Sef1cf259c4,Santana,Put Your Lights On,,0,1,0,,not_enriched,unreviewed
10472,Sef25b11019,Elton John,Rocket Man,,0,1,0,,not_enriched,unreviewed
10473,Sef421cb6de,The Alan Parsons Project,Don’t Answer Me,,0,1,0,,not_enriched,unreviewed
10474,Sef4596782f,Traveling Wilburys,Like a Ship,,0,1,0,,not_enriched,unreviewed
10475,Sef46d6fc64,Aerosmith,Hoodoo / Voodoo Medicine Man,,0,1,0,,not_enriched,unreviewed
10476,Sef4ec023b1,Giant,I’ll See You in My Dreams,,0,1,0,,not_enriched,unreviewed
10477,Sef5093dafc,Honeymoon Suite,Lost and Found,,0,1,0,,not_enriched,unreviewed
10478,Sef5aaf1275,Roger McGuinn,If We Never Meet Again,,0,1,0,,not_enriched,unreviewed
10479,Sef5c9ce59d,Ted Nugent,Hey Baby,,0,1,0,,not_enriched,unreviewed
10480,Sef741b7722,Billy Idol,Man for All Seasons,,0,1,0,,not_enriched,unreviewed
10481,Sef7b02fb3f,Roxy Music,The Midnight Hour,,0,1,0,,not_enriched,unreviewed
10482,Sef7ccd755d,Lou Reed,Harry’s Circumcision (Reverie Gone Astray),,0,1,0,,not_enriched,unreviewed
10483,Sef81128453,James Gang,"Ashes, the Rain and I",,0,1,0,,not_enriched,unreviewed
10484,Sef83019b1f,Triumph,Take a Stand,,0,1,0,,not_enriched,unreviewed
10485,Sef86f0b8cb,Paula Cole,Feelin’ Love,,0,1,0,,not_enriched,unreviewed
10486,Sef9e4040b7,Survivor,Children of the Night,,0,1,0,,not_enriched,unreviewed
10487,Sef9fa618d8,Warren Zevon,"Lawyers, Guns and Money",,0,1,0,,not_enriched,unreviewed
10488,Sefa15209e6,Bad Company,No Smoke Without a Fire,,0,1,0,,not_enriched,unreviewed
10489,Sefa439d101,Bryan Adams,Heaven,,0,1,0,,not_enriched,unreviewed
10490,Sefa67db2eb,Bad Company,This Could Be the One,,0,1,0,,not_enriched,unreviewed
10491,Sefa7f5b7fb,Lou Gramm,Arrow Thru Your Heart,,0,1,0,,not_enriched,unreviewed
10492,Sefae722379,Stevie Nicks,Stop Draggin’ My Heart Around,,0,1,0,,not_enriched,unreviewed
10493,Sefb1bbcca1,Rod Stewart,Is That the Thanks I Get?,,0,1,0,,not_enriched,unreviewed
10494,Sefb28ec634,Tom Petty and the Heartbreakers,Two Gunslingers,,0,1,0,,not_enriched,unreviewed
10495,Sefb495c353,The Lovin’ Spoonful,Wild About My Lovin’,,0,1,0,,not_enriched,unreviewed
10496,Sefb98695b3,Journey,Suzanne,,0,1,0,,not_enriched,unreviewed
10497,Sefba80e73a,Ian Matthews,Stealin’ Home,,0,1,0,,not_enriched,unreviewed
10498,Sefbe760ea9,Living Colour,Middle Man,,0,1,0,,not_enriched,unreviewed
10499,Sefcc53c029,Little River Band,Sleepless Nights,,0,1,0,,not_enriched,unreviewed
10500,Sefd17d5c16,Fleetwood Mac,Silver Springs,,0,1,0,,not_enriched,unreviewed
10501,Sefd75f5588,The Doors,Break On Through (to the Other Side),,0,1,0,,not_enriched,unreviewed
10502,Sefd938376d,Patty Smyth,Isn’t It Enough,,0,1,0,,not_enriched,unreviewed
10503,Sefe4e42f73,"Phantom, Rocker and Slick",What You Want,,0,1,0,,not_enriched,unreviewed
10504,Sefed27c40e,Atlanta Rhythm Section,Large Time,,0,1,0,,not_enriched,unreviewed
10505,Seff4c9fb87,Sinéad O’Connor,Nothing Compares 2 U,,0,1,0,,not_enriched,unreviewed
10506,Seff4cf98a6,Robbie Robertson,Showdown at Big Sky,,0,1,0,,not_enriched,unreviewed
10507,Sf000bebddf,Hall & Oates,Rich Girl,,0,1,0,,not_enriched,unreviewed
10508,Sf009b2414e,The Police,Synchronicity I,,0,1,0,,not_enriched,unreviewed
10509,Sf0111f4f9b,Neil Young,Can't Believe Your Lyin',,0,1,0,,not_enriched,unreviewed
10510,Sf011ffda33,Michael Jackson,The Girl Is Mine,,0,1,0,,not_enriched,unreviewed
10511,Sf02378cd2e,ZZ Top,Backdoor Medley: Backdoor Love Affair / Mellow Down Easy / Backdoor Love Affair No. 2 / Long Distance Boogie,,0,1,0,,not_enriched,unreviewed
10512,Sf023b588ae,The Del Fuegos,Coupe DeVille,,0,1,0,,not_enriched,unreviewed
10513,Sf0300dd546,"Peter, Paul & Mary",Blowin' in the Wind,,0,1,0,,not_enriched,unreviewed
10514,Sf033e333b2,Argent,God Gave Rock and Roll to You,,0,1,0,,not_enriched,unreviewed
10515,Sf03554a4b1,Hootie & the Blowfish,Not Even the Trees,,0,1,0,,not_enriched,unreviewed
10516,Sf03b216ebb,Collective Soul,Everything,,0,1,0,,not_enriched,unreviewed
10517,Sf0489a0d75,The Rolling Stones,Coming Down Again,,0,1,0,,not_enriched,unreviewed
10518,Sf04ad578f1,Elton John,Country Comfort,,0,1,0,,not_enriched,unreviewed
10519,Sf0527e5af9,AC/DC,Touch Too Much,,0,1,0,,not_enriched,unreviewed
10520,Sf05a4ec13e,Marc Cohn,Dig Down Deep,,0,1,0,,not_enriched,unreviewed
10521,Sf05e9df72e,The Who,Don’t Let Go the Coat,,0,1,0,,not_enriched,unreviewed
10522,Sf062703a54,Dennis DeYoung,Suspicious,,0,1,0,,not_enriched,unreviewed
10523,Sf065772251,The Outfield,Since You've Been Gone,,0,1,0,,not_enriched,unreviewed
10524,Sf06a0e4f97,Phil Collins,Tomorrow Never Knows,,0,1,0,,not_enriched,unreviewed
10525,Sf075f41ddd,Nick Gilder,(She's) One of the Boys,,0,1,0,,not_enriched,unreviewed
10526,Sf08aba0197,Eagles,The Long Run,,0,1,0,,not_enriched,unreviewed
10527,Sf0904272df,R.E.M.,Hairshirt,,0,1,0,,not_enriched,unreviewed
10528,Sf09374bd55,Molly Hatchet,Fall of the Peacemakers,,0,1,0,,not_enriched,unreviewed
10529,Sf0982b097b,Elton John,Blue Eyes,,0,1,0,,not_enriched,unreviewed
10530,Sf09d2471eb,Billy Joel,No Man’s Land,,0,1,0,,not_enriched,unreviewed
10531,Sf0a1abb50a,Britny Fox,Long Way From Home,,0,1,0,,not_enriched,unreviewed
10532,Sf0a444307a,The Youngbloods,The Wine Song,,0,1,0,,not_enriched,unreviewed
10533,Sf0a5fe9ef8,ZZ Top,Cheap Sunglasses,,0,1,0,,not_enriched,unreviewed
10534,Sf0b3a37f61,Pure Moods,Untitled,,0,1,0,,not_enriched,unreviewed
10535,Sf0b7a55666,Georgia Satellites,Over And Over,,0,1,0,,not_enriched,unreviewed
10536,Sf0ba740c11,Led Zeppelin,Candy Store Rock,,0,1,0,,not_enriched,unreviewed
10537,Sf0bbcfe6df,REO Speedwagon,All Heaven Broke Loose,,0,1,0,,not_enriched,unreviewed
10538,Sf0d367edae,The Outfield,Magic Seed,,0,1,0,,not_enriched,unreviewed
10539,Sf0d6c2d888,Wilson Phillips,Next to You (Someday I'll Be),,0,1,0,,not_enriched,unreviewed
10540,Sf0dbd023e1,St. Paul,Every Heart Needs a Home,,0,1,0,,not_enriched,unreviewed
10541,Sf0dd536e17,Arc Angel,Wanted: Dead or Alive,,0,1,0,,not_enriched,unreviewed
10542,Sf0dee71fc5,KISS,Take Me,,0,1,0,,not_enriched,unreviewed
10543,Sf0e090290f,Lïve,The Dam at Otter Creek,,0,1,0,,not_enriched,unreviewed
10544,Sf0e369973c,Janet Jackson,Black Cat,,0,1,0,,not_enriched,unreviewed
10545,Sf0e4b3cf55,Van Halen,Summer Nights,,0,1,0,,not_enriched,unreviewed
10546,Sf0ec15a59d,Guns N’ Roses,It’s So Easy,,0,1,0,,not_enriched,unreviewed
10547,Sf0ffe5d867,The Cranberries,Still Can’t…,,0,1,0,,not_enriched,unreviewed
10548,Sf10362d36d,Jackson Browne,Of Missing Persons,,0,1,0,,not_enriched,unreviewed
10549,Sf10c7e6e6c,The B‐52’s,Quiche Lorraine,,0,1,0,,not_enriched,unreviewed
10550,Sf11521f708,Talk Talk,Today,,0,1,0,,not_enriched,unreviewed
10551,Sf11be4260b,Michael Stanley Band,Just a Little Bit Longer,,0,1,0,,not_enriched,unreviewed
10552,Sf11c031d83,Carpenters,Christmas Waltz,,0,1,0,,not_enriched,unreviewed
10553,Sf11d154a02,Jewel,Who Will Save Your Soul,,0,1,0,,not_enriched,unreviewed
10554,Sf11f882510,Molly Hatchet,Bounty Hunter,,0,1,0,,not_enriched,unreviewed
10555,Sf142a1b896,Melissa Etheridge,Silent Legacy,,0,1,0,,not_enriched,unreviewed
10556,Sf1475f7dd8,The Beach Boys,"Dance, Dance, Dance",,0,1,0,,not_enriched,unreviewed
10557,Sf14c856020,Genesis,Alone Tonight,,0,1,0,,not_enriched,unreviewed
10558,Sf14d52c178,Steely Dan,Razor Boy,,0,1,0,,not_enriched,unreviewed
10559,Sf1515ceed2,38-Special,You're the Captain,,0,1,0,,not_enriched,unreviewed
10560,Sf1677da3c8,Gregg Allman,All My Friends,,0,1,0,,not_enriched,unreviewed
10561,Sf17909054c,Eric Clapton,Better Make It Through Today,,0,1,0,,not_enriched,unreviewed
10562,Sf18e7e3f91,Shania Twain,I Won’t Leave You Lonely,,0,1,0,,not_enriched,unreviewed
10563,Sf19204a6cd,Icehouse,On My Mind,,0,1,0,,not_enriched,unreviewed
10564,Sf193d6d093,Little River Band,Easy Money,,0,1,0,,not_enriched,unreviewed
10565,Sf19774572a,Meat Loaf,Bat Out of Hell,,0,1,0,,not_enriched,unreviewed
10566,Sf19b0df6d9,Great White,Babe (I’m Gonna Leave You),,0,1,0,,not_enriched,unreviewed
10567,Sf19cdc479e,Poison,Come Hell or High Water,,0,1,0,,not_enriched,unreviewed
10568,Sf1bdc9003d,Lisa Loeb,Stay,,0,1,0,,not_enriched,unreviewed
10569,Sf1c0ce0aee,Kenny Rogers,Coward of the County,,0,1,0,,not_enriched,unreviewed
10570,Sf1c501012d,Great White,Cryin’,,0,1,0,,not_enriched,unreviewed
10571,Sf1c56057c7,Gary Wright,Really Wanna Know You,,0,1,0,,not_enriched,unreviewed
10572,Sf1c6a4ea00,Hootie & the Blowfish,Hold My Hand,,0,1,0,,not_enriched,unreviewed
10573,Sf1cec2c2a8,Hooters,One Way Home,,0,1,0,,not_enriched,unreviewed
10574,Sf1d3bd7b27,Bonnie Raitt,I Ain’t Gonna Let You Break My Heart Again,,0,1,0,,not_enriched,unreviewed
10575,Sf1d4279f06,Sammy Hagar,I Don't Need Love,,0,1,0,,not_enriched,unreviewed
10576,Sf1e24ac6b3,Mountain,Dream Sequence: Guitar Solo/Roll Over Beethoven/Dreams of Milk and Hone,,0,1,0,,not_enriched,unreviewed
10577,Sf1e81a86cf,ZZ Top,I Thank You,,0,1,0,,not_enriched,unreviewed
10578,Sf1f57833a1,Sam Harris,I Will Not Wait for You,,0,1,0,,not_enriched,unreviewed
10579,Sf1fcdd2e84,Nilsson,Good Old Desk,,0,1,0,,not_enriched,unreviewed
10580,Sf201eb8eed,Bruce Springsteen,Independence Day,,0,1,0,,not_enriched,unreviewed
10581,Sf216b71851,The Human League,The Sound of the Crowd,,0,1,0,,not_enriched,unreviewed
10582,Sf21996ce62,Freedom And Whiskey,Lost My Way,,0,1,0,,not_enriched,unreviewed
10583,Sf21e05b86a,Christine McVie,One in a Million,,0,1,0,,not_enriched,unreviewed
10584,Sf223f19dc0,Fleetwood Mac,Hard Feelings,,0,1,0,,not_enriched,unreviewed
10585,Sf22814104c,The Sweet,The Ballroom Blitz,,0,1,0,,not_enriched,unreviewed
10586,Sf23508b16d,Aldo Nova,Under the Gun,,0,1,0,,not_enriched,unreviewed
10587,Sf23af09a70,Van Halen,Little Dreamer,,0,1,0,,not_enriched,unreviewed
10588,Sf240371a03,Genesis,Hold On My Heart,,0,1,0,,not_enriched,unreviewed
10589,Sf241686c6c,Crosby & Nash,To The Last Whale/Wind On The Water,,0,1,0,,not_enriched,unreviewed
10590,Sf26112e92b,Stone Temple Pilots,Tumble in the Rough,,0,1,0,,not_enriched,unreviewed
10591,Sf2659237a4,Whitesnake,Hungry for Love,,0,1,0,,not_enriched,unreviewed
10592,Sf26a294293,Gibson Brothers,Latin America,,0,1,0,,not_enriched,unreviewed
10593,Sf26d72bd10,Stone Temple Pilots,Art School Girl,,0,1,0,,not_enriched,unreviewed
10594,Sf28aa607a5,Huey Lewis and the News,Hope You Love Me Like You Say You Do,,0,1,0,,not_enriched,unreviewed
10595,Sf28fa2a538,Roxy Music,Oh Yeah,,0,1,0,,not_enriched,unreviewed
10596,Sf2916d0127,Journey,I’ll Be Alright Without You,,0,1,0,,not_enriched,unreviewed
10597,Sf29731bf28,The Cars,Up and Down,,0,1,0,,not_enriched,unreviewed
10598,Sf29c67362c,XTC,Summer’s Cauldron,,0,1,0,,not_enriched,unreviewed
10599,Sf29e84b958,Bandit,Change Of Heart,,0,1,0,,not_enriched,unreviewed
10600,Sf2a63ad33c,Poison,Strange Days of Uncle Jack,,0,1,0,,not_enriched,unreviewed
10601,Sf2ce67af15,Cliff Richard,"Alright, It’s Alright",,0,1,0,,not_enriched,unreviewed
10602,Sf2d369cd83,Harry Chapin,I Wanna Learn a Love Song,,0,1,0,,not_enriched,unreviewed
10603,Sf2e152c863,U2,Numb,,0,1,0,,not_enriched,unreviewed
10604,Sf2e410f479,Neil Diamond,"O Come, O Come Emmanuel / We Three Kings of Orient Are",,0,1,0,,not_enriched,unreviewed
10605,Sf2e98d890e,David & David,A Rock for the Forgotten,,0,1,0,,not_enriched,unreviewed
10606,Sf2f991d8d3,Mike + the Mechanics,The Living Years,,0,1,0,,not_enriched,unreviewed
10607,Sf30f9e322b,Richard Wright,"Sysyphus, Part 4",,0,1,0,,not_enriched,unreviewed
10608,Sf318f7df2d,Toto,Africa,,0,1,0,,not_enriched,unreviewed
10609,Sf31967fc43,Don Henley,Land of the Living,,0,1,0,,not_enriched,unreviewed
10610,Sf31becdb7e,Steely Dan,My Rival,,0,1,0,,not_enriched,unreviewed
10611,Sf31c739d6b,Badfinger,Take It All,,0,1,0,,not_enriched,unreviewed
10612,Sf31deb4077,Fleetwood Mac,When It Comes to Love,,0,1,0,,not_enriched,unreviewed
10613,Sf321521331,Jackson Browne,Love Needs a Heart,,0,1,0,,not_enriched,unreviewed
10614,Sf32276f4d1,Carpenters,Carol of the Bells,,0,1,0,,not_enriched,unreviewed
10615,Sf322b0d497,Sammy Hagar,Inside Lookin’ In,,0,1,0,,not_enriched,unreviewed
10616,Sf326e246e8,David Crosby,Melody,,0,1,0,,not_enriched,unreviewed
10617,Sf3345aab2e,Van Halen,Girl Gone Bad,,0,1,0,,not_enriched,unreviewed
10618,Sf347909e4d,Glenn Frey,I've Got Mine,,0,1,0,,not_enriched,unreviewed
10619,Sf34e2dcaee,Bryan Adams,Ain’t Gonna Cry,,0,1,0,,not_enriched,unreviewed
10620,Sf35934be00,Bette Midler,One for My Baby (And One More for the Road),,0,1,0,,not_enriched,unreviewed
10621,Sf35d00c94a,Kenny Rogers & The First Edition,Church Without a Name,,0,1,0,,not_enriched,unreviewed
10622,Sf36054be2c,Tracy Chapman,Mountains o’ Things,,0,1,0,,not_enriched,unreviewed
10623,Sf36db530e5,Eric Clapton,Walk Away,,0,1,0,,not_enriched,unreviewed
10624,Sf36fee3d59,The Babys,Gonna Be Somebody,,0,1,0,,not_enriched,unreviewed
10625,Sf3823847ae,Jewel,Jupiter,,0,1,0,,not_enriched,unreviewed
10626,Sf3a61e0603,Neil Young,Too Far Gone,,0,1,0,,not_enriched,unreviewed
10627,Sf3b0cd6390,Dire Straits,Tunnel of Love,,0,1,0,,not_enriched,unreviewed
10628,Sf3b644f5d8,The Animals,Love Is for All Time,,0,1,0,,not_enriched,unreviewed
10629,Sf3bdb6328f,Molly Hatchet,Shake the House Down,,0,1,0,,not_enriched,unreviewed
10630,Sf3bfb9ee4c,Paul Simon,Something So Right,,0,1,0,,not_enriched,unreviewed
10631,Sf3c233fb7d,Steve Miller Band,I Want to Make the World Turn Around,,0,1,0,,not_enriched,unreviewed
10632,Sf3c6ad5f3a,Tom Petty and the Heartbreakers,Built to Last,,0,1,0,,not_enriched,unreviewed
10633,Sf3cb9b9e89,Red Rider,Can’t Turn Back,,0,1,0,,not_enriched,unreviewed
10634,Sf3d31734b0,Journey,Open Arms,,0,1,0,,not_enriched,unreviewed
10635,Sf3d4f226f1,Jethro Tull,My God,,0,1,0,,not_enriched,unreviewed
10636,Sf3db2bfc5a,Bonham,Dreams,,0,1,0,,not_enriched,unreviewed
10637,Sf3de54a80a,Burton Cummings,Burch Magic,,0,1,0,,not_enriched,unreviewed
10638,Sf3e56e2a6e,Scandal,Maybe We Went Too Far,,0,1,0,,not_enriched,unreviewed
10639,Sf3e62d5781,John Stewart,Hand Your Heart to the Wind,,0,1,0,,not_enriched,unreviewed
10640,Sf3efe1e27b,Scorpions,Hit Between the Eyes,,0,1,0,,not_enriched,unreviewed
10641,Sf3f349c57c,Sammy Hagar,Give to Live,,0,1,0,,not_enriched,unreviewed
10642,Sf3f9f48947,Andy Williams,O Little Town of Bethlehem,,0,1,0,,not_enriched,unreviewed
10643,Sf4023d2b94,Carpenters,(Want You) Back in My Life Again,,0,1,0,,not_enriched,unreviewed
10644,Sf4049c08ef,Wham!,Everything She Wants,,0,1,0,,not_enriched,unreviewed
10645,Sf404f40ffd,Whitesnake,Slide It In,,0,1,0,,not_enriched,unreviewed
10646,Sf40dff2513,Mr. Mister,Is It Love,,0,1,0,,not_enriched,unreviewed
10647,Sf411513f44,The Breeders,Do You Love Me Now?,,0,1,0,,not_enriched,unreviewed
10648,Sf41ce2b6d2,Tom Petty and the Heartbreakers,Straight Into Darkness,,0,1,0,,not_enriched,unreviewed
10649,Sf42d9d4297,Bad Company,Never Too Late,,0,1,0,,not_enriched,unreviewed
10650,Sf42e9e514b,Bee Gees,Country Lanes,,0,1,0,,not_enriched,unreviewed
10651,Sf438a0cf90,The Fixx,Red Skies,,0,1,0,,not_enriched,unreviewed
10652,Sf452a9471e,Meredith Brooks,Birthday,,0,1,0,,not_enriched,unreviewed
10653,Sf462ee9ff7,Elton John,It Ain't Gonna Be Easy,,0,1,0,,not_enriched,unreviewed
10654,Sf46958277e,The Motels,Monday Shutdown,,0,1,0,,not_enriched,unreviewed
10655,Sf472bcb6ef,Traveling Wilburys,Maxine,,0,1,0,,not_enriched,unreviewed
10656,Sf47609624b,k.d. lang,Miss Chatelaine,,0,1,0,,not_enriched,unreviewed
10657,Sf47e17bd6b,Nirvana,Where Did You Sleep Last Night?,,0,1,0,,not_enriched,unreviewed
10658,Sf490155766,Squeeze,There’s No Tomorrow,,0,1,0,,not_enriched,unreviewed
10659,Sf49fdb381c,Marcy Playground,Dog and His Master,,0,1,0,,not_enriched,unreviewed
10660,Sf4a1227aea,The Lovin’ Spoonful,Daydream,,0,1,0,,not_enriched,unreviewed
10661,Sf4af918e38,Glenn Frey,New Love,,0,1,0,,not_enriched,unreviewed
10662,Sf4b9c21b80,Grateful Dead,Hell in a Bucket,,0,1,0,,not_enriched,unreviewed
10663,Sf4bd2554e4,The Who,(Nothing Is Everything) Let's See Action,,0,1,0,,not_enriched,unreviewed
10664,Sf4bf1b42e4,The Beach Boys,The Warmth of the Sun,,0,1,0,,not_enriched,unreviewed
10665,Sf4c6042904,"Blood, Sweat & Tears",Hi-De-Ho,,0,1,0,,not_enriched,unreviewed
10666,Sf4c6486e76,Russ Ballard,Bad Boy,,0,1,0,,not_enriched,unreviewed
10667,Sf4cdf0d58b,Billy Joel,A Minor Variation,,0,1,0,,not_enriched,unreviewed
10668,Sf4d83283c3,Duran Duran,New Religion,,0,1,0,,not_enriched,unreviewed
10669,Sf4d8f4c712,April Wine,Say Hello,,0,1,0,,not_enriched,unreviewed
10670,Sf4dcdaa598,Carpenters,Overture: Happy Holiday / The First Noel / March of the Toys / Little Jesus / I Saw Mommy Kissing Santa Claus / O Little Town of Bethlehem / In Dulce Jubilo / Gesu Bambino / Angels We Have Heard on High,,0,1,0,,not_enriched,unreviewed
10671,Sf4debf9810,Toad the Wet Sprocket,All I Want,,0,1,0,,not_enriched,unreviewed
10672,Sf4e6aa2742,Hooters,Engine 999,,0,1,0,,not_enriched,unreviewed
10673,Sf4e9e95156,Lou Reed,Cremation (Ashes to Ashes),,0,1,0,,not_enriched,unreviewed
10674,Sf4eda393ff,Heart,Easy Target,,0,1,0,,not_enriched,unreviewed
10675,Sf4ef1b6a0b,Bandit,I'm A Rocker,,0,1,0,,not_enriched,unreviewed
10676,Sf4eff1abd2,Blind Melon,Dear Ol' Dad,,0,1,0,,not_enriched,unreviewed
10677,Sf4f255816b,Fastball,"Charlie, the Methadone Man",,0,1,0,,not_enriched,unreviewed
10678,Sf4f4c60b36,Romeo Void,Say No,,0,1,0,,not_enriched,unreviewed
10679,Sf5055c64ce,Georgia Satellites,The Myth Of Love,,0,1,0,,not_enriched,unreviewed
10680,Sf5064a148e,George Thorogood & the Destroyers,I Really Like Girls,,0,1,0,,not_enriched,unreviewed
10681,Sf5108e0f97,Danny Wilde,The Boyfriend,,0,1,0,,not_enriched,unreviewed
10682,Sf5160ebb40,38-Special,Robin Hood,,0,1,0,,not_enriched,unreviewed
10683,Sf517097866,The Kinks,Going Solo,,0,1,0,,not_enriched,unreviewed
10684,Sf5177e0393,Glenn Frey,The One You Love,,0,1,0,,not_enriched,unreviewed
10685,Sf522b26581,Bon Jovi,Jam: Hound Dog / Long Tall Sally / Blue Suede Shoes / Rock and Roll,,0,1,0,,not_enriched,unreviewed
10686,Sf538a132d4,Savage Garden,Violet,,0,1,0,,not_enriched,unreviewed
10687,Sf53962d414,Meat Loaf,All Revved Up With No Place to Go,,0,1,0,,not_enriched,unreviewed
10688,Sf53d68c605,John Cougar,Hot Night in a Cold Town,,0,1,0,,not_enriched,unreviewed
10689,Sf53e858f8c,Sponge,Miles,,0,1,0,,not_enriched,unreviewed
10690,Sf53fb629ee,Bryan Adams,Remembrance Day,,0,1,0,,not_enriched,unreviewed
10691,Sf540d9c9a2,Natalie Merchant,Wonder,,0,1,0,,not_enriched,unreviewed
10692,Sf5428da7fe,Toad the Wet Sprocket,Is It for Me,,0,1,0,,not_enriched,unreviewed
10693,Sf5445ad652,Joe Walsh,Good Man Down,,0,1,0,,not_enriched,unreviewed
10694,Sf54626ab6a,The Kinks,Summer’s Gone,,0,1,0,,not_enriched,unreviewed
10695,Sf549b603d1,R.E.M.,Star 69,,0,1,0,,not_enriched,unreviewed
10696,Sf54c107fa4,Little River Band,Mistress of Mine,,0,1,0,,not_enriched,unreviewed
10697,Sf54cc41adf,The Rolling Stones,Slave,,0,1,0,,not_enriched,unreviewed
10698,Sf55a85e3d4,Kenny G,The Joy of Life,,0,1,0,,not_enriched,unreviewed
10699,Sf56a21d81c,Yes,Saving My Heart,,0,1,0,,not_enriched,unreviewed
10700,Sf57312d42f,Tracy Chapman,If Not Now…,,0,1,0,,not_enriched,unreviewed
10701,Sf57784accd,REO Speedwagon,Drop It (An Old Disguise),,0,1,0,,not_enriched,unreviewed
10702,Sf57aa068de,Walter Egan,Magnet and Steel,,0,1,0,,not_enriched,unreviewed
10703,Sf58b86058c,Ted Nugent,Motor City Madhouse,,0,1,0,,not_enriched,unreviewed
10704,Sf58e7a20cb,John Cafferty & the Beaver Brown Band,More Than Just One of the Boys,,0,1,0,,not_enriched,unreviewed
10705,Sf59a7182a3,Van Morrison,Everyone,,0,1,0,,not_enriched,unreviewed
10706,Sf59e042338,Electric Light Orchestra,Daybreaker,,0,1,0,,not_enriched,unreviewed
10707,Sf5a51422a6,Jude Cole,Stranger to Myself,,0,1,0,,not_enriched,unreviewed
10708,Sf5a6e99709,The Beach Boys,Talk to Me,,0,1,0,,not_enriched,unreviewed
10709,Sf5a8157829,Foreigner,I Want to Know What Love Is,,0,1,0,,not_enriched,unreviewed
10710,Sf5aa17edca,Nirvana,Scentless Apprentice,,0,1,0,,not_enriched,unreviewed
10711,Sf5ac805873,Planet P Project,To Live Forever,,0,1,0,,not_enriched,unreviewed
10712,Sf5ad6a08db,38-Special,You Got the Deal,,0,1,0,,not_enriched,unreviewed
10713,Sf5b1ca7267,Sammy Hagar,Swept Away,,0,1,0,,not_enriched,unreviewed
10714,Sf5bd5b5d9c,Jackson Browne,Cut It Away,,0,1,0,,not_enriched,unreviewed
10715,Sf5bf5206b6,4 Non Blondes,Pleasantly Blue,,0,1,0,,not_enriched,unreviewed
10716,Sf5cd8f4c01,Pink Floyd,The Gunners Dream,,0,1,0,,not_enriched,unreviewed
10717,Sf5d30386ae,The Robert Cray Band,Nothin’ but a Woman,,0,1,0,,not_enriched,unreviewed
10718,Sf5da825886,Zebra,One More Chance,,0,1,0,,not_enriched,unreviewed
10719,Sf5dcaaa894,"10,000 Maniacs",Circle Dream,,0,1,0,,not_enriched,unreviewed
10720,Sf5e43a982a,Tommy James & the Shondells,She,,0,1,0,,not_enriched,unreviewed
10721,Sf5f81b3c39,Jay Ferguson,Losing Control,,0,1,0,,not_enriched,unreviewed
10722,Sf5fa83374f,Paula Cole,Carmen,,0,1,0,,not_enriched,unreviewed
10723,Sf5fb94d23e,Neil Young,Life in the City,,0,1,0,,not_enriched,unreviewed
10724,Sf601761406,Corey Hart,Silent Talking,,0,1,0,,not_enriched,unreviewed
10725,Sf6047fc61f,Poison,Ain’t That the Truth,,0,1,0,,not_enriched,unreviewed
10726,Sf608709973,City Boy,Cigarettes,,0,1,0,,not_enriched,unreviewed
10727,Sf612229f4b,George Thorogood & the Destroyers,The Ballad of Maverick,,0,1,0,,not_enriched,unreviewed
10728,Sf61a55ae4a,Scandal,The Warrior,,0,1,0,,not_enriched,unreviewed
10729,Sf61ae94fc2,Paul McCartney,Keep Under Cover,,0,1,0,,not_enriched,unreviewed
10730,Sf62985ac32,Garth Brooks,Cold Shoulder,,0,1,0,,not_enriched,unreviewed
10731,Sf62ed5716f,U2,Sunday Bloody Sunday,,0,1,0,,not_enriched,unreviewed
10732,Sf639326dfe,Eagles,The Girl From Yesterday,,0,1,0,,not_enriched,unreviewed
10733,Sf63b3ead1c,Toto,Gift With a Golden Gun,,0,1,0,,not_enriched,unreviewed
10734,Sf643afec42,Sneaker,"Get Up, Get Out",,0,1,0,,not_enriched,unreviewed
10735,Sf64978852c,Steve Miller Band,Circle of Fire,,0,1,0,,not_enriched,unreviewed
10736,Sf64eb7570a,Extreme,Li’l Jack Horny,,0,1,0,,not_enriched,unreviewed
10737,Sf659342863,Toad the Wet Sprocket,Walk on the Ocean,,0,1,0,,not_enriched,unreviewed
10738,Sf65d1d2a2a,Elton John,All the Girls Love Alice,,0,1,0,,not_enriched,unreviewed
10739,Sf665f7cc80,Tom Cochrane & Red Rider,Lasting Song,,0,1,0,,not_enriched,unreviewed
10740,Sf66959641d,John Cougar Mellencamp,Down and Out in Paradise,,0,1,0,,not_enriched,unreviewed
10741,Sf66d75d166,The Vaughan Brothers,D/FW,,0,1,0,,not_enriched,unreviewed
10742,Sf684b10967,AC/DC,Shot of Love,,0,1,0,,not_enriched,unreviewed
10743,Sf68afa182b,38 Special,Heart's on Fire,,0,1,0,,not_enriched,unreviewed
10744,Sf697ff8c90,Freedom And Whiskey,The Slide,,0,1,0,,not_enriched,unreviewed
10745,Sf69ef48e3b,Grateful Dead,Rosemary,,0,1,0,,not_enriched,unreviewed
10746,Sf69f317f7e,Journey,Rubicon,,0,1,0,,not_enriched,unreviewed
10747,Sf6a4533811,The Kingbees,Once Is Not Enough,,0,1,0,,not_enriched,unreviewed
10748,Sf6ab8692df,The Moody Blues,Blue World,,0,1,0,,not_enriched,unreviewed
10749,Sf6b53ff246,Gary Wright,Feel for Me,,0,1,0,,not_enriched,unreviewed
10750,Sf6ba5eec4d,Jimi Hendrix Experience,Fire,,0,1,0,,not_enriched,unreviewed
10751,Sf6ba7f0cdb,Billy Joel,Streetlife Serenader,,0,1,0,,not_enriched,unreviewed
10752,Sf6d0328a42,Pretenders,Don’t Get Me Wrong,,0,1,0,,not_enriched,unreviewed
10753,Sf6df3edae7,Elton John,Feed Me,,0,1,0,,not_enriched,unreviewed
10754,Sf6f805ddee,Billy Squier,In the Dark,,0,1,0,,not_enriched,unreviewed
10755,Sf700b6d2cc,Eric Clapton,Mean Old Frisco,,0,1,0,,not_enriched,unreviewed
10756,Sf706829272,Red Hot Chili Peppers,The Righteous & the Wicked,,0,1,0,,not_enriched,unreviewed
10757,Sf706f1f07e,Gerry Rafferty,Stealin' Time,,0,1,0,,not_enriched,unreviewed
10758,Sf707c253b2,Fighter X,Doom,,0,1,0,,not_enriched,unreviewed
10759,Sf70e7118a9,Tom Petty and the Heartbreakers,No Second Thoughts,,0,1,0,,not_enriched,unreviewed
10760,Sf7124e695a,Bread,She's the Only One,,0,1,0,,not_enriched,unreviewed
10761,Sf716f9bd77,The Human League,Seconds,,0,1,0,,not_enriched,unreviewed
10762,Sf71a4f0946,April Wine,Sign of the Gypsy Queen,,0,1,0,,not_enriched,unreviewed
10763,Sf72f29406e,Loverboy,Teenage Overdose,,0,1,0,,not_enriched,unreviewed
10764,Sf733b3c3cf,City Boy,"Do What You Do, Do Well",,0,1,0,,not_enriched,unreviewed
10765,Sf73bc1d676,Stevie Nicks,Gold and Braid,,0,1,0,,not_enriched,unreviewed
10766,Sf73c942e29,Journey,Escape,,0,1,0,,not_enriched,unreviewed
10767,Sf74b1ba1d3,Cheap Trick,She’s Leaving Home,,0,1,0,,not_enriched,unreviewed
10768,Sf74c5019f5,James Taylor,Handy Man,,0,1,0,,not_enriched,unreviewed
10769,Sf752ead2b0,Paul Simon,Take Me to the Mardi Gras,,0,1,0,,not_enriched,unreviewed
10770,Sf757d2cc5b,Todd Rundgren,Fidelity,,0,1,0,,not_enriched,unreviewed
10771,Sf757e5f3c0,Paul McCartney,We Got Married,,0,1,0,,not_enriched,unreviewed
10772,Sf75940e11e,Dire Straits,Iron Hand,,0,1,0,,not_enriched,unreviewed
10773,Sf763c2c927,Eric Clapton,Too Bad,,0,1,0,,not_enriched,unreviewed
10774,Sf7665ab04c,Crosby & Nash,Page 43,,0,1,0,,not_enriched,unreviewed
10775,Sf76a8f1e26,Squeeze,Woman’s World,,0,1,0,,not_enriched,unreviewed
10776,Sf774989d74,Fleetwood Mac,Gypsy,,0,1,0,,not_enriched,unreviewed
10777,Sf780b8cdeb,Porno for Pyros,Cursed Male,,0,1,0,,not_enriched,unreviewed
10778,Sf781af5996,Billy Joel,Until the Night,,0,1,0,,not_enriched,unreviewed
10779,Sf7920767cd,Toto,Angela,,0,1,0,,not_enriched,unreviewed
10780,Sf7925351c8,Metallica,Welcome Home (Sanitarium),,0,1,0,,not_enriched,unreviewed
10781,Sf7a18219cc,38 Special,Firestarter,,0,1,0,,not_enriched,unreviewed
10782,Sf7a23ce7eb,Taylor Dayne,Heart of Stone,,0,1,0,,not_enriched,unreviewed
10783,Sf7b2a7f7aa,Triumph,Movin’ On,,0,1,0,,not_enriched,unreviewed
10784,Sf7c486023e,Carly Simon,Our First Day Together,,0,1,0,,not_enriched,unreviewed
10785,Sf7c4bf4a0d,Santana,Africa Bamba,,0,1,0,,not_enriched,unreviewed
10786,Sf7cbc6c03a,The Beach Boys,Wouldn't It Be Nice,,0,1,0,,not_enriched,unreviewed
10787,Sf7cc1a5832,Red Hot Chili Peppers,Naked in the Rain,,0,1,0,,not_enriched,unreviewed
10788,Sf7d906ab3e,Pearl Jam,MFC,,0,1,0,,not_enriched,unreviewed
10789,Sf7de82a411,Commodores,Easy,,0,1,0,,not_enriched,unreviewed
10790,Sf7efdf1db4,Rick Derringer,"Jump, Jump, Jump",,0,1,0,,not_enriched,unreviewed
10791,Sf7f710ca03,Foreigner,Two Different Worlds,,0,1,0,,not_enriched,unreviewed
10792,Sf7fe7b0bab,The Sweet,Fever of Love,,0,1,0,,not_enriched,unreviewed
10793,Sf8057930ac,Paul McCartney,And I Love Her,,0,1,0,,not_enriched,unreviewed
10794,Sf80ab05d23,Living Colour,Desperate People,,0,1,0,,not_enriched,unreviewed
10795,Sf81837f1c7,Bette Midler,Wind Beneath My Wings,,0,1,0,,not_enriched,unreviewed
10796,Sf8188adf3c,The Human League,Darkness,,0,1,0,,not_enriched,unreviewed
10797,Sf819f4cf4d,38-Special,Take Me Through the Night (Part 2),,0,1,0,,not_enriched,unreviewed
10798,Sf820e5cff8,Cat Stevens,Moonshadow,,0,1,0,,not_enriched,unreviewed
10799,Sf843c065bb,R.E.M.,(Don't Go Back to) Rockville,,0,1,0,,not_enriched,unreviewed
10800,Sf85f3089e7,Slaughter,Spend My Life,,0,1,0,,not_enriched,unreviewed
10801,Sf87871bfe2,Cyndi Lauper,Witness,,0,1,0,,not_enriched,unreviewed
10802,Sf87cbcac28,Eric Clapton,Bad Influence,,0,1,0,,not_enriched,unreviewed
10803,Sf87d648e21,Corey Hart,She Got the Radio,,0,1,0,,not_enriched,unreviewed
10804,Sf8871b5038,AC/DC,Shot Down in Flames,,0,1,0,,not_enriched,unreviewed
10805,Sf8903724de,Jimi Hendrix Experience,Crosstown Traffic,,0,1,0,,not_enriched,unreviewed
10806,Sf89c614667,Metallica,Through the Never,,0,1,0,,not_enriched,unreviewed
10807,Sf89ccc9c7d,Def Leppard,Hysteria,,0,1,0,,not_enriched,unreviewed
10808,Sf8a467bb3d,Stevie Ray Vaughan and Double Trouble,Cold Shot,,0,1,0,,not_enriched,unreviewed
10809,Sf8b3b22ffa,Nils Lofgren,In Motion,,0,1,0,,not_enriched,unreviewed
10810,Sf8b61b16ac,Bonnie Raitt,"Good Man, Good Woman",,0,1,0,,not_enriched,unreviewed
10811,Sf8beec4e5d,Roxy Music,Flesh and Blood,,0,1,0,,not_enriched,unreviewed
10812,Sf8bf048ab8,Jewel,Foolish Games,,0,1,0,,not_enriched,unreviewed
10813,Sf8c151daf6,Foreigner,I Don’t Want to Live Without You,,0,1,0,,not_enriched,unreviewed
10814,Sf8c17d79de,Ringo Starr,Goodnight Vienna (reprise),,0,1,0,,not_enriched,unreviewed
10815,Sf8c4641089,Bachman–Turner Overdrive,"Rock Is My Life, and This Is My Song",,0,1,0,,not_enriched,unreviewed
10816,Sf8ce575e7a,Steve Earle,Snake Oil,,0,1,0,,not_enriched,unreviewed
10817,Sf8d8b4441c,Planet P Project,The Stranger,,0,1,0,,not_enriched,unreviewed
10818,Sf8d98fffa8,Mountain,Flowers of Evil,,0,1,0,,not_enriched,unreviewed
10819,Sf8def9c3ab,Billy Joel,"The Downeaster ""Alexa""",,0,1,0,,not_enriched,unreviewed
10820,Sf8fd3fc6b9,Styx,"Half-Penny, Two-Penny",,0,1,0,,not_enriched,unreviewed
10821,Sf90f400a00,The Police,Man in a Suitcase,,0,1,0,,not_enriched,unreviewed
10822,Sf915a8332d,David Baerwald,Liberty Lies,,0,1,0,,not_enriched,unreviewed
10823,Sf923424934,The J. Geils Band,River Blindness,,0,1,0,,not_enriched,unreviewed
10824,Sf92bffa549,Elton John,Kiss the Bride,,0,1,0,,not_enriched,unreviewed
10825,Sf92e60ef60,Planet P Project,Top of the World,,0,1,0,,not_enriched,unreviewed
10826,Sf93003a0df,Neil Young,Pocahontas,,0,1,0,,not_enriched,unreviewed
10827,Sf93b17af4e,The Charlie Daniels Band,The Legend of Wooley Swamp,,0,1,0,,not_enriched,unreviewed
10828,Sf93fdf932d,Helix,No Rest for the Wicked,,0,1,0,,not_enriched,unreviewed
10829,Sf9459a55a9,Janet Jackson,Interlude: Pledge,,0,1,0,,not_enriched,unreviewed
10830,Sf953631573,Eddie Money,The Wish,,0,1,0,,not_enriched,unreviewed
10831,Sf9540e3251,Harry Chapin,Danceband on the Titanic,,0,1,0,,not_enriched,unreviewed
10832,Sf95ab1001f,Shania Twain,Love Gets Me Every Time,,0,1,0,,not_enriched,unreviewed
10833,Sf9627789d2,April Wine,One More Time,,0,1,0,,not_enriched,unreviewed
10834,Sf9678f5158,Ted Nugent,Stranglehold,,0,1,0,,not_enriched,unreviewed
10835,Sf975cb577a,Elvis Presley,Here Comes Santa Claus,,0,1,0,,not_enriched,unreviewed
10836,Sf9764b43e1,INXS,Black and White,,0,1,0,,not_enriched,unreviewed
10837,Sf976d096d8,R.E.M.,King of Comedy,,0,1,0,,not_enriched,unreviewed
10838,Sf97aedec22,Led Zeppelin,The Wanton Song,,0,1,0,,not_enriched,unreviewed
10839,Sf9866c391b,Elton John,Amoreena,,0,1,0,,not_enriched,unreviewed
10840,Sf9940c46ac,Eagles,One of These Nights,,0,1,0,,not_enriched,unreviewed
10841,Sf99ccf8bc4,Anderson Bruford Wakeman Howe,"Themes: Sound, Second Attention, Soul Warrior",,0,1,0,,not_enriched,unreviewed
10842,Sf99e1ad712,Bruce Springsteen,Point Blank,,0,1,0,,not_enriched,unreviewed
10843,Sf9a64c2400,Electric Light Orchestra,One Summer Dream,,0,1,0,,not_enriched,unreviewed
10844,Sf9a78a5ba9,Styx,She Cares,,0,1,0,,not_enriched,unreviewed
10845,Sf9ac458689,Paul Simon,Slip Slidin' Away,,0,1,0,,not_enriched,unreviewed
10846,Sf9c1cca387,Robert Plant,Worse Than Detroit,,0,1,0,,not_enriched,unreviewed
10847,Sf9c8e10982,Go‐Go’s,Worlds Away,,0,1,0,,not_enriched,unreviewed
10848,Sf9cdcf6ae7,Bob Seger & the Silver Bullet Band,The Ring,,0,1,0,,not_enriched,unreviewed
10849,Sf9d82d2065,Johnny Mathis,Toyland,,0,1,0,,not_enriched,unreviewed
10850,Sf9dadb9d98,Baltimora,Come on Strike,,0,1,0,,not_enriched,unreviewed
10851,Sf9e100d75f,Squeeze,Heaven,,0,1,0,,not_enriched,unreviewed
10852,Sf9e71b7f14,Grateful Dead,The Golden Road (to Unlimited Devotion),,0,1,0,,not_enriched,unreviewed
10853,Sf9e815da1f,Squeeze,Mumbo Jumbo,,0,1,0,,not_enriched,unreviewed
10854,Sf9e9b7e701,St. Paul,Stranger to Love,,0,1,0,,not_enriched,unreviewed
10855,Sf9f33dd110,Splinter,Somebody’s City,,0,1,0,,not_enriched,unreviewed
10856,Sf9f45a4434,Pink Floyd,Terminal Frost,,0,1,0,,not_enriched,unreviewed
10857,Sfa0602f542,Paul McCartney,Be What You See (Link),,0,1,0,,not_enriched,unreviewed
10858,Sfa06f0a674,Randy Travis,Jingle Bell Rock,,0,1,0,,not_enriched,unreviewed
10859,Sfa0c093939,Johnny Nash,How Good It Is,,0,1,0,,not_enriched,unreviewed
10860,Sfa0d3be0ec,Fastball,Fire Escape,,0,1,0,,not_enriched,unreviewed
10861,Sfa129d9609,Blue Öyster Cult,Mirrors,,0,1,0,,not_enriched,unreviewed
10862,Sfa1b97cd5d,Tom Petty,Crawling Back to You,,0,1,0,,not_enriched,unreviewed
10863,Sfa255faef4,Sam Harris,Sugar Don't Bite,,0,1,0,,not_enriched,unreviewed
10864,Sfa2c2d911c,Ten Years After,Uncle Jam,,0,1,0,,not_enriched,unreviewed
10865,Sfa4001b8d7,Chris Rea,You Must Be Evil,,0,1,0,,not_enriched,unreviewed
10866,Sfa41695841,Dan Fogelberg,Guitar Etude No. 3,,0,1,0,,not_enriched,unreviewed
10867,Sfa47af3d64,Tom Petty,You Don’t Know How It Feels,,0,1,0,,not_enriched,unreviewed
10868,Sfa4927c81f,John Waite,For Your Love,,0,1,0,,not_enriched,unreviewed
10869,Sfa532fb164,Blondie,The Tide Is High,,0,1,0,,not_enriched,unreviewed
10870,Sfa57b3e825,SCANDAL,Pin Heel Surfer,,0,1,0,,not_enriched,unreviewed
10871,Sfa606a7dc9,Billy Joel,Everybody Loves You Now,,0,1,0,,not_enriched,unreviewed
10872,Sfa61f476a9,Bob Dylan,I and I,,0,1,0,,not_enriched,unreviewed
10873,Sfa707115c8,Billy Joel,We Didn't Start the Fire,,0,1,0,,not_enriched,unreviewed
10874,Sfa75340360,SCANDAL,Taiyou to Kimi ga Egaku STORY,,0,1,0,,not_enriched,unreviewed
10875,Sfa827bb4f3,Jackson Browne,Shaky Town,,0,1,0,,not_enriched,unreviewed
10876,Sfa836be862,Triumph,Fool for Your Love,,0,1,0,,not_enriched,unreviewed
10877,Sfa9525acaa,Billy Thorpe,Solar Anthem,,0,1,0,,not_enriched,unreviewed
10878,Sfa976be077,Sammy Hagar,Can’t Get Loose,,0,1,0,,not_enriched,unreviewed
10879,Sfaae782c85,Def Leppard,Rocket,,0,1,0,,not_enriched,unreviewed
10880,Sfab79f0c70,The Alan Parsons Project,I’d Rather Be a Man (5.1 mix),,0,1,0,,not_enriched,unreviewed
10881,Sfabd48eb91,Nelson,Fill You Up,,0,1,0,,not_enriched,unreviewed
10882,Sface25c646,The Call,Closer,,0,1,0,,not_enriched,unreviewed
10883,Sfacff41af3,Bob Dylan,Simple Twist of Fate,,0,1,0,,not_enriched,unreviewed
10884,Sfad26dc855,Argent,Keep on Rollin',,0,1,0,,not_enriched,unreviewed
10885,Sfadadb3447,The Alan Parsons Project,(The System of) Doctor Tarr and Professor Fether,,0,1,0,,not_enriched,unreviewed
10886,Sfae3a01bf7,Billy Joel,Stiletto,,0,1,0,,not_enriched,unreviewed
10887,Sfaf0649d07,Sinéad O’Connor,The Last Day of Our Acquaintance,,0,1,0,,not_enriched,unreviewed
10888,Sfb04300191,Firefall,Head on Home,,0,1,0,,not_enriched,unreviewed
10889,Sfb04ecc78c,Blue Öyster Cult,Tattoo Vampire,,0,1,0,,not_enriched,unreviewed
10890,Sfb0718dd4b,Slaughter,Eye to Eye,,0,1,0,,not_enriched,unreviewed
10891,Sfb13678506,Carpenters,I Need to Be in Love,,0,1,0,,not_enriched,unreviewed
10892,Sfb1d520b29,Franke & the Knockouts,Gina,,0,1,0,,not_enriched,unreviewed
10893,Sfb1f31c4eb,Firefall,Headed for a Fall,,0,1,0,,not_enriched,unreviewed
10894,Sfb296d8561,The Sweet,Love Is Like Oxygen,,0,1,0,,not_enriched,unreviewed
10895,Sfb29cd8f69,Planet P Project,Behind the Barrier,,0,1,0,,not_enriched,unreviewed
10896,Sfb2bdd25d3,Huey Lewis & the News,I Never Walk Alone,,0,1,0,,not_enriched,unreviewed
10897,Sfb2f2bc4d7,John Cougar Mellencamp,Warmer Place to Sleep,,0,1,0,,not_enriched,unreviewed
10898,Sfb33c17bc2,Annie Lennox,A Whiter Shade of Pale,,0,1,0,,not_enriched,unreviewed
10899,Sfb3a9519fe,Supertramp,You Never Can Tell With Friends,,0,1,0,,not_enriched,unreviewed
10900,Sfb3c215932,Jim Capaldi,Back at My Place,,0,1,0,,not_enriched,unreviewed
10901,Sfb4da32a20,Bachman–Turner Overdrive,Second Hand,,0,1,0,,not_enriched,unreviewed
10902,Sfb5b8cf383,Triumph,Magic Power,,0,1,0,,not_enriched,unreviewed
10903,Sfb793ae658,Melissa Etheridge,Talking to My Angel,,0,1,0,,not_enriched,unreviewed
10904,Sfb82565278,Santana,Mother’s Daughter,,0,1,0,,not_enriched,unreviewed
10905,Sfb83895496,Helix,White Lace and Black Leather,,0,1,0,,not_enriched,unreviewed
10906,Sfb92bae595,Prince,Temptation,,0,1,0,,not_enriched,unreviewed
10907,Sfb96a53dab,Traveling Wilburys,Inside Out,,0,1,0,,not_enriched,unreviewed
10908,Sfb96ece197,ZZ Top,Bar‐B‐Q,,0,1,0,,not_enriched,unreviewed
10909,Sfb98cb0f0d,Stevie Ray Vaughan & Double Trouble,Little Wing,,0,1,0,,not_enriched,unreviewed
10910,Sfb9eb90b35,Britny Fox,Dream On,,0,1,0,,not_enriched,unreviewed
10911,Sfba332cf89,Franke & the Knockouts,Have No Fear,,0,1,0,,not_enriched,unreviewed
10912,Sfba8dec889,Free,Heavyload,,0,1,0,,not_enriched,unreviewed
10913,Sfbb18ee09b,Kenny G,Sentimental,,0,1,0,,not_enriched,unreviewed
10914,Sfbc075b864,Neil Young,Bad News Beat,,0,1,0,,not_enriched,unreviewed
10915,Sfbc9e290a7,Joe Walsh,The Gamma Goochee,,0,1,0,,not_enriched,unreviewed
10916,Sfbd67849dc,Jefferson Airplane,Today,,0,1,0,,not_enriched,unreviewed
10917,Sfbd8f1a253,Billy Squier,Wink of an Eye,,0,1,0,,not_enriched,unreviewed
10918,Sfbd9833405,The Black Crowes,Stare It Cold,,0,1,0,,not_enriched,unreviewed
10919,Sfbee84ced0,Talking Heads,Memories Can’t Wait,,0,1,0,,not_enriched,unreviewed
10920,Sfc051e461a,Badfinger,Crimson Ship,,0,1,0,,not_enriched,unreviewed
10921,Sfc0fd1e609,The Partridge Family,White Christmas,,0,1,0,,not_enriched,unreviewed
10922,Sfc1646b0b3,Nick Lowe,36 Inches High,,0,1,0,,not_enriched,unreviewed
10923,Sfc272137fa,Eric Johnson,Forty Mile Town,,0,1,0,,not_enriched,unreviewed
10924,Sfc30ca5d7c,Duran Duran,Save a Prayer,,0,1,0,,not_enriched,unreviewed
10925,Sfc324b18df,Carpenters,On the Balcony of the Casa Rosada / Don’t Cry for Me Argentina,,0,1,0,,not_enriched,unreviewed
10926,Sfc33b38472,Gregg Allman,Multi-Colored Lady,,0,1,0,,not_enriched,unreviewed
10927,Sfc344e27e3,The Doobie Brothers,Need a Little Taste of Love,,0,1,0,,not_enriched,unreviewed
10928,Sfc39b55f71,Huey Lewis and the News,Change of Heart,,0,1,0,,not_enriched,unreviewed
10929,Sfc40ebb694,Carpenters,Christmas Song (Chestnuts Roasting on an Open Fire),,0,1,0,,not_enriched,unreviewed
10930,Sfc429812d0,The Firm,Money Can't Buy,,0,1,0,,not_enriched,unreviewed
10931,Sfc4eb296d2,Traveling Wilburys,The Devil's Been Busy,,0,1,0,,not_enriched,unreviewed
10932,Sfc552f8ce2,The Vaughan Brothers,White Boots,,0,1,0,,not_enriched,unreviewed
10933,Sfc55f9206d,Blues Traveler,The Mountains Win Again,,0,1,0,,not_enriched,unreviewed
10934,Sfc5cd45e8e,Survivor,Popular Girl,,0,1,0,,not_enriched,unreviewed
10935,Sfc5e19bcfc,Commodores,Lady (You Bring Me Up),,0,1,0,,not_enriched,unreviewed
10936,Sfc62fde160,Queen,Bohemian Rhapsody,,0,1,0,,not_enriched,unreviewed
10937,Sfc70aa15bc,Red Rider,Winner Take All,,0,1,0,,not_enriched,unreviewed
10938,Sfc752fc916,Pearl Jam,Lukin,,0,1,0,,not_enriched,unreviewed
10939,Sfc7ae0551c,Fleetwood Mac,My Dream,,0,1,0,,not_enriched,unreviewed
10940,Sfc7bbd4356,Cream,Anyone for Tennis,,0,1,0,,not_enriched,unreviewed
10941,Sfc7ca40eb9,Seal,Future Love Paradise,,0,1,0,,not_enriched,unreviewed
10942,Sfc872644d0,Melissa Etheridge,Occasionally,,0,1,0,,not_enriched,unreviewed
10943,Sfc87549c95,Martin Briley,A Little Knowledge Is a Dangerous Thing,,0,1,0,,not_enriched,unreviewed
10944,Sfca1a8b645,Del Amitri,Sometimes I Just Have to Say Your Name,,0,1,0,,not_enriched,unreviewed
10945,Sfca2ac09af,Bing Crosby,Silver Bells,,0,1,0,,not_enriched,unreviewed
10946,Sfca7a010b7,Harry Chapin,Sniper,,0,1,0,,not_enriched,unreviewed
10947,Sfcafd7de2b,Martin Briley,I Feel Like a Milkshake,,0,1,0,,not_enriched,unreviewed
10948,Sfcb614079d,Billy Joel,Piano Man,,0,1,0,,not_enriched,unreviewed
10949,Sfcbcd5f7ff,Jefferson Starship,Just the Same,,0,1,0,,not_enriched,unreviewed
10950,Sfcc29eb4ff,Billy Idol,Endless Sleep,,0,1,0,,not_enriched,unreviewed
10951,Sfcc2c36576,The Cranberries,The Icicle Melts,,0,1,0,,not_enriched,unreviewed
10952,Sfcc6d048eb,Billy Joel,Don’t Ask Me Why,,0,1,0,,not_enriched,unreviewed
10953,Sfcd8f2772d,38 Special,I Oughta Let Go,,0,1,0,,not_enriched,unreviewed
10954,Sfcdb826ceb,"Hamilton, Joe Frank & Reynolds",Badman,,0,1,0,,not_enriched,unreviewed
10955,Sfcf3bb6c5a,Boston,Let Me Take You Home Tonight,,0,1,0,,not_enriched,unreviewed
10956,Sfcfb572ad0,Toto,Isolation,,0,1,0,,not_enriched,unreviewed
10957,Sfcff066abd,Atlanta Rhythm Section,You're So Strong,,0,1,0,,not_enriched,unreviewed
10958,Sfd020e61d4,George Thorogood & the Destroyers,You Can’t Catch Me,,0,1,0,,not_enriched,unreviewed
10959,Sfd13225556,The 50 Guitars of Tommy Garrett,Rudolph the Red‐Nosed Reindeer,,0,1,0,,not_enriched,unreviewed
10960,Sfd1382272c,John Cougar Mellencamp,Martha Say,,0,1,0,,not_enriched,unreviewed
10961,Sfd2382a07c,The Moody Blues,Sitting at the Wheel,,0,1,0,,not_enriched,unreviewed
10962,Sfd25276df5,Sponge,Rainin',,0,1,0,,not_enriched,unreviewed
10963,Sfd29dc4c51,Bing Crosby,Jingle Bells,,0,1,0,,not_enriched,unreviewed
10964,Sfd354342fa,Bee Gees,Come On Over,,0,1,0,,not_enriched,unreviewed
10965,Sfd3bdc0917,Al Stewart,Life in Dark Water,,0,1,0,,not_enriched,unreviewed
10966,Sfd3d55f483,Nine Inch Nails,Closer,,0,1,0,,not_enriched,unreviewed
10967,Sfd4eb793b6,The Outfield,Burning Blue,,0,1,0,,not_enriched,unreviewed
10968,Sfd52978ec4,Gin Blossoms,Cheatin’,,0,1,0,,not_enriched,unreviewed
10969,Sfd54509db7,The Rolling Stones,No Use in Crying,,0,1,0,,not_enriched,unreviewed
10970,Sfd58c8d4e8,Huey Lewis and the News,Whatever Happened to True Love,,0,1,0,,not_enriched,unreviewed
10971,Sfd6402928c,Jude Cole,Time for Letting Go,,0,1,0,,not_enriched,unreviewed
10972,Sfd708a3e6e,Scorpions,Wind of Change,,0,1,0,,not_enriched,unreviewed
10973,Sfd7cf8b2e2,Santana,Smooth,,0,1,0,,not_enriched,unreviewed
10974,Sfd83ee0827,Steely Dan,Any World (That I’m Welcome To),,0,1,0,,not_enriched,unreviewed
10975,Sfd8568c8ae,Martin Briley,The Man I Feel,,0,1,0,,not_enriched,unreviewed
10976,Sfd88bd3d10,Nine Inch Nails,A Warm Place,,0,1,0,,not_enriched,unreviewed
10977,Sfd8d768c6e,Shoes,Three Times: See Me / Say It / Listen,,0,1,0,,not_enriched,unreviewed
10978,Sfd90e31493,Shoes,Cruel You,,0,1,0,,not_enriched,unreviewed
10979,Sfd92f16a37,Carpenters,Please Mr. Postman,,0,1,0,,not_enriched,unreviewed
10980,Sfd999a5a3b,Heart,Break,,0,1,0,,not_enriched,unreviewed
10981,Sfdafb6be10,Little River Band,Lonesome Loser,,0,1,0,,not_enriched,unreviewed
10982,Sfdbdbf4a6f,Vernell Brown Jr.,A Total Eclipse,,0,1,0,,not_enriched,unreviewed
10983,Sfdc3e87055,Go‐Go’s,You Can’t Walk in Your Sleep (If You Can’t Sleep),,0,1,0,,not_enriched,unreviewed
10984,Sfdcc5243ed,George Carlin,Divorce Game,,0,1,0,,not_enriched,unreviewed
10985,Sfdd4c55a54,Tommy James & the Shondells,I Think We’re Alone Now,,0,1,0,,not_enriched,unreviewed
10986,Sfde424b6a9,Glenn Frey,Rising Sun (instrumental),,0,1,0,,not_enriched,unreviewed
10987,Sfde920b377,The Alan Parsons Project,Where’s the Walrus? (instrumental),,0,1,0,,not_enriched,unreviewed
10988,Sfdf2d58e06,Paul McCartney & Wings,She’s My Baby,,0,1,0,,not_enriched,unreviewed
10989,Sfe0cb8f1dc,Journey,After the Fall,,0,1,0,,not_enriched,unreviewed
10990,Sfe22e81e86,Journey,Don't Stop Believin',,0,1,0,,not_enriched,unreviewed
10991,Sfe34525e82,Eric Clapton,Roll It,,0,1,0,,not_enriched,unreviewed
10992,Sfe3a8378e9,The Hooters,And We Danced,,0,1,0,,not_enriched,unreviewed
10993,Sfe3d4c8e83,Electric Light Orchestra,New World Rising,,0,1,0,,not_enriched,unreviewed
10994,Sfe50eeb4de,Firefall,Love That Got Away,,0,1,0,,not_enriched,unreviewed
10995,Sfe5500e422,Elton John,Where to Now St. Peter?,,0,1,0,,not_enriched,unreviewed
10996,Sfe60a2b0f6,The Charlie Daniels Band,Let It Roll,,0,1,0,,not_enriched,unreviewed
10997,Sfe61777a26,Eddie Money,Take Me Home Tonight,,0,1,0,,not_enriched,unreviewed
10998,Sfe65748080,Bruce Springsteen,All That Heaven Will Allow,,0,1,0,,not_enriched,unreviewed
10999,Sfe77a6bf43,Hootie & the Blowfish,Only Wanna Be With You,,0,1,0,,not_enriched,unreviewed
11000,Sfe7e6c141a,The Cars,Running to You,,0,1,0,,not_enriched,unreviewed
11001,Sfe7fcc5b13,Manfred Mann’s Earth Band,Questions,,0,1,0,,not_enriched,unreviewed
11002,Sfe874f1162,Jethro Tull,Cross-Eyed Mary,,0,1,0,,not_enriched,unreviewed
11003,Sfe96d3a295,The Notting Hillbillies,Bewildered,,0,1,0,,not_enriched,unreviewed
11004,Sfe9abb3452,Steve Perry,I Believe,,0,1,0,,not_enriched,unreviewed
11005,Sfe9e0b4785,Dennis DeYoung,Fire,,0,1,0,,not_enriched,unreviewed
11006,Sfea3dc7d8e,The Beatles,Baby It’s You,,0,1,0,,not_enriched,unreviewed
11007,Sfeb81b11fb,The Beach Boys,Catch a Wave,,0,1,0,,not_enriched,unreviewed
11008,Sfed61a5044,John Lennon,Every Man Has a Woman Who Loves Him,,0,1,0,,not_enriched,unreviewed
11009,Sfedd2ea0d1,AC/DC,Girls Got Rhythm,,0,1,0,,not_enriched,unreviewed
11010,Sfee220a487,Don Henley,Shangri-La,,0,1,0,,not_enriched,unreviewed
11011,Sfee2d4e103,Sinéad O’Connor,I Am Stretched on Your Grave,,0,1,0,,not_enriched,unreviewed
11012,Sfee70f05cf,k.d. lang,Tears of Love’s Recall,,0,1,0,,not_enriched,unreviewed
11013,Sfef120c8b1,Garth Brooks,Same Old Story,,0,1,0,,not_enriched,unreviewed
11014,Sfeffa11e10,Foreigner,Girl on the Moon,,0,1,0,,not_enriched,unreviewed
11015,Sff008bb843,Blind Melon,Soak the Sin,,0,1,0,,not_enriched,unreviewed
11016,Sff05c7d4b4,Genesis,You Might Recall,,0,1,0,,not_enriched,unreviewed
11017,Sff0d6101e5,Eddie Money,Satin Angel,,0,1,0,,not_enriched,unreviewed
11018,Sff12a98700,George Harrison,Fish on the Sand,,0,1,0,,not_enriched,unreviewed
11019,Sff2d6c9a5d,Phil Collins,Take Me Home,,0,1,0,,not_enriched,unreviewed
11020,Sff30be6d05,David Crosby,In the Wide Ruin,,0,1,0,,not_enriched,unreviewed
11021,Sff38220725,The Police,One World (Not Three),,0,1,0,,not_enriched,unreviewed
11022,Sff3b5f962f,The Cars,Double Life,,0,1,0,,not_enriched,unreviewed
11023,Sff3cd5a34e,The Police,Omegaman,,0,1,0,,not_enriched,unreviewed
11024,Sff43cc88f7,Paul McCartney,She’s a Woman,,0,1,0,,not_enriched,unreviewed
11025,Sff47ec3db9,Traveling Wilburys,New Blue Moon (instrumental),,0,1,0,,not_enriched,unreviewed
11026,Sff537f492d,Gibson Brothers,I Left My Heart in Jamaica,,0,1,0,,not_enriched,unreviewed
11027,Sff5a7d2a15,Paul McCartney,That Day Is Done,,0,1,0,,not_enriched,unreviewed
11028,Sff5c4ad635,Tracy Chapman,Give Me One Reason,,0,1,0,,not_enriched,unreviewed
11029,Sff62d73072,Elton John,Medley: Yell Help / Wednesday Night / Ugly,,0,1,0,,not_enriched,unreviewed
11030,Sff67b16519,Mason Ruffner,"Baby, I Don't Care No More",,0,1,0,,not_enriched,unreviewed
11031,Sff6c09a348,Bad Company,Fearless,,0,1,0,,not_enriched,unreviewed
11032,Sff7aefb91e,The Hooters,Blood From a Stone,,0,1,0,,not_enriched,unreviewed
11033,Sff9150419a,Firefall,Undertow,,0,1,0,,not_enriched,unreviewed
11034,Sff918b5775,Kenny Rogers & The First Edition,Sleep Comes Easy,,0,1,0,,not_enriched,unreviewed
11035,Sff9712f513,Eric Johnson,Desert Rose,,0,1,0,,not_enriched,unreviewed
11036,Sff9ce777a7,Boston,To Be a Man,,0,1,0,,not_enriched,unreviewed
11037,Sffa2bd311b,Billy Joel,Getting Closer,,0,1,0,,not_enriched,unreviewed
11038,Sffa59a5bec,Nick Lowe,I Knew the Bride (When She Used to Rock ’n’ Roll),,0,1,0,,not_enriched,unreviewed
11039,Sffa6a6f846,"Crosby, Stills, Nash & Young",Queen of Them All,,0,1,0,,not_enriched,unreviewed
11040,Sffb3183a67,Pure Moods,Dolphin Quest,,0,1,0,,not_enriched,unreviewed
11041,Sffb765f2dd,Modern English,Tables Turning,,0,1,0,,not_enriched,unreviewed
11042,Sffc941f7e2,Pearl Jam,Pilate,,0,1,0,,not_enriched,unreviewed
11043,Sffcb2ba620,The Moody Blues,Running Water,,0,1,0,,not_enriched,unreviewed
11044,Sffd49fa4af,Danny Spanos,Excuse Me,,0,1,0,,not_enriched,unreviewed
11045,Sffd6001a02,The Wallflowers,Laughing Out Loud,,0,1,0,,not_enriched,unreviewed
11046,Sffe10de9e2,New Radicals,Technicolor Lover,,0,1,0,,not_enriched,unreviewed
11047,Sfff902ead0,Steve Miller Band,Seasons,,0,1,0,,not_enriched,unreviewed
11048,Sfffdb4c353,The Beach Boys,Time to Get Alone,,0,1,0,,not_enriched,unreviewed
