id,song,song_rank,line_idx,word_idx,word_text,issue_type,issue_label,severity,is_derivative,start,end,duration,gap_from_prev,line_text,word_source,section_type,root_cause_hint,repair_suggestion
a-word_L1_W0_duration_undersize,a-word,38,1,0,A,duration_undersize,duration 0.020s < 0.04s,warning,False,111.28,111.3,0.02,,"A moment,",whisper_plus_vocal_onset,intro_-_spoken,unknown_undersize,manual_review
a-word_L25_W1_gap_from_prev,a-word,38,25,1,I,gap_from_prev,gap 1.46s from previous word,warning,False,215.296,215.46,0.164,1.456,"What I did ask is God would lead me,",whisper_plus_vocal_onset,verse_3_-_trust,independent_gap,fix_inversion_first
a-word_L31_W0_duration_undersize,a-word,38,31,0,Is,duration_undersize,duration 0.040s < 0.04s,warning,False,237.18,237.22,0.04,,Is,transcription,climax_-_worship,unknown_undersize,manual_review
a-word_L43_W6_gap_from_prev,a-word,38,43,6,King,gap_from_prev,gap 0.70s from previous word,warning,False,279.477,279.9,0.423,0.697,"Blessed is the LORD our God, King of the universe,",whisper_plus_vocal_onset,outro_-_invitation,independent_gap,fix_inversion_first
a-word_L44_W0_duration_undersize,a-word,38,44,0,Who,duration_undersize,duration 0.021s < 0.04s,warning,False,281.739,281.76,0.021,,"Who does good, who is good, and who brought us to this place",whisper_plus_vocal_onset,outro_-_invitation,unknown_undersize,manual_review
ai-psalm-1_L1_W6_gap_from_prev,ai-psalm-1,32,1,6,husband,gap_from_prev,gap 1.28s from previous word,warning,False,32.08,33.58,1.5,1.28,"LORD my God, my maker, my husband",transcription,first_movement_–_whispered_invocation,independent_gap,fix_inversion_first
ai-psalm-1_L2_W1_gap_from_prev,ai-psalm-1,32,2,1,are,gap_from_prev,gap 2.51s from previous word,warning,False,37.8,38.06,0.26,2.51,"You are holy, you are good",transcription,first_movement_–_whispered_invocation,independent_gap,fix_inversion_first
ai-psalm-1_L7_W4_gap_from_prev,ai-psalm-1,32,7,4,that,gap_from_prev,gap 0.68s from previous word,warning,False,58.5,58.78,0.28,0.68,"Now that it’s real, that you have brought me here",transcription,section_2_–_confession_&_grief,independent_gap,fix_inversion_first
ai-psalm-1_L10_W8_gap_from_prev,ai-psalm-1,32,10,8,for,gap_from_prev,gap 0.92s from previous word,warning,False,80.46,81.08,0.62,0.92,"But no evil is welcome in my house, for my body is a temple",transcription,section_3_–_resistance_&_temple_declaration,independent_gap,fix_inversion_first
ai-psalm-1_L13_W3_gap_from_prev,ai-psalm-1,32,13,3,It,gap_from_prev,gap 0.94s from previous word,warning,False,98.46,98.86,0.4,0.94,"This body screams! It believes there is a threat, but there is no threat",transcription,section_3_–_resistance_&_temple_declaration,independent_gap,fix_inversion_first
ai-psalm-1_L13_W9_gap_from_prev,ai-psalm-1,32,13,9,but,gap_from_prev,gap 1.24s from previous word,warning,False,102.34,103.136,0.796,1.24,"This body screams! It believes there is a threat, but there is no threat",transcription,section_3_–_resistance_&_temple_declaration,independent_gap,fix_inversion_first
ai-psalm-1_L16_W3_gap_from_prev,ai-psalm-1,32,16,3,I,gap_from_prev,gap 0.52s from previous word,warning,False,123.86,124.6,0.74,0.52,"My journey pre-written, I now humbly follow",transcription,section_4_–_assurance_&_power_of_god,independent_gap,fix_inversion_first
ai-psalm-1_L31_W4_gap_from_prev,ai-psalm-1,32,31,4,praise.,gap_from_prev,gap 1.66s from previous word,warning,False,213.16,214.66,1.5,1.66,You have all my praise.,transcription,section_6_–_praise_&_final_authority,independent_gap,fix_inversion_first
ai-psalm-9_L21_W2_gap_from_prev,ai-psalm-9,41,21,2,they,gap_from_prev,gap 0.75s from previous word,warning,False,73.301,73.46,0.159,0.752,I pray they remember the purpose,whisper_plus_vocal_onset,prayerful_final_movement,independent_gap,fix_inversion_first
asabaal_L0_W0_duration_undersize,asabaal,19,0,0,You,duration_undersize,duration 0.037s < 0.04s,warning,False,0.043,0.08,0.037,,"You are trying to kill me,",whisper_plus_vocal_onset,intro,unknown_undersize,manual_review
asabaal_L12_W0_duration_undersize,asabaal,19,12,0,By,duration_undersize,duration 0.005s < 0.04s,warning,False,46.155,46.16,0.005,,By this one knows,whisper_plus_vocal_onset,intro,unknown_undersize,manual_review
asabaal_L17_W0_duration_undersize,asabaal,19,17,0,God,duration_undersize,duration 0.005s < 0.04s,warning,False,56.555,56.56,0.005,,God,whisper_plus_vocal_onset,intro,unknown_undersize,manual_review
asabaal_L18_W1_gap_from_prev,asabaal,19,18,1,LORD,gap_from_prev,gap 3.64s from previous word,warning,False,61.4,62.12,0.72,3.64,The LORD called my name,transcription,interlude,independent_gap,fix_inversion_first
asabaal_L19_W3_gap_from_prev,asabaal,19,19,3,"Lord,for",gap_from_prev,gap 0.60s from previous word,warning,False,69.077,69.16,0.083,0.597,"Thank you, oh Lord,for calling my name",whisper_plus_vocal_onset,chorus,independent_gap,fix_inversion_first
asabaal_L39_W2_duration_undersize,asabaal,19,39,2,me,duration_undersize,duration 0.040s < 0.04s,warning,False,135.84,135.88,0.04,,now that’s me yet you call me unaligned,whisper_plus_vocal_onset,verse,unknown_undersize,manual_review
asabaal_L58_W3_gap_from_prev,asabaal,19,58,3,have,gap_from_prev,gap 0.72s from previous word,warning,False,209.8,209.9,0.1,0.72,"So till all have heard, I’ll declare your name",transcription,chorus,independent_gap,fix_inversion_first
asabaal_L76_W1_gap_from_prev,asabaal,19,76,1,LORD,gap_from_prev,gap 0.84s from previous word,warning,False,259.616,259.883,0.267,0.836,The LORD called my name,whisper_plus_vocal_onset,interlude,independent_gap,fix_inversion_first
asabaal_L80_W5_gap_from_prev,asabaal,19,80,5,I’ll,gap_from_prev,gap 1.00s from previous word,warning,False,288.341,288.54,0.199,1.001,"So till all have heard, I’ll declare your name",whisper_plus_vocal_onset,chorus,independent_gap,fix_inversion_first
asabaal_L102_W3_duration_undersize,asabaal,19,102,3,name,duration_undersize,duration 0.040s < 0.04s,warning,False,356.54,356.58,0.04,,You called my name,transcription,hook,unknown_undersize,manual_review
asabaal_L103_W0_duration_undersize,asabaal,19,103,0,So,duration_undersize,duration 0.020s < 0.04s,warning,False,341.891,341.911,0.02,,So I give you praise,interpolated,hook,interpolated_undersize,re_estimate
asabaal_L103_W1_duration_undersize,asabaal,19,103,1,I,duration_undersize,duration 0.020s < 0.04s,warning,False,341.911,341.931,0.02,,So I give you praise,interpolated,hook,interpolated_undersize,re_estimate
asabaal_L104_W3_gap_from_prev,asabaal,19,104,3,name,gap_from_prev,gap 2.04s from previous word,warning,False,348.668,348.968,0.3,2.039,You called my name,vocal_onset_only,hook,independent_gap,fix_inversion_first
asabaal_L109_W2_duration_undersize,asabaal,19,109,2,called,duration_undersize,duration 0.020s < 0.04s,warning,False,370.36,370.38,0.02,,The LORD called my name,transcription,post-hook,unknown_undersize,manual_review
asabaal_L109_W4_duration_undersize,asabaal,19,109,4,name,duration_undersize,duration 0.040s < 0.04s,warning,False,370.42,370.46,0.04,,The LORD called my name,transcription,post-hook,unknown_undersize,manual_review
asabaal_L110_W2_duration_undersize,asabaal,19,110,2,called,duration_undersize,duration 0.040s < 0.04s,warning,False,370.6,370.64,0.04,,The LORD called my name,transcription,post-hook,unknown_undersize,manual_review
asabaal_L124_W4_gap_from_prev,asabaal,19,124,4,Redeemer,gap_from_prev,gap 1.44s from previous word,warning,False,420.085,420.77,0.685,1.445,"Says the LORD, your Redeemer",whisper_plus_vocal_onset,outro,independent_gap,fix_inversion_first
ask-seek-knock_L21_W2_gap_from_prev,ask-seek-knock,34,21,2,walk,gap_from_prev,gap 1.56s from previous word,warning,False,80.82,81.32,0.5,1.56,You gotta walk the walk,transcription,hook,independent_gap,fix_inversion_first
ask-seek-knock_L31_W8_duration_undersize,ask-seek-knock,34,31,8,scary,duration_undersize,duration 0.040s < 0.04s,warning,False,119.06,119.1,0.04,,"God’s glory to be revealed, even though it’s scary",transcription,refrain,unknown_undersize,manual_review
ask-seek-knock_L32_W4_duration_undersize,ask-seek-knock,34,32,4,as,duration_undersize,duration 0.019s < 0.04s,warning,False,118.941,118.96,0.019,,The earth groans now as when it waited for Jesus,transcription,refrain,unknown_undersize,manual_review
ask-seek-knock_L32_W9_gap_from_prev,ask-seek-knock,34,32,9,Jesus,gap_from_prev,gap 1.65s from previous word,warning,False,122.336,122.82,0.484,1.648,The earth groans now as when it waited for Jesus,whisper_plus_vocal_onset,refrain,independent_gap,fix_inversion_first
ask-seek-knock_L44_W1_duration_undersize,ask-seek-knock,34,44,1,things,duration_undersize,duration 0.040s < 0.04s,warning,False,154.18,154.22,0.04,,Good things come to us when on him we wait,whisper_plus_vocal_onset,bridge,unknown_undersize,manual_review
ask-seek-knock_L46_W10_duration_undersize,ask-seek-knock,34,46,10,fate,duration_undersize,duration 0.040s < 0.04s,warning,False,160.68,160.72,0.04,,A place for you in the Father’s house is your fate,transcription,bridge,unknown_undersize,manual_review
ask-seek-knock_L47_W2_duration_undersize,ask-seek-knock,34,47,2,the,duration_undersize,duration 0.017s < 0.04s,warning,False,161.643,161.66,0.017,,"Connect to the source, he will make your paths straight",whisper_plus_vocal_onset,bridge,unknown_undersize,manual_review
blessed-the-name_L0_W0_duration_undersize,blessed-the-name,2,0,0,Holy,duration_undersize,duration 0.007s < 0.04s,warning,False,5.785,5.792,0.007,,Holy holy holy (is the LORD God Almighty),interpolated,intro_-_heavenly_courtroom,interpolated_undersize,re_estimate
blessed-the-name_L0_W1_duration_undersize,blessed-the-name,2,0,1,holy,duration_undersize,duration 0.007s < 0.04s,warning,False,5.792,5.799,0.007,,Holy holy holy (is the LORD God Almighty),interpolated,intro_-_heavenly_courtroom,interpolated_undersize,re_estimate
blessed-the-name_L0_W2_duration_undersize,blessed-the-name,2,0,2,holy,duration_undersize,duration 0.007s < 0.04s,warning,False,5.799,5.806,0.007,,Holy holy holy (is the LORD God Almighty),interpolated,intro_-_heavenly_courtroom,interpolated_undersize,re_estimate
blessed-the-name_L0_W3_duration_undersize,blessed-the-name,2,0,3,(is,duration_undersize,duration 0.007s < 0.04s,warning,False,5.806,5.813,0.007,,Holy holy holy (is the LORD God Almighty),interpolated,intro_-_heavenly_courtroom,interpolated_undersize,re_estimate
blessed-the-name_L0_W4_duration_undersize,blessed-the-name,2,0,4,the,duration_undersize,duration 0.007s < 0.04s,warning,False,5.813,5.82,0.007,,Holy holy holy (is the LORD God Almighty),interpolated,intro_-_heavenly_courtroom,interpolated_undersize,re_estimate
blessed-the-name_L0_W5_duration_undersize,blessed-the-name,2,0,5,LORD,duration_undersize,duration 0.008s < 0.04s,warning,False,5.82,5.828,0.008,,Holy holy holy (is the LORD God Almighty),interpolated,intro_-_heavenly_courtroom,interpolated_undersize,re_estimate
blessed-the-name_L0_W6_duration_undersize,blessed-the-name,2,0,6,God,duration_undersize,duration 0.007s < 0.04s,warning,False,5.828,5.835,0.007,,Holy holy holy (is the LORD God Almighty),interpolated,intro_-_heavenly_courtroom,interpolated_undersize,re_estimate
blessed-the-name_L1_W5_gap_from_prev,blessed-the-name,2,1,5,holy,gap_from_prev,gap 0.88s from previous word,warning,False,6.54,6.64,0.1,0.88,Holy holy holy holy holy holy holy holy,transcription,intro_-_heavenly_courtroom,independent_gap,fix_inversion_first
blessed-the-name_L3_W1_gap_from_prev,blessed-the-name,2,3,1,holy,gap_from_prev,gap 2.42s from previous word,warning,False,11.598,13.098,1.5,2.418,Holy holy holy holy holy holy holy holy,interpolated,intro_-_heavenly_courtroom,independent_gap,fix_inversion_first
blessed-the-name_L3_W2_gap_from_prev,blessed-the-name,2,3,2,holy,gap_from_prev,gap 2.42s from previous word,warning,False,15.516,17.016,1.5,2.418,Holy holy holy holy holy holy holy holy,interpolated,intro_-_heavenly_courtroom,independent_gap,fix_inversion_first
blessed-the-name_L3_W3_gap_from_prev,blessed-the-name,2,3,3,holy,gap_from_prev,gap 2.42s from previous word,warning,False,19.435,20.935,1.5,2.419,Holy holy holy holy holy holy holy holy,interpolated,intro_-_heavenly_courtroom,independent_gap,fix_inversion_first
blessed-the-name_L3_W4_gap_from_prev,blessed-the-name,2,3,4,holy,gap_from_prev,gap 2.42s from previous word,warning,False,23.353,24.853,1.5,2.418,Holy holy holy holy holy holy holy holy,interpolated,intro_-_heavenly_courtroom,independent_gap,fix_inversion_first
blessed-the-name_L3_W5_gap_from_prev,blessed-the-name,2,3,5,holy,gap_from_prev,gap 2.42s from previous word,warning,False,27.271,28.771,1.5,2.418,Holy holy holy holy holy holy holy holy,interpolated,intro_-_heavenly_courtroom,independent_gap,fix_inversion_first
blessed-the-name_L3_W6_gap_from_prev,blessed-the-name,2,3,6,holy,gap_from_prev,gap 2.42s from previous word,warning,False,31.189,32.689,1.5,2.418,Holy holy holy holy holy holy holy holy,vocal_onset_only,intro_-_heavenly_courtroom,independent_gap,fix_inversion_first
blessed-the-name_L3_W7_gap_from_prev,blessed-the-name,2,3,7,holy,gap_from_prev,gap 3.57s from previous word,warning,False,36.256,36.787,0.531,3.567,Holy holy holy holy holy holy holy holy,vocal_onset_only,intro_-_heavenly_courtroom,independent_gap,fix_inversion_first
blessed-the-name_L4_W3_gap_from_prev,blessed-the-name,2,4,3,down),gap_from_prev,gap 3.11s from previous word,warning,False,42.848,43.148,0.3,3.108,(bring your glory down),interpolated,intro_-_heavenly_courtroom,independent_gap,fix_inversion_first
blessed-the-name_L5_W4_gap_from_prev,blessed-the-name,2,5,4,holy,gap_from_prev,gap 1.23s from previous word,warning,False,42.4,43.9,1.5,1.229,Holy holy holy holy holy holy holy holy,interpolated,intro_-_heavenly_courtroom,independent_gap,fix_inversion_first
blessed-the-name_L5_W5_gap_from_prev,blessed-the-name,2,5,5,holy,gap_from_prev,gap 2.60s from previous word,warning,False,46.496,47.996,1.5,2.596,Holy holy holy holy holy holy holy holy,interpolated,intro_-_heavenly_courtroom,independent_gap,fix_inversion_first
blessed-the-name_L5_W6_gap_from_prev,blessed-the-name,2,5,6,holy,gap_from_prev,gap 6.69s from previous word,high,False,54.688,56.188,1.5,6.692,Holy holy holy holy holy holy holy holy,interpolated,intro_-_heavenly_courtroom,independent_gap,fix_inversion_first
blessed-the-name_L5_W7_gap_from_prev,blessed-the-name,2,5,7,holy,gap_from_prev,gap 22.82s from previous word,high,False,79.004,79.304,0.3,22.816,Holy holy holy holy holy holy holy holy,interpolated,intro_-_heavenly_courtroom,independent_gap,fix_inversion_first
blessed-the-name_L7_W7_duration_undersize,blessed-the-name,2,7,7,holy,duration_undersize,duration 0.040s < 0.04s,warning,False,36.1,36.14,0.04,,Holy holy holy holy holy holy holy holy,transcription,intro_-_heavenly_courtroom,unknown_undersize,manual_review
blessed-the-name_L8_W0_duration_undersize,blessed-the-name,2,8,0,(the,duration_undersize,duration 0.040s < 0.04s,warning,False,36.256,36.296,0.04,,(the whole earth is full of his glory),whisper_plus_vocal_onset,intro_-_heavenly_courtroom,unknown_undersize,manual_review
blessed-the-name_L9_W6_gap_from_prev,blessed-the-name,2,9,6,holy,gap_from_prev,gap 0.80s from previous word,warning,False,45.66,46.98,1.32,0.8,Holy holy holy holy holy holy holy holy holy holy holy holy holy holy holy holy holy holy holy holy holy holy holy holy holy holy,transcription,intro_-_heavenly_courtroom,independent_gap,fix_inversion_first
blessed-the-name_L9_W25_duration_undersize,blessed-the-name,2,9,25,holy,duration_undersize,duration 0.040s < 0.04s,warning,False,50.26,50.3,0.04,,Holy holy holy holy holy holy holy holy holy holy holy holy holy holy holy holy holy holy holy holy holy holy holy holy holy holy,transcription,intro_-_heavenly_courtroom,unknown_undersize,manual_review
blessed-the-name_L12_W0_duration_undersize,blessed-the-name,2,12,0,Holy,duration_undersize,duration 0.040s < 0.04s,warning,False,56.7,56.74,0.04,,Holy,transcription,intro_-_heavenly_courtroom,unknown_undersize,manual_review
blessed-the-name_L20_W2_gap_from_prev,blessed-the-name,2,20,2,the,gap_from_prev,gap 2.13s from previous word,warning,False,95.2,96.7,1.5,2.13,Blessed is the one who comes,vocal_onset_only,post-hook,independent_gap,fix_inversion_first
blessed-the-name_L20_W3_gap_from_prev,blessed-the-name,2,20,3,one,gap_from_prev,gap 0.91s from previous word,warning,False,97.611,99.111,1.5,0.911,Blessed is the one who comes,vocal_onset_only,post-hook,independent_gap,fix_inversion_first
blessed-the-name_L20_W4_gap_from_prev,blessed-the-name,2,20,4,who,gap_from_prev,gap 4.75s from previous word,warning,False,103.861,105.197,1.336,4.75,Blessed is the one who comes,vocal_onset_only,post-hook,independent_gap,fix_inversion_first
blessed-the-name_L20_W5_gap_from_prev,blessed-the-name,2,20,5,comes,gap_from_prev,gap 2.01s from previous word,warning,False,107.211,107.99,0.779,2.014,Blessed is the one who comes,vocal_onset_only,post-hook,independent_gap,fix_inversion_first
blessed-the-name_L21_W0_duration_undersize,blessed-the-name,2,21,0,In,duration_undersize,duration 0.016s < 0.04s,warning,False,107.99,108.006,0.016,,In the name of the LORD,interpolated,post-hook,interpolated_undersize,re_estimate
blessed-the-name_L21_W1_duration_undersize,blessed-the-name,2,21,1,the,duration_undersize,duration 0.015s < 0.04s,warning,False,108.006,108.021,0.015,,In the name of the LORD,interpolated,post-hook,interpolated_undersize,re_estimate
blessed-the-name_L21_W5_duration_undersize,blessed-the-name,2,21,5,LORD,duration_undersize,duration 0.001s < 0.04s,warning,False,108.49,108.491,0.001,,In the name of the LORD,interpolated,post-hook,interpolated_undersize,re_estimate
blessed-the-name_L22_W0_duration_undersize,blessed-the-name,2,22,0,He,duration_undersize,duration 0.023s < 0.04s,warning,False,90.037,90.06,0.023,,"He put a new song in my mouth, Sung to God a hymn of praise",whisper_plus_vocal_onset,verse,unknown_undersize,manual_review
blessed-the-name_L24_W4_duration_undersize,blessed-the-name,2,24,4,the,duration_undersize,duration 0.039s < 0.04s,warning,False,103.861,103.9,0.039,,"Bringing forth fruit not the sweat of my brow, My life I did lose to follow his ways",whisper_plus_vocal_onset,verse,unknown_undersize,manual_review
blessed-the-name_L28_W8_gap_from_prev,blessed-the-name,2,28,8,to,gap_from_prev,gap 1.98s from previous word,warning,False,122.3,122.82,0.52,1.98,"Jesus won't come until we've all learned how, to say what we are about to say",transcription,interlude_-_prophetic_declaration,independent_gap,fix_inversion_first
blessed-the-name_L36_W0_duration_undersize,blessed-the-name,2,36,0,In,duration_undersize,duration 0.010s < 0.04s,warning,False,158.403,158.413,0.01,,In the name of the LORD,interpolated,post-hook,interpolated_undersize,re_estimate
blessed-the-name_L36_W1_duration_undersize,blessed-the-name,2,36,1,the,duration_undersize,duration 0.010s < 0.04s,warning,False,158.413,158.423,0.01,,In the name of the LORD,interpolated,post-hook,interpolated_undersize,re_estimate
blessed-the-name_L36_W2_duration_undersize,blessed-the-name,2,36,2,name,duration_undersize,duration 0.010s < 0.04s,warning,False,158.423,158.433,0.01,,In the name of the LORD,interpolated,post-hook,interpolated_undersize,re_estimate
blessed-the-name_L36_W3_duration_undersize,blessed-the-name,2,36,3,of,duration_undersize,duration 0.010s < 0.04s,warning,False,158.433,158.443,0.01,,In the name of the LORD,interpolated,post-hook,interpolated_undersize,re_estimate
blessed-the-name_L43_W4_duration_undersize,blessed-the-name,2,43,4,and,duration_undersize,duration 0.040s < 0.04s,warning,False,173.08,173.12,0.04,,"These bodies and giftings and callings, all discussed in prayer",transcription,verse,unknown_undersize,manual_review
blessed-the-name_L51_W5_duration_undersize,blessed-the-name,2,51,5,LORD,duration_undersize,duration 0.040s < 0.04s,warning,False,200.68,200.72,0.04,,In the name of the LORD,transcription,hook,unknown_undersize,manual_review
blessed-the-name_L52_W0_duration_undersize,blessed-the-name,2,52,0,Blessed,duration_undersize,duration 0.040s < 0.04s,warning,False,199.77,199.81,0.04,,Blessed is the one who comes,interpolated,post-hook,interpolated_undersize,re_estimate
blessed-the-name_L52_W2_gap_from_prev,blessed-the-name,2,52,2,the,gap_from_prev,gap 0.63s from previous word,warning,False,201.94,203.44,1.5,0.63,Blessed is the one who comes,interpolated,post-hook,independent_gap,fix_inversion_first
blessed-the-name_L52_W3_gap_from_prev,blessed-the-name,2,52,3,one,gap_from_prev,gap 0.63s from previous word,warning,False,204.07,205.57,1.5,0.63,Blessed is the one who comes,interpolated,post-hook,independent_gap,fix_inversion_first
blessed-the-name_L52_W4_gap_from_prev,blessed-the-name,2,52,4,who,gap_from_prev,gap 0.63s from previous word,warning,False,206.2,207.4,1.2,0.63,Blessed is the one who comes,interpolated,post-hook,independent_gap,fix_inversion_first
blessed-the-name_L52_W5_gap_from_prev,blessed-the-name,2,52,5,comes,gap_from_prev,gap 0.67s from previous word,warning,False,208.07,208.37,0.3,0.67,Blessed is the one who comes,interpolated,post-hook,independent_gap,fix_inversion_first
blessed-the-name_L53_W0_duration_undersize,blessed-the-name,2,53,0,In,duration_undersize,duration 0.040s < 0.04s,warning,False,201.52,201.56,0.04,,In the name of the LORD,transcription,post-hook,unknown_undersize,manual_review
blessed-the-name_L53_W3_gap_from_prev,blessed-the-name,2,53,3,of,gap_from_prev,gap 1.92s from previous word,warning,False,205.82,206.3,0.48,1.92,In the name of the LORD,transcription,post-hook,independent_gap,fix_inversion_first
blessed-the-name_L54_W1_gap_from_prev,blessed-the-name,2,54,1,"holy,",gap_from_prev,gap 1.06s from previous word,warning,False,208.74,209.74,1.0,1.06,"Holy, holy, holy",transcription,bridge,independent_gap,fix_inversion_first
blessed-the-name_L61_W2_duration_undersize,blessed-the-name,2,61,2,the,duration_undersize,duration 0.040s < 0.04s,warning,False,244.38,244.42,0.04,,Blessed is the one who comes,transcription,hook,unknown_undersize,manual_review
blessed-the-name_L61_W5_duration_undersize,blessed-the-name,2,61,5,comes,duration_undersize,duration 0.040s < 0.04s,warning,False,244.62,244.66,0.04,,Blessed is the one who comes,transcription,hook,unknown_undersize,manual_review
blessed-the-name_L65_W3_duration_undersize,blessed-the-name,2,65,3,of,duration_undersize,duration 0.040s < 0.04s,warning,False,254.02,254.06,0.04,,In the name of the LORD,transcription,hook,unknown_undersize,manual_review
blessed-the-name_L68_W3_duration_undersize,blessed-the-name,2,68,3,of,duration_undersize,duration 0.040s < 0.04s,warning,False,302.8,302.84,0.04,,In the name of the LORD,transcription,hook,unknown_undersize,manual_review
blessed-the-name_L70_W5_duration_undersize,blessed-the-name,2,70,5,LORD,duration_undersize,duration 0.040s < 0.04s,warning,False,322.24,322.28,0.04,,In the name of the LORD,transcription,post-hook,unknown_undersize,manual_review
blessed-the-name_L71_W17_duration_undersize,blessed-the-name,2,71,17,the,duration_undersize,duration 0.014s < 0.04s,warning,False,264.192,264.206,0.014,,"For I tell you, you will not see me again until you say (In the name of the LORD)",interpolated,outro,interpolated_undersize,re_estimate
blessed-the-name_L71_W18_duration_undersize,blessed-the-name,2,71,18,LORD),duration_undersize,duration 0.014s < 0.04s,warning,False,264.206,264.22,0.014,,"For I tell you, you will not see me again until you say (In the name of the LORD)",interpolated,outro,interpolated_undersize,re_estimate
blessed-the-name_L72_W0_duration_undersize,blessed-the-name,2,72,0,Blessed,duration_undersize,duration 0.040s < 0.04s,warning,False,264.22,264.26,0.04,,Blessed is the one who comes in the name of the LORD,vocal_onset,outro,unknown_undersize,manual_review
blessed-the-name_L72_W6_duration_undersize,blessed-the-name,2,72,6,in,duration_undersize,duration 0.005s < 0.04s,warning,False,265.611,265.616,0.005,,Blessed is the one who comes in the name of the LORD,interpolated,outro,interpolated_undersize,re_estimate
blessed-the-name_L72_W7_duration_undersize,blessed-the-name,2,72,7,the,duration_undersize,duration 0.008s < 0.04s,warning,False,265.617,265.625,0.008,,Blessed is the one who comes in the name of the LORD,interpolated,outro,interpolated_undersize,re_estimate
blessed-the-name_L72_W8_duration_undersize,blessed-the-name,2,72,8,name,duration_undersize,duration 0.015s < 0.04s,warning,False,265.625,265.64,0.015,,Blessed is the one who comes in the name of the LORD,interpolated,outro,interpolated_undersize,re_estimate
blessed-the-name_L72_W9_duration_undersize,blessed-the-name,2,72,9,of,duration_undersize,duration 0.029s < 0.04s,warning,False,265.64,265.669,0.029,,Blessed is the one who comes in the name of the LORD,interpolated,outro,interpolated_undersize,re_estimate
blessed-the-name_L77_W1_gap_from_prev,blessed-the-name,2,77,1,holy,gap_from_prev,gap 0.66s from previous word,warning,False,327.74,328.94,1.2,0.66,Holy holy holy holy,transcription,outro,independent_gap,fix_inversion_first
blessed-the-name_L77_W2_gap_from_prev,blessed-the-name,2,77,2,holy,gap_from_prev,gap 2.38s from previous word,warning,False,331.32,331.98,0.66,2.38,Holy holy holy holy,transcription,outro,independent_gap,fix_inversion_first
blessed-the-name_L77_W3_duration_undersize,blessed-the-name,2,77,3,holy,duration_undersize,duration 0.040s < 0.04s,warning,False,331.98,332.02,0.04,,Holy holy holy holy,transcription,outro,unknown_undersize,manual_review
blessed-the-name_L78_W0_duration_undersize,blessed-the-name,2,78,0,Holy,duration_undersize,duration 0.031s < 0.04s,warning,False,292.475,292.506,0.031,,Holy holy holy holy holy holy holy holy holy holy holy holy holy holy holy holy holy holy holy holy holy holy holy holy holy,interpolated,outro,interpolated_undersize,re_estimate
blessed-the-name_L78_W1_duration_undersize,blessed-the-name,2,78,1,holy,duration_undersize,duration 0.032s < 0.04s,warning,False,292.506,292.538,0.032,,Holy holy holy holy holy holy holy holy holy holy holy holy holy holy holy holy holy holy holy holy holy holy holy holy holy,interpolated,outro,interpolated_undersize,re_estimate
blessed-the-name_L78_W2_duration_undersize,blessed-the-name,2,78,2,holy,duration_undersize,duration 0.032s < 0.04s,warning,False,292.538,292.57,0.032,,Holy holy holy holy holy holy holy holy holy holy holy holy holy holy holy holy holy holy holy holy holy holy holy holy holy,interpolated,outro,interpolated_undersize,re_estimate
blessed-the-name_L78_W3_duration_undersize,blessed-the-name,2,78,3,holy,duration_undersize,duration 0.032s < 0.04s,warning,False,292.57,292.602,0.032,,Holy holy holy holy holy holy holy holy holy holy holy holy holy holy holy holy holy holy holy holy holy holy holy holy holy,interpolated,outro,interpolated_undersize,re_estimate
blessed-the-name_L78_W4_duration_undersize,blessed-the-name,2,78,4,holy,duration_undersize,duration 0.032s < 0.04s,warning,False,292.602,292.634,0.032,,Holy holy holy holy holy holy holy holy holy holy holy holy holy holy holy holy holy holy holy holy holy holy holy holy holy,interpolated,outro,interpolated_undersize,re_estimate
blessed-the-name_L78_W5_duration_undersize,blessed-the-name,2,78,5,holy,duration_undersize,duration 0.031s < 0.04s,warning,False,292.634,292.665,0.031,,Holy holy holy holy holy holy holy holy holy holy holy holy holy holy holy holy holy holy holy holy holy holy holy holy holy,interpolated,outro,interpolated_undersize,re_estimate
blessed-the-name_L78_W6_duration_undersize,blessed-the-name,2,78,6,holy,duration_undersize,duration 0.032s < 0.04s,warning,False,292.665,292.697,0.032,,Holy holy holy holy holy holy holy holy holy holy holy holy holy holy holy holy holy holy holy holy holy holy holy holy holy,interpolated,outro,interpolated_undersize,re_estimate
blessed-the-name_L78_W7_duration_undersize,blessed-the-name,2,78,7,holy,duration_undersize,duration 0.032s < 0.04s,warning,False,292.697,292.729,0.032,,Holy holy holy holy holy holy holy holy holy holy holy holy holy holy holy holy holy holy holy holy holy holy holy holy holy,interpolated,outro,interpolated_undersize,re_estimate
blessed-the-name_L78_W8_duration_undersize,blessed-the-name,2,78,8,holy,duration_undersize,duration 0.032s < 0.04s,warning,False,292.729,292.761,0.032,,Holy holy holy holy holy holy holy holy holy holy holy holy holy holy holy holy holy holy holy holy holy holy holy holy holy,interpolated,outro,interpolated_undersize,re_estimate
blessed-the-name_L78_W9_duration_undersize,blessed-the-name,2,78,9,holy,duration_undersize,duration 0.031s < 0.04s,warning,False,292.761,292.792,0.031,,Holy holy holy holy holy holy holy holy holy holy holy holy holy holy holy holy holy holy holy holy holy holy holy holy holy,interpolated,outro,interpolated_undersize,re_estimate
blessed-the-name_L78_W10_duration_undersize,blessed-the-name,2,78,10,holy,duration_undersize,duration 0.032s < 0.04s,warning,False,292.792,292.824,0.032,,Holy holy holy holy holy holy holy holy holy holy holy holy holy holy holy holy holy holy holy holy holy holy holy holy holy,interpolated,outro,interpolated_undersize,re_estimate
blessed-the-name_L78_W11_duration_undersize,blessed-the-name,2,78,11,holy,duration_undersize,duration 0.032s < 0.04s,warning,False,292.824,292.856,0.032,,Holy holy holy holy holy holy holy holy holy holy holy holy holy holy holy holy holy holy holy holy holy holy holy holy holy,interpolated,outro,interpolated_undersize,re_estimate
blessed-the-name_L78_W12_duration_undersize,blessed-the-name,2,78,12,holy,duration_undersize,duration 0.032s < 0.04s,warning,False,292.856,292.888,0.032,,Holy holy holy holy holy holy holy holy holy holy holy holy holy holy holy holy holy holy holy holy holy holy holy holy holy,interpolated,outro,interpolated_undersize,re_estimate
blessed-the-name_L78_W13_duration_undersize,blessed-the-name,2,78,13,holy,duration_undersize,duration 0.031s < 0.04s,warning,False,292.888,292.919,0.031,,Holy holy holy holy holy holy holy holy holy holy holy holy holy holy holy holy holy holy holy holy holy holy holy holy holy,interpolated,outro,interpolated_undersize,re_estimate
blessed-the-name_L78_W14_duration_undersize,blessed-the-name,2,78,14,holy,duration_undersize,duration 0.032s < 0.04s,warning,False,292.919,292.951,0.032,,Holy holy holy holy holy holy holy holy holy holy holy holy holy holy holy holy holy holy holy holy holy holy holy holy holy,interpolated,outro,interpolated_undersize,re_estimate
blessed-the-name_L78_W15_duration_undersize,blessed-the-name,2,78,15,holy,duration_undersize,duration 0.032s < 0.04s,warning,False,292.951,292.983,0.032,,Holy holy holy holy holy holy holy holy holy holy holy holy holy holy holy holy holy holy holy holy holy holy holy holy holy,interpolated,outro,interpolated_undersize,re_estimate
blessed-the-name_L78_W16_duration_undersize,blessed-the-name,2,78,16,holy,duration_undersize,duration 0.032s < 0.04s,warning,False,292.983,293.015,0.032,,Holy holy holy holy holy holy holy holy holy holy holy holy holy holy holy holy holy holy holy holy holy holy holy holy holy,interpolated,outro,interpolated_undersize,re_estimate
blessed-the-name_L78_W17_duration_undersize,blessed-the-name,2,78,17,holy,duration_undersize,duration 0.031s < 0.04s,warning,False,293.015,293.046,0.031,,Holy holy holy holy holy holy holy holy holy holy holy holy holy holy holy holy holy holy holy holy holy holy holy holy holy,interpolated,outro,interpolated_undersize,re_estimate
blessed-the-name_L78_W18_duration_undersize,blessed-the-name,2,78,18,holy,duration_undersize,duration 0.032s < 0.04s,warning,False,293.046,293.078,0.032,,Holy holy holy holy holy holy holy holy holy holy holy holy holy holy holy holy holy holy holy holy holy holy holy holy holy,interpolated,outro,interpolated_undersize,re_estimate
blessed-the-name_L78_W19_duration_undersize,blessed-the-name,2,78,19,holy,duration_undersize,duration 0.032s < 0.04s,warning,False,293.078,293.11,0.032,,Holy holy holy holy holy holy holy holy holy holy holy holy holy holy holy holy holy holy holy holy holy holy holy holy holy,interpolated,outro,interpolated_undersize,re_estimate
blessed-the-name_L78_W20_duration_undersize,blessed-the-name,2,78,20,holy,duration_undersize,duration 0.032s < 0.04s,warning,False,293.11,293.142,0.032,,Holy holy holy holy holy holy holy holy holy holy holy holy holy holy holy holy holy holy holy holy holy holy holy holy holy,interpolated,outro,interpolated_undersize,re_estimate
blessed-the-name_L78_W21_duration_undersize,blessed-the-name,2,78,21,holy,duration_undersize,duration 0.032s < 0.04s,warning,False,293.142,293.174,0.032,,Holy holy holy holy holy holy holy holy holy holy holy holy holy holy holy holy holy holy holy holy holy holy holy holy holy,interpolated,outro,interpolated_undersize,re_estimate
blessed-the-name_L78_W22_duration_undersize,blessed-the-name,2,78,22,holy,duration_undersize,duration 0.031s < 0.04s,warning,False,293.174,293.205,0.031,,Holy holy holy holy holy holy holy holy holy holy holy holy holy holy holy holy holy holy holy holy holy holy holy holy holy,interpolated,outro,interpolated_undersize,re_estimate
blessed-the-name_L80_W5_gap_from_prev,blessed-the-name,2,80,5,of,gap_from_prev,gap 6.04s from previous word,high,False,309.237,309.331,0.094,6.042,(the whole earth is full of his glory),vocal_onset_only,outro,independent_gap,fix_inversion_first
blessed-the-name_L80_W6_duration_undersize,blessed-the-name,2,80,6,his,duration_undersize,duration 0.001s < 0.04s,warning,False,309.331,309.332,0.001,,(the whole earth is full of his glory),interpolated,outro,interpolated_undersize,re_estimate
blessed-the-name_L80_W7_duration_undersize,blessed-the-name,2,80,7,glory),duration_undersize,duration 0.001s < 0.04s,warning,False,309.332,309.333,0.001,,(the whole earth is full of his glory),interpolated,outro,interpolated_undersize,re_estimate
blessed-the-name_L81_W0_duration_undersize,blessed-the-name,2,81,0,Holy,duration_undersize,duration 0.040s < 0.04s,warning,False,309.331,309.371,0.04,,Holy holy holy holy holy holy holy holy,vocal_onset,outro,unknown_undersize,manual_review
blessed-the-name_L84_W1_gap_from_prev,blessed-the-name,2,84,1,your,gap_from_prev,gap 0.90s from previous word,warning,False,318.816,319.616,0.8,0.9,(bring your glory down),vocal_onset_only,outro,independent_gap,fix_inversion_first
blessed-the-name_L84_W3_gap_from_prev,blessed-the-name,2,84,3,down),gap_from_prev,gap 0.82s from previous word,warning,False,321.632,322.94,1.308,0.816,(bring your glory down),vocal_onset_only,outro,independent_gap,fix_inversion_first
blessed-the-name_L85_W2_duration_undersize,blessed-the-name,2,85,2,holy,duration_undersize,duration 0.001s < 0.04s,warning,False,324.811,324.812,0.001,,Holy holy holy holy holy holy holy holy,interpolated,outro,interpolated_undersize,re_estimate
blessed-the-name_L85_W3_duration_undersize,blessed-the-name,2,85,3,holy,duration_undersize,duration 0.001s < 0.04s,warning,False,324.812,324.813,0.001,,Holy holy holy holy holy holy holy holy,interpolated,outro,interpolated_undersize,re_estimate
blessed-the-name_L85_W4_duration_undersize,blessed-the-name,2,85,4,holy,duration_undersize,duration 0.001s < 0.04s,warning,False,324.813,324.814,0.001,,Holy holy holy holy holy holy holy holy,interpolated,outro,interpolated_undersize,re_estimate
blessed-the-name_L85_W5_duration_undersize,blessed-the-name,2,85,5,holy,duration_undersize,duration 0.040s < 0.04s,warning,False,324.814,324.854,0.04,,Holy holy holy holy holy holy holy holy,interpolated,outro,interpolated_undersize,re_estimate
blessed-the-name_L86_W0_duration_undersize,blessed-the-name,2,86,0,(is,duration_undersize,duration 0.040s < 0.04s,warning,False,327.576,327.616,0.04,,(is the LORD God Almighty),interpolated,outro,interpolated_undersize,re_estimate
blessed-the-name_L86_W3_gap_from_prev,blessed-the-name,2,86,3,God,gap_from_prev,gap 1.59s from previous word,warning,False,330.763,331.189,0.426,1.595,(is the LORD God Almighty),vocal_onset_only,outro,independent_gap,fix_inversion_first
child-of-god-who-you-be_L0_W2_duration_undersize,child-of-god-who-you-be,1,0,2,you,duration_undersize,duration 0.020s < 0.04s,warning,False,82.9,82.92,0.02,,"Idk who you be, I’m a child of God",transcription,intro,unknown_undersize,manual_review
child-of-god-who-you-be_L1_W2_duration_undersize,child-of-god-who-you-be,1,1,2,you,duration_undersize,duration 0.040s < 0.04s,warning,False,87.92,87.96,0.04,,"Just cuz you also free, Don’t mean I am not",whisper_plus_vocal_onset,intro,unknown_undersize,manual_review
child-of-god-who-you-be_L2_W4_gap_from_prev,child-of-god-who-you-be,1,2,4,I’m,gap_from_prev,gap 0.84s from previous word,warning,False,105.06,105.7,0.64,0.84,"Idk who you be, I’m a child of God",transcription,hook,independent_gap,fix_inversion_first
child-of-god-who-you-be_L3_W2_gap_from_prev,child-of-god-who-you-be,1,3,2,you,gap_from_prev,gap 5.30s from previous word,high,False,121.42,121.7,0.28,5.297,"Just cuz you also free, Don’t mean I am not",whisper_plus_vocal_onset,hook,independent_gap,fix_inversion_first
child-of-god-who-you-be_L3_W4_gap_from_prev,child-of-god-who-you-be,1,3,4,"free,",gap_from_prev,gap 30.27s from previous word,high,False,153.173,154.19,1.017,30.273,"Just cuz you also free, Don’t mean I am not",whisper_plus_vocal_onset,hook,independent_gap,fix_inversion_first
child-of-god-who-you-be_L4_W12_duration_undersize,child-of-god-who-you-be,1,4,12,God,duration_undersize,duration 0.040s < 0.04s,warning,False,162.16,162.2,0.04,,"I’m no longer a slave to fear, I am a child of God",whisper_plus_vocal_onset,post-hook,unknown_undersize,manual_review
child-of-god-who-you-be_L5_W1_gap_from_prev,child-of-god-who-you-be,1,5,1,a,gap_from_prev,gap 2.38s from previous word,warning,False,161.26,161.38,0.12,2.38,I’m a child of God (who you be?),whisper_plus_vocal_onset,post-hook,independent_gap,fix_inversion_first
child-of-god-who-you-be_L5_W6_gap_from_prev,child-of-god-who-you-be,1,5,6,you,gap_from_prev,gap 0.62s from previous word,warning,False,164.74,164.84,0.1,0.62,I’m a child of God (who you be?),transcription,post-hook,independent_gap,fix_inversion_first
child-of-god-who-you-be_L5_W7_duration_undersize,child-of-god-who-you-be,1,5,7,be?),duration_undersize,duration 0.040s < 0.04s,warning,False,164.84,164.88,0.04,,I’m a child of God (who you be?),transcription,post-hook,unknown_undersize,manual_review
child-of-god-who-you-be_L6_W7_duration_undersize,child-of-god-who-you-be,1,6,7,be?),duration_undersize,duration 0.040s < 0.04s,warning,False,159.9,159.94,0.04,,I’m a child of God (who you be?),transcription,post-hook,unknown_undersize,manual_review
child-of-god-who-you-be_L7_W0_duration_undersize,child-of-god-who-you-be,1,7,0,Idk,duration_undersize,duration 0.008s < 0.04s,warning,False,46.968,46.976,0.008,,"Idk who you be, I’m a child of God",transcription,verse,unknown_undersize,manual_review
child-of-god-who-you-be_L7_W1_duration_undersize,child-of-god-who-you-be,1,7,1,who,duration_undersize,duration 0.008s < 0.04s,warning,False,46.976,46.984,0.008,,"Idk who you be, I’m a child of God",transcription,verse,unknown_undersize,manual_review
child-of-god-who-you-be_L7_W2_duration_undersize,child-of-god-who-you-be,1,7,2,you,duration_undersize,duration 0.008s < 0.04s,warning,False,46.984,46.992,0.008,,"Idk who you be, I’m a child of God",transcription,verse,unknown_undersize,manual_review
child-of-god-who-you-be_L7_W3_duration_undersize,child-of-god-who-you-be,1,7,3,"be,",duration_undersize,duration 0.008s < 0.04s,warning,False,46.992,47.0,0.008,,"Idk who you be, I’m a child of God",transcription,verse,unknown_undersize,manual_review
child-of-god-who-you-be_L7_W4_duration_undersize,child-of-god-who-you-be,1,7,4,I’m,duration_undersize,duration 0.008s < 0.04s,warning,False,47.0,47.008,0.008,,"Idk who you be, I’m a child of God",whisper_plus_vocal_onset,verse,unknown_undersize,manual_review
child-of-god-who-you-be_L7_W8_gap_from_prev,child-of-god-who-you-be,1,7,8,God,gap_from_prev,gap 1.34s from previous word,warning,False,50.667,51.867,1.2,1.339,"Idk who you be, I’m a child of God",whisper_plus_vocal_onset,verse,independent_gap,fix_inversion_first
child-of-god-who-you-be_L8_W0_duration_undersize,child-of-god-who-you-be,1,8,0,Just,duration_undersize,duration 0.040s < 0.04s,warning,False,52.856,52.896,0.04,,"Just cuz you also free, Don’t mean I am not",whisper_plus_vocal_onset,verse,unknown_undersize,manual_review
child-of-god-who-you-be_L8_W3_duration_undersize,child-of-god-who-you-be,1,8,3,also,duration_undersize,duration 0.001s < 0.04s,warning,False,53.248,53.249,0.001,,"Just cuz you also free, Don’t mean I am not",whisper_plus_vocal_onset,verse,unknown_undersize,manual_review
child-of-god-who-you-be_L8_W4_duration_undersize,child-of-god-who-you-be,1,8,4,"free,",duration_undersize,duration 0.040s < 0.04s,warning,False,53.249,53.289,0.04,,"Just cuz you also free, Don’t mean I am not",whisper_plus_vocal_onset,verse,unknown_undersize,manual_review
child-of-god-who-you-be_L8_W8_duration_undersize,child-of-god-who-you-be,1,8,8,am,duration_undersize,duration 0.001s < 0.04s,warning,False,54.947,54.948,0.001,,"Just cuz you also free, Don’t mean I am not",transcription,verse,unknown_undersize,manual_review
child-of-god-who-you-be_L8_W9_duration_undersize,child-of-god-who-you-be,1,8,9,not,duration_undersize,duration 0.001s < 0.04s,warning,False,54.948,54.949,0.001,,"Just cuz you also free, Don’t mean I am not",transcription,verse,unknown_undersize,manual_review
child-of-god-who-you-be_L9_W1_duration_undersize,child-of-god-who-you-be,1,9,1,don’t,duration_undersize,duration 0.023s < 0.04s,warning,False,55.217,55.24,0.023,,You don’t treat me or others like you ought,whisper_plus_vocal_onset,verse,unknown_undersize,manual_review
child-of-god-who-you-be_L9_W2_duration_undersize,child-of-god-who-you-be,1,9,2,treat,duration_undersize,duration 0.024s < 0.04s,warning,False,55.24,55.264,0.024,,You don’t treat me or others like you ought,whisper_plus_vocal_onset,verse,unknown_undersize,manual_review
child-of-god-who-you-be_L10_W0_duration_undersize,child-of-god-who-you-be,1,10,0,Most,duration_undersize,duration 0.002s < 0.04s,warning,False,57.63,57.632,0.002,,"Most high’s kids see, we been called gods",whisper_plus_vocal_onset,verse,unknown_undersize,manual_review
child-of-god-who-you-be_L10_W2_duration_undersize,child-of-god-who-you-be,1,10,2,kids,duration_undersize,duration 0.019s < 0.04s,warning,False,57.757,57.776,0.019,,"Most high’s kids see, we been called gods",whisper_plus_vocal_onset,verse,unknown_undersize,manual_review
child-of-god-who-you-be_L10_W3_duration_undersize,child-of-god-who-you-be,1,10,3,"see,",duration_undersize,duration 0.020s < 0.04s,warning,False,57.776,57.796,0.02,,"Most high’s kids see, we been called gods",whisper_plus_vocal_onset,verse,unknown_undersize,manual_review
child-of-god-who-you-be_L10_W4_duration_undersize,child-of-god-who-you-be,1,10,4,we,duration_undersize,duration 0.019s < 0.04s,warning,False,57.796,57.815,0.019,,"Most high’s kids see, we been called gods",transcription,verse,unknown_undersize,manual_review
child-of-god-who-you-be_L10_W5_duration_undersize,child-of-god-who-you-be,1,10,5,been,duration_undersize,duration 0.020s < 0.04s,warning,False,57.815,57.835,0.02,,"Most high’s kids see, we been called gods",whisper_plus_vocal_onset,verse,unknown_undersize,manual_review
child-of-god-who-you-be_L17_W0_duration_undersize,child-of-god-who-you-be,1,17,0,Idk,duration_undersize,duration 0.002s < 0.04s,warning,False,74.85,74.852,0.002,,"Idk who you be, I’m a child of God",whisper_plus_vocal_onset,hook,unknown_undersize,manual_review
child-of-god-who-you-be_L17_W1_duration_undersize,child-of-god-who-you-be,1,17,1,who,duration_undersize,duration 0.002s < 0.04s,warning,False,74.852,74.854,0.002,,"Idk who you be, I’m a child of God",transcription,hook,unknown_undersize,manual_review
child-of-god-who-you-be_L17_W2_duration_undersize,child-of-god-who-you-be,1,17,2,you,duration_undersize,duration 0.002s < 0.04s,warning,False,74.854,74.856,0.002,,"Idk who you be, I’m a child of God",transcription,hook,unknown_undersize,manual_review
child-of-god-who-you-be_L17_W3_duration_undersize,child-of-god-who-you-be,1,17,3,"be,",duration_undersize,duration 0.003s < 0.04s,warning,False,74.856,74.859,0.003,,"Idk who you be, I’m a child of God",transcription,hook,unknown_undersize,manual_review
child-of-god-who-you-be_L17_W7_duration_undersize,child-of-god-who-you-be,1,17,7,of,duration_undersize,duration 0.009s < 0.04s,warning,False,75.223,75.232,0.009,,"Idk who you be, I’m a child of God",whisper_plus_vocal_onset,hook,unknown_undersize,manual_review
child-of-god-who-you-be_L18_W9_gap_from_prev,child-of-god-who-you-be,1,18,9,not,gap_from_prev,gap 0.79s from previous word,warning,False,81.237,81.819,0.582,0.794,"Just cuz you also free, Don’t mean I am not",transcription,hook,independent_gap,fix_inversion_first
child-of-god-who-you-be_L21_W5_gap_from_prev,child-of-god-who-you-be,1,21,5,(who,gap_from_prev,gap 4.22s from previous word,warning,False,176.4,177.6,1.2,4.22,I’m a child of God (who you be?),transcription,post-hook,independent_gap,fix_inversion_first
child-of-god-who-you-be_L21_W6_gap_from_prev,child-of-god-who-you-be,1,21,6,you,gap_from_prev,gap 2.24s from previous word,warning,False,179.84,180.04,0.2,2.24,I’m a child of God (who you be?),transcription,post-hook,independent_gap,fix_inversion_first
child-of-god-who-you-be_L22_W4_duration_undersize,child-of-god-who-you-be,1,22,4,told,duration_undersize,duration 0.024s < 0.04s,warning,False,93.232,93.256,0.024,,"Show you something different, told you I’m a Christian",whisper_plus_vocal_onset,verse,unknown_undersize,manual_review
child-of-god-who-you-be_L22_W5_duration_undersize,child-of-god-who-you-be,1,22,5,you,duration_undersize,duration 0.024s < 0.04s,warning,False,93.256,93.28,0.024,,"Show you something different, told you I’m a Christian",whisper_plus_vocal_onset,verse,unknown_undersize,manual_review
child-of-god-who-you-be_L22_W7_duration_undersize,child-of-god-who-you-be,1,22,7,a,duration_undersize,duration 0.001s < 0.04s,warning,False,93.432,93.433,0.001,,"Show you something different, told you I’m a Christian",transcription,verse,unknown_undersize,manual_review
child-of-god-who-you-be_L22_W8_duration_undersize,child-of-god-who-you-be,1,22,8,Christian,duration_undersize,duration 0.001s < 0.04s,warning,False,93.433,93.434,0.001,,"Show you something different, told you I’m a Christian",transcription,verse,unknown_undersize,manual_review
child-of-god-who-you-be_L23_W4_gap_from_prev,child-of-god-who-you-be,1,23,4,I,gap_from_prev,gap 0.75s from previous word,warning,False,96.96,97.067,0.107,0.752,"Ish is not me, I really do believe, take your time to grieve",whisper_plus_vocal_onset,verse,independent_gap,fix_inversion_first
child-of-god-who-you-be_L23_W12_duration_undersize,child-of-god-who-you-be,1,23,12,grieve,duration_undersize,duration 0.019s < 0.04s,warning,False,99.893,99.912,0.019,,"Ish is not me, I really do believe, take your time to grieve",transcription,verse,unknown_undersize,manual_review
child-of-god-who-you-be_L24_W1_gap_from_prev,child-of-god-who-you-be,1,24,1,all,gap_from_prev,gap 0.53s from previous word,warning,False,102.603,104.103,1.5,0.533,"We all been wrong before, trans isn’t just lore",whisper_plus_vocal_onset,verse,independent_gap,fix_inversion_first
child-of-god-who-you-be_L24_W2_gap_from_prev,child-of-god-who-you-be,1,24,2,been,gap_from_prev,gap 2.60s from previous word,warning,False,106.699,108.199,1.5,2.596,"We all been wrong before, trans isn’t just lore",whisper_plus_vocal_onset,verse,independent_gap,fix_inversion_first
child-of-god-who-you-be_L24_W3_gap_from_prev,child-of-god-who-you-be,1,24,3,wrong,gap_from_prev,gap 1.00s from previous word,warning,False,109.195,110.695,1.5,0.996,"We all been wrong before, trans isn’t just lore",transcription,verse,independent_gap,fix_inversion_first
child-of-god-who-you-be_L24_W4_gap_from_prev,child-of-god-who-you-be,1,24,4,"before,",gap_from_prev,gap 0.99s from previous word,warning,False,111.68,112.88,1.2,0.985,"We all been wrong before, trans isn’t just lore",whisper_plus_vocal_onset,verse,independent_gap,fix_inversion_first
child-of-god-who-you-be_L24_W5_gap_from_prev,child-of-god-who-you-be,1,24,5,trans,gap_from_prev,gap 5.32s from previous word,high,False,118.197,119.397,1.2,5.317,"We all been wrong before, trans isn’t just lore",whisper_plus_vocal_onset,verse,independent_gap,fix_inversion_first
child-of-god-who-you-be_L24_W6_gap_from_prev,child-of-god-who-you-be,1,24,6,isn’t,gap_from_prev,gap 19.49s from previous word,high,False,138.891,140.363,1.472,19.494,"We all been wrong before, trans isn’t just lore",whisper_plus_vocal_onset,verse,independent_gap,fix_inversion_first
child-of-god-who-you-be_L24_W8_gap_from_prev,child-of-god-who-you-be,1,24,8,lore,gap_from_prev,gap 3.24s from previous word,warning,False,144.8,146.3,1.5,3.237,"We all been wrong before, trans isn’t just lore",whisper_plus_vocal_onset,verse,independent_gap,fix_inversion_first
child-of-god-who-you-be_L26_W0_duration_undersize,child-of-god-who-you-be,1,26,0,I’m,duration_undersize,duration 0.004s < 0.04s,warning,False,111.427,111.431,0.004,,"I’m not trying to please you, I don’t have a choice",whisper_plus_vocal_onset,verse,unknown_undersize,manual_review
child-of-god-who-you-be_L26_W1_duration_undersize,child-of-god-who-you-be,1,26,1,not,duration_undersize,duration 0.004s < 0.04s,warning,False,111.431,111.435,0.004,,"I’m not trying to please you, I don’t have a choice",whisper_plus_vocal_onset,verse,unknown_undersize,manual_review
child-of-god-who-you-be_L26_W2_duration_undersize,child-of-god-who-you-be,1,26,2,trying,duration_undersize,duration 0.004s < 0.04s,warning,False,111.435,111.439,0.004,,"I’m not trying to please you, I don’t have a choice",whisper_plus_vocal_onset,verse,unknown_undersize,manual_review
child-of-god-who-you-be_L26_W3_duration_undersize,child-of-god-who-you-be,1,26,3,to,duration_undersize,duration 0.004s < 0.04s,warning,False,111.439,111.443,0.004,,"I’m not trying to please you, I don’t have a choice",transcription,verse,unknown_undersize,manual_review
child-of-god-who-you-be_L26_W4_duration_undersize,child-of-god-who-you-be,1,26,4,please,duration_undersize,duration 0.004s < 0.04s,warning,False,111.443,111.447,0.004,,"I’m not trying to please you, I don’t have a choice",whisper_plus_vocal_onset,verse,unknown_undersize,manual_review
child-of-god-who-you-be_L26_W5_duration_undersize,child-of-god-who-you-be,1,26,5,"you,",duration_undersize,duration 0.004s < 0.04s,warning,False,111.447,111.451,0.004,,"I’m not trying to please you, I don’t have a choice",whisper_plus_vocal_onset,verse,unknown_undersize,manual_review
child-of-god-who-you-be_L26_W6_duration_undersize,child-of-god-who-you-be,1,26,6,I,duration_undersize,duration 0.004s < 0.04s,warning,False,111.451,111.455,0.004,,"I’m not trying to please you, I don’t have a choice",whisper_plus_vocal_onset,verse,unknown_undersize,manual_review
child-of-god-who-you-be_L26_W7_duration_undersize,child-of-god-who-you-be,1,26,7,don’t,duration_undersize,duration 0.004s < 0.04s,warning,False,111.455,111.459,0.004,,"I’m not trying to please you, I don’t have a choice",whisper_plus_vocal_onset,verse,unknown_undersize,manual_review
child-of-god-who-you-be_L26_W8_duration_undersize,child-of-god-who-you-be,1,26,8,have,duration_undersize,duration 0.004s < 0.04s,warning,False,111.459,111.463,0.004,,"I’m not trying to please you, I don’t have a choice",transcription,verse,unknown_undersize,manual_review
child-of-god-who-you-be_L26_W9_duration_undersize,child-of-god-who-you-be,1,26,9,a,duration_undersize,duration 0.004s < 0.04s,warning,False,111.463,111.467,0.004,,"I’m not trying to please you, I don’t have a choice",whisper_plus_vocal_onset,verse,unknown_undersize,manual_review
child-of-god-who-you-be_L28_W1_duration_undersize,child-of-god-who-you-be,1,28,1,as,duration_undersize,duration 0.001s < 0.04s,warning,False,115.125,115.126,0.001,,"Called as his bride, the drive home inside",whisper_plus_vocal_onset,verse,unknown_undersize,manual_review
child-of-god-who-you-be_L28_W2_duration_undersize,child-of-god-who-you-be,1,28,2,his,duration_undersize,duration 0.040s < 0.04s,warning,False,115.126,115.166,0.04,,"Called as his bride, the drive home inside",transcription,verse,unknown_undersize,manual_review
child-of-god-who-you-be_L28_W4_duration_undersize,child-of-god-who-you-be,1,28,4,the,duration_undersize,duration 0.032s < 0.04s,warning,False,115.403,115.435,0.032,,"Called as his bride, the drive home inside",whisper_plus_vocal_onset,verse,unknown_undersize,manual_review
child-of-god-who-you-be_L28_W5_duration_undersize,child-of-god-who-you-be,1,28,5,drive,duration_undersize,duration 0.032s < 0.04s,warning,False,115.435,115.467,0.032,,"Called as his bride, the drive home inside",whisper_plus_vocal_onset,verse,unknown_undersize,manual_review
child-of-god-who-you-be_L29_W0_duration_undersize,child-of-god-who-you-be,1,29,0,Narrow,duration_undersize,duration 0.020s < 0.04s,warning,False,116.504,116.524,0.02,,"Narrow road not wide, patient in the time I bide",whisper_plus_vocal_onset,verse,unknown_undersize,manual_review
child-of-god-who-you-be_L29_W1_duration_undersize,child-of-god-who-you-be,1,29,1,road,duration_undersize,duration 0.020s < 0.04s,warning,False,116.524,116.544,0.02,,"Narrow road not wide, patient in the time I bide",transcription,verse,unknown_undersize,manual_review
child-of-god-who-you-be_L33_W9_gap_from_prev,child-of-god-who-you-be,1,33,9,not,gap_from_prev,gap 0.84s from previous word,warning,False,140.363,140.935,0.572,0.838,"Just cuz you also free, Don’t mean I am not",transcription,hook,independent_gap,fix_inversion_first
child-of-god-who-you-be_L34_W11_gap_from_prev,child-of-god-who-you-be,1,34,11,of,gap_from_prev,gap 0.73s from previous word,warning,False,146.944,148.144,1.2,0.728,"I’m no longer a slave to fear, I am a child of God",transcription,post-hook,independent_gap,fix_inversion_first
child-of-god-who-you-be_L34_W12_gap_from_prev,child-of-god-who-you-be,1,34,12,God,gap_from_prev,gap 2.44s from previous word,warning,False,150.581,151.52,0.939,2.437,"I’m no longer a slave to fear, I am a child of God",whisper_plus_vocal_onset,post-hook,independent_gap,fix_inversion_first
child-of-god-who-you-be_L35_W6_gap_from_prev,child-of-god-who-you-be,1,35,6,you,gap_from_prev,gap 1.14s from previous word,warning,False,158.229,159.278,1.049,1.14,I’m a child of God (who you be?),transcription,post-hook,independent_gap,fix_inversion_first
child-of-god-who-you-be_L36_W3_gap_from_prev,child-of-god-who-you-be,1,36,3,of,gap_from_prev,gap 0.63s from previous word,warning,False,164.395,165.195,0.8,0.634,I’m a child of God (who you be?),transcription,post-hook,independent_gap,fix_inversion_first
child-of-god-who-you-be_L36_W6_gap_from_prev,child-of-god-who-you-be,1,36,6,you,gap_from_prev,gap 3.24s from previous word,warning,False,170.197,170.933,0.736,3.237,I’m a child of God (who you be?),transcription,post-hook,independent_gap,fix_inversion_first
child-of-god-who-you-be_L39_W3_duration_undersize,child-of-god-who-you-be,1,39,3,me,duration_undersize,duration 0.013s < 0.04s,warning,False,182.987,183.0,0.013,,"You ain’t loved me if I ain’t feel loved, discipleship unproved",whisper_plus_vocal_onset,bridge,unknown_undersize,manual_review
child-of-god-who-you-be_L39_W10_duration_undersize,child-of-god-who-you-be,1,39,10,unproved,duration_undersize,duration 0.040s < 0.04s,warning,False,185.1,185.14,0.04,,"You ain’t loved me if I ain’t feel loved, discipleship unproved",transcription,bridge,unknown_undersize,manual_review
child-of-god-who-you-be_L40_W0_duration_undersize,child-of-god-who-you-be,1,40,0,I,duration_undersize,duration 0.040s < 0.04s,warning,False,183.34,183.38,0.04,,"I wanna serve, what do I deserve, why’s your heart unmoved",transcription,bridge,unknown_undersize,manual_review
child-of-god-who-you-be_L40_W2_gap_from_prev,child-of-god-who-you-be,1,40,2,"serve,",gap_from_prev,gap 1.68s from previous word,warning,False,186.261,186.62,0.359,1.681,"I wanna serve, what do I deserve, why’s your heart unmoved",whisper_plus_vocal_onset,bridge,independent_gap,fix_inversion_first
child-of-god-who-you-be_L43_W1_duration_undersize,child-of-god-who-you-be,1,43,1,a,duration_undersize,duration 0.020s < 0.04s,warning,False,240.4,240.42,0.02,,I’m a child of God (who you be?),whisper_plus_vocal_onset,interlude,unknown_undersize,manual_review
child-of-god-who-you-be_L43_W7_duration_undersize,child-of-god-who-you-be,1,43,7,be?),duration_undersize,duration 0.040s < 0.04s,warning,False,243.52,243.56,0.04,,I’m a child of God (who you be?),transcription,interlude,unknown_undersize,manual_review
child-of-god-who-you-be_L44_W1_duration_undersize,child-of-god-who-you-be,1,44,1,a,duration_undersize,duration 0.040s < 0.04s,warning,False,240.523,240.563,0.04,,I’m a child of God (who you be?),whisper_plus_vocal_onset,interlude,unknown_undersize,manual_review
child-of-god-who-you-be_L44_W6_gap_from_prev,child-of-god-who-you-be,1,44,6,you,gap_from_prev,gap 4.46s from previous word,warning,False,247.26,247.36,0.1,4.459,I’m a child of God (who you be?),transcription,interlude,independent_gap,fix_inversion_first
child-of-god-who-you-be_L44_W7_duration_undersize,child-of-god-who-you-be,1,44,7,be?),duration_undersize,duration 0.040s < 0.04s,warning,False,247.36,247.4,0.04,,I’m a child of God (who you be?),transcription,interlude,unknown_undersize,manual_review
child-of-god-who-you-be_L45_W0_duration_undersize,child-of-god-who-you-be,1,45,0,I’m,duration_undersize,duration 0.040s < 0.04s,warning,False,246.08,246.12,0.04,,I’m a child of God (who you be?),whisper_plus_vocal_onset,interlude,unknown_undersize,manual_review
child-of-god-who-you-be_L45_W6_gap_from_prev,child-of-god-who-you-be,1,45,6,you,gap_from_prev,gap 0.90s from previous word,warning,False,248.94,249.4,0.46,0.9,I’m a child of God (who you be?),whisper_plus_vocal_onset,interlude,independent_gap,fix_inversion_first
child-of-god-who-you-be_L47_W6_gap_from_prev,child-of-god-who-you-be,1,47,6,you,gap_from_prev,gap 0.58s from previous word,warning,False,260.64,261.1,0.46,0.58,I’m a child of God (who you be?),transcription,interlude,independent_gap,fix_inversion_first
child-of-god-who-you-be_L49_W7_duration_undersize,child-of-god-who-you-be,1,49,7,be?),duration_undersize,duration 0.040s < 0.04s,warning,False,272.8,272.84,0.04,,I’m a child of God (who you be?),interpolated,interlude,interpolated_undersize,re_estimate
child-of-god-who-you-be_L50_W0_duration_undersize,child-of-god-who-you-be,1,50,0,I’m,duration_undersize,duration 0.040s < 0.04s,warning,False,257.891,257.931,0.04,,I’m a child of God (who you be?),interpolated,interlude,interpolated_undersize,re_estimate
child-of-god-who-you-be_L50_W2_gap_from_prev,child-of-god-who-you-be,1,50,2,child,gap_from_prev,gap 2.23s from previous word,warning,False,261.365,262.565,1.2,2.234,I’m a child of God (who you be?),interpolated,interlude,independent_gap,fix_inversion_first
child-of-god-who-you-be_L50_W3_gap_from_prev,child-of-god-who-you-be,1,50,3,of,gap_from_prev,gap 0.68s from previous word,warning,False,263.243,263.475,0.232,0.678,I’m a child of God (who you be?),interpolated,interlude,independent_gap,fix_inversion_first
child-of-god-who-you-be_L50_W4_duration_undersize,child-of-god-who-you-be,1,50,4,God,duration_undersize,duration 0.001s < 0.04s,warning,False,263.475,263.476,0.001,,I’m a child of God (who you be?),interpolated,interlude,interpolated_undersize,re_estimate
child-of-god-who-you-be_L50_W5_duration_undersize,child-of-god-who-you-be,1,50,5,(who,duration_undersize,duration 0.001s < 0.04s,warning,False,263.476,263.477,0.001,,I’m a child of God (who you be?),interpolated,interlude,interpolated_undersize,re_estimate
child-of-god-who-you-be_L50_W6_duration_undersize,child-of-god-who-you-be,1,50,6,you,duration_undersize,duration 0.001s < 0.04s,warning,False,263.477,263.478,0.001,,I’m a child of God (who you be?),interpolated,interlude,interpolated_undersize,re_estimate
child-of-god-who-you-be_L50_W7_duration_undersize,child-of-god-who-you-be,1,50,7,be?),duration_undersize,duration 0.001s < 0.04s,warning,False,263.478,263.479,0.001,,I’m a child of God (who you be?),interpolated,interlude,interpolated_undersize,re_estimate
child-of-god-who-you-be_L51_W0_duration_undersize,child-of-god-who-you-be,1,51,0,I’m,duration_undersize,duration 0.040s < 0.04s,warning,False,263.475,263.515,0.04,,I’m a child of God (who you be?),interpolated,interlude,interpolated_undersize,re_estimate
child-of-god-who-you-be_L52_W2_duration_undersize,child-of-god-who-you-be,1,52,2,child,duration_undersize,duration 0.001s < 0.04s,warning,False,264.736,264.737,0.001,,I’m a child of God (who you be?),interpolated,interlude,interpolated_undersize,re_estimate
child-of-god-who-you-be_L52_W3_duration_undersize,child-of-god-who-you-be,1,52,3,of,duration_undersize,duration 0.001s < 0.04s,warning,False,264.737,264.738,0.001,,I’m a child of God (who you be?),interpolated,interlude,interpolated_undersize,re_estimate
child-of-god-who-you-be_L52_W6_gap_from_prev,child-of-god-who-you-be,1,52,6,you,gap_from_prev,gap 1.34s from previous word,warning,False,267.275,268.475,1.2,1.339,I’m a child of God (who you be?),interpolated,interlude,independent_gap,fix_inversion_first
child-of-god-who-you-be_L52_W7_gap_from_prev,child-of-god-who-you-be,1,52,7,be?),gap_from_prev,gap 1.02s from previous word,warning,False,269.5,269.8,0.3,1.025,I’m a child of God (who you be?),interpolated,interlude,independent_gap,fix_inversion_first
child-of-god-who-you-be_L53_W2_duration_undersize,child-of-god-who-you-be,1,53,2,child,duration_undersize,duration 0.001s < 0.04s,warning,False,269.845,269.846,0.001,,I’m a child of God (who you be?),interpolated,interlude,interpolated_undersize,re_estimate
child-of-god-who-you-be_L53_W3_duration_undersize,child-of-god-who-you-be,1,53,3,of,duration_undersize,duration 0.001s < 0.04s,warning,False,269.846,269.847,0.001,,I’m a child of God (who you be?),interpolated,interlude,interpolated_undersize,re_estimate
child-of-god-who-you-be_L53_W7_gap_from_prev,child-of-god-who-you-be,1,53,7,be?),gap_from_prev,gap 3.39s from previous word,warning,False,275.324,275.624,0.3,3.393,I’m a child of God (who you be?),vocal_onset_only,interlude,independent_gap,fix_inversion_first
child-of-god-who-you-be_L54_W0_duration_undersize,child-of-god-who-you-be,1,54,0,I’m,duration_undersize,duration 0.001s < 0.04s,warning,False,275.584,275.585,0.001,,I’m a child of God (who you be?),interpolated,interlude,interpolated_undersize,re_estimate
child-of-god-who-you-be_L54_W1_duration_undersize,child-of-god-who-you-be,1,54,1,a,duration_undersize,duration 0.001s < 0.04s,warning,False,275.585,275.586,0.001,,I’m a child of God (who you be?),interpolated,interlude,interpolated_undersize,re_estimate
child-of-god-who-you-be_L54_W2_duration_undersize,child-of-god-who-you-be,1,54,2,child,duration_undersize,duration 0.001s < 0.04s,warning,False,275.586,275.587,0.001,,I’m a child of God (who you be?),interpolated,interlude,interpolated_undersize,re_estimate
child-of-god-who-you-be_L54_W3_duration_undersize,child-of-god-who-you-be,1,54,3,of,duration_undersize,duration 0.001s < 0.04s,warning,False,275.587,275.588,0.001,,I’m a child of God (who you be?),interpolated,interlude,interpolated_undersize,re_estimate
child-of-god-who-you-be_L54_W4_duration_undersize,child-of-god-who-you-be,1,54,4,God,duration_undersize,duration 0.001s < 0.04s,warning,False,275.588,275.589,0.001,,I’m a child of God (who you be?),interpolated,interlude,interpolated_undersize,re_estimate
child-of-god-who-you-be_L54_W5_duration_undersize,child-of-god-who-you-be,1,54,5,(who,duration_undersize,duration 0.001s < 0.04s,warning,False,275.589,275.59,0.001,,I’m a child of God (who you be?),interpolated,interlude,interpolated_undersize,re_estimate
child-of-god-who-you-be_L56_W1_duration_undersize,child-of-god-who-you-be,1,56,1,a,duration_undersize,duration 0.040s < 0.04s,warning,False,275.624,275.664,0.04,,I’m a child of God,interpolated,interlude,interpolated_undersize,re_estimate
child-of-god-who-you-be_L58_W0_duration_undersize,child-of-god-who-you-be,1,58,0,I’m,duration_undersize,duration 0.040s < 0.04s,warning,False,278.3,278.34,0.04,,I’m a child of God,interpolated,interlude,interpolated_undersize,re_estimate
child-of-god-who-you-be_L62_W4_duration_undersize,child-of-god-who-you-be,1,62,4,God,duration_undersize,duration 0.040s < 0.04s,warning,False,290.8,290.84,0.04,,I’m a child of God,transcription,interlude,unknown_undersize,manual_review
conscience-clean_L12_W3_duration_undersize,conscience-clean,28,12,3,law,duration_undersize,duration 0.031s < 0.04s,warning,False,41.749,41.78,0.031,,according to the law,whisper_plus_vocal_onset,intro,unknown_undersize,manual_review
conscience-clean_L13_W3_duration_undersize,conscience-clean,28,13,3,the,duration_undersize,duration 0.040s < 0.04s,warning,False,42.82,42.86,0.04,,or written in the prophets,whisper_plus_vocal_onset,intro,unknown_undersize,manual_review
conscience-clean_L29_W0_duration_undersize,conscience-clean,28,29,0,I,duration_undersize,duration 0.039s < 0.04s,warning,False,93.781,93.82,0.039,,I knew if I followed I’d get heavenly reward,whisper_plus_vocal_onset,second_stanza_(b),unknown_undersize,manual_review
conscience-clean_L30_W0_duration_undersize,conscience-clean,28,30,0,No,duration_undersize,duration 0.040s < 0.04s,warning,False,96.843,96.883,0.04,,"No fasting, God healed, anorexia was tough",whisper_plus_vocal_onset,third_stanza_(c),unknown_undersize,manual_review
conscience-clean_L40_W1_gap_from_prev,conscience-clean,28,40,1,God,gap_from_prev,gap 1.54s from previous word,warning,False,134.603,135.24,0.637,1.543,Toward God and human beings,whisper_plus_vocal_onset,chorus,independent_gap,fix_inversion_first
conscience-clean_L46_W0_duration_undersize,conscience-clean,28,46,0,Conscience,duration_undersize,duration 0.040s < 0.04s,warning,False,167.68,167.72,0.04,,Conscience clean,transcription,post-hook,unknown_undersize,manual_review
conscience-clean_L49_W1_duration_undersize,conscience-clean,28,49,1,to,duration_undersize,duration 0.037s < 0.04s,warning,False,183.243,183.28,0.037,,"Returned to my senses, experiences planned",whisper_plus_vocal_onset,fourth_stanza_(a),unknown_undersize,manual_review
conscience-clean_L66_W8_gap_from_prev,conscience-clean,28,66,8,what’s,gap_from_prev,gap 1.17s from previous word,warning,False,236.0,236.256,0.256,1.168,"Is this yet fulfilled? It made me lament, what’s the extent?",whisper_plus_vocal_onset,seventh_stanza_(c),independent_gap,fix_inversion_first
conscience-clean_L72_W4_duration_undersize,conscience-clean,28,72,4,beings,duration_undersize,duration 0.040s < 0.04s,warning,False,280.36,280.4,0.04,,Toward God and human beings,transcription,chorus,unknown_undersize,manual_review
conscience-clean_L78_W0_duration_undersize,conscience-clean,28,78,0,Conscience,duration_undersize,duration 0.040s < 0.04s,warning,False,301.973,302.013,0.04,,Conscience clean,whisper_plus_vocal_onset,post-hook,unknown_undersize,manual_review
conscience-clean_L99_W0_duration_undersize,conscience-clean,28,99,0,My,duration_undersize,duration 0.021s < 0.04s,warning,False,382.4,382.421,0.021,,My conscience clean,interpolated,hook,interpolated_undersize,re_estimate
covenant-keeping-god_L8_W2_gap_from_prev,covenant-keeping-god,36,8,2,the,gap_from_prev,gap 1.91s from previous word,warning,False,57.568,57.68,0.112,1.908,You are the covenant keeping God,whisper_plus_vocal_onset,chorus,independent_gap,fix_inversion_first
covenant-keeping-god_L20_W2_gap_from_prev,covenant-keeping-god,36,20,2,the,gap_from_prev,gap 1.86s from previous word,warning,False,108.68,108.78,0.1,1.86,You are the covenant keeping God,transcription,chorus,independent_gap,fix_inversion_first
covenant-keeping-god_L21_W2_gap_from_prev,covenant-keeping-god,36,21,2,the,gap_from_prev,gap 2.21s from previous word,warning,False,115.259,115.4,0.141,2.212,You are the covenant keeping God,whisper_plus_vocal_onset,chorus,independent_gap,fix_inversion_first
covenant-keeping-god_L38_W1_gap_from_prev,covenant-keeping-god,36,38,1,flood,gap_from_prev,gap 0.53s from previous word,warning,False,175.307,175.62,0.313,0.527,The flood won't sweep me,whisper_plus_vocal_onset,bridge,independent_gap,fix_inversion_first
covenant-keeping-god_L39_W3_duration_undersize,covenant-keeping-god,36,39,3,my,duration_undersize,duration 0.040s < 0.04s,warning,False,177.9,177.94,0.04,,The Lord is my anchor,transcription,bridge,unknown_undersize,manual_review
covenant-keeping-god_L42_W1_gap_from_prev,covenant-keeping-god,36,42,1,the,gap_from_prev,gap 0.61s from previous word,warning,False,196.16,196.576,0.416,0.613,Yahweh the covenant keeping God,transcription,chorus,independent_gap,fix_inversion_first
culture-creator_L0_W6_gap_from_prev,culture-creator,4,0,6,the,gap_from_prev,gap 1.41s from previous word,warning,False,6.56,6.699,0.139,1.41,The LORD God placed humanity in the garden of Eden,whisper_plus_vocal_onset,intro,independent_gap,fix_inversion_first
culture-creator_L1_W0_duration_overflow,culture-creator,4,1,0,Commanding,duration_overflow,duration 1.5s > 1.5s,warning,False,7.499,8.999,1.5,,Commanding life that death may not come upon,whisper_plus_vocal_onset,intro,unknown_overflow,manual_review
culture-creator_L1_W1_gap_from_prev,culture-creator,4,1,1,life,gap_from_prev,gap 1.20s from previous word,warning,False,10.197,10.32,0.123,1.198,Commanding life that death may not come upon,whisper_plus_vocal_onset,intro,independent_gap,fix_inversion_first
culture-creator_L5_W1_gap_from_prev,culture-creator,4,5,1,"fruitful,",gap_from_prev,gap 1.30s from previous word,warning,False,24.341,24.64,0.299,1.301,"Be fruitful, increase in number, fill creation",whisper_plus_vocal_onset,intro,independent_gap,fix_inversion_first
culture-creator_L6_W5_gap_from_prev,culture-creator,4,6,5,did,gap_from_prev,gap 0.54s from previous word,warning,False,39.989,40.405,0.416,0.538,"Welcome to the revolution, independence did I write",whisper_plus_vocal_onset,movement,independent_gap,fix_inversion_first
culture-creator_L9_W9_gap_from_prev,culture-creator,4,9,9,sight,gap_from_prev,gap 0.92s from previous word,warning,False,56.46,56.76,0.3,0.924,"This art a type of reality signal, remembering its sight",transcription,movement,independent_gap,fix_inversion_first
culture-creator_L11_W2_duration_undersize,culture-creator,4,11,2,paired,duration_undersize,duration 0.008s < 0.04s,warning,False,75.064,75.072,0.008,,"History compression paired with a sigil, contrast your is to might",interpolated,movement,interpolated_undersize,re_estimate
culture-creator_L11_W3_duration_undersize,culture-creator,4,11,3,with,duration_undersize,duration 0.009s < 0.04s,warning,False,75.072,75.081,0.009,,"History compression paired with a sigil, contrast your is to might",interpolated,movement,interpolated_undersize,re_estimate
culture-creator_L11_W4_duration_undersize,culture-creator,4,11,4,a,duration_undersize,duration 0.008s < 0.04s,warning,False,75.081,75.089,0.008,,"History compression paired with a sigil, contrast your is to might",interpolated,movement,interpolated_undersize,re_estimate
culture-creator_L11_W5_duration_undersize,culture-creator,4,11,5,"sigil,",duration_undersize,duration 0.009s < 0.04s,warning,False,75.089,75.098,0.009,,"History compression paired with a sigil, contrast your is to might",interpolated,movement,interpolated_undersize,re_estimate
culture-creator_L11_W6_duration_undersize,culture-creator,4,11,6,contrast,duration_undersize,duration 0.008s < 0.04s,warning,False,75.098,75.106,0.008,,"History compression paired with a sigil, contrast your is to might",interpolated,movement,interpolated_undersize,re_estimate
culture-creator_L11_W7_duration_undersize,culture-creator,4,11,7,your,duration_undersize,duration 0.009s < 0.04s,warning,False,75.106,75.115,0.009,,"History compression paired with a sigil, contrast your is to might",interpolated,movement,interpolated_undersize,re_estimate
culture-creator_L11_W8_duration_undersize,culture-creator,4,11,8,is,duration_undersize,duration 0.008s < 0.04s,warning,False,75.115,75.123,0.008,,"History compression paired with a sigil, contrast your is to might",interpolated,movement,interpolated_undersize,re_estimate
culture-creator_L11_W9_duration_undersize,culture-creator,4,11,9,to,duration_undersize,duration 0.009s < 0.04s,warning,False,75.123,75.132,0.009,,"History compression paired with a sigil, contrast your is to might",interpolated,movement,interpolated_undersize,re_estimate
culture-creator_L11_W10_duration_undersize,culture-creator,4,11,10,might,duration_undersize,duration 0.008s < 0.04s,warning,False,75.132,75.14,0.008,,"History compression paired with a sigil, contrast your is to might",interpolated,movement,interpolated_undersize,re_estimate
culture-creator_L17_W0_duration_undersize,culture-creator,4,17,0,art,duration_undersize,duration 0.030s < 0.04s,warning,False,97.65,97.68,0.03,,art art art art,interpolated,pre-verse,interpolated_undersize,re_estimate
culture-creator_L36_W0_duration_undersize,culture-creator,4,36,0,Move,duration_undersize,duration 0.040s < 0.04s,warning,False,140.853,140.893,0.04,,"Move with care, don’t wait, Love and share, stay awake",whisper_plus_vocal_onset,hook,unknown_undersize,manual_review
culture-creator_L39_W1_duration_undersize,culture-creator,4,39,1,a,duration_undersize,duration 0.020s < 0.04s,warning,False,148.64,148.66,0.02,,I’m a culture creator,transcription,post-hook,unknown_undersize,manual_review
culture-creator_L39_W3_duration_undersize,culture-creator,4,39,3,creator,duration_undersize,duration 0.040s < 0.04s,warning,False,149.0,149.04,0.04,,I’m a culture creator,transcription,post-hook,unknown_undersize,manual_review
culture-creator_L42_W1_gap_from_prev,culture-creator,4,42,1,Two,gap_from_prev,gap 2.66s from previous word,warning,False,155.712,155.84,0.128,2.66,Artifact Two,vocal_onset_only,pre-verse,independent_gap,fix_inversion_first
culture-creator_L54_W6_duration_undersize,culture-creator,4,54,6,creator),duration_undersize,duration 0.040s < 0.04s,warning,False,208.36,208.4,0.04,,I’m allowed to resist (Praising the creator),transcription,chorus,unknown_undersize,manual_review
culture-creator_L57_W0_duration_undersize,culture-creator,4,57,0,Move,duration_undersize,duration 0.040s < 0.04s,warning,False,213.589,213.629,0.04,,"Move with care, don’t wait, Love and share, stay awake",whisper_plus_vocal_onset,hook,unknown_undersize,manual_review
culture-creator_L59_W1_duration_undersize,culture-creator,4,59,1,a,duration_undersize,duration 0.040s < 0.04s,warning,False,219.18,219.22,0.04,,I’m a culture creator,whisper_plus_vocal_onset,post-hook,unknown_undersize,manual_review
culture-creator_L60_W1_duration_undersize,culture-creator,4,60,1,a,duration_undersize,duration 0.033s < 0.04s,warning,False,221.387,221.42,0.033,,"As a reality studio owner and operator, my business is now disclosed",whisper_plus_vocal_onset,bridge,unknown_undersize,manual_review
culture-creator_L61_W6_gap_from_prev,culture-creator,4,61,6,words,gap_from_prev,gap 0.83s from previous word,warning,False,231.499,231.64,0.141,0.827,"Make systems and meaning culture creator, words of power juxtaposed",whisper_plus_vocal_onset,bridge,independent_gap,fix_inversion_first
culture-creator_L63_W7_gap_from_prev,culture-creator,4,63,7,and,gap_from_prev,gap 0.53s from previous word,warning,False,243.9,244.54,0.64,0.535,"But I’m the owner, it’s the amplifier, and now this signal shall close",transcription,bridge,independent_gap,fix_inversion_first
culture-creator_L64_W5_duration_undersize,culture-creator,4,64,5,a,duration_undersize,duration 0.040s < 0.04s,warning,False,249.86,249.9,0.04,,I’m allowed to exist (I’m a culture creator),whisper_plus_vocal_onset,chorus/vamp,unknown_undersize,manual_review
culture-creator_L66_W6_duration_undersize,culture-creator,4,66,6,creator),duration_undersize,duration 0.040s < 0.04s,warning,False,255.36,255.4,0.04,,I’m allowed to resist (Praising the creator),transcription,chorus/vamp,unknown_undersize,manual_review
culture-creator_L67_W7_duration_undersize,culture-creator,4,67,7,creator),duration_undersize,duration 0.040s < 0.04s,warning,False,257.74,257.78,0.04,,To change what will be (Praising our creator),transcription,chorus/vamp,unknown_undersize,manual_review
culture-creator_L72_W11_gap_from_prev,culture-creator,4,72,11,a,gap_from_prev,gap 0.58s from previous word,warning,False,271.5,271.6,0.1,0.58,"Move with care, don’t wait, Love and share, stay awake (Be a culture creator, creator, creator)",transcription,hook/vamp,independent_gap,fix_inversion_first
culture-creator_L73_W0_duration_undersize,culture-creator,4,73,0,Move,duration_undersize,duration 0.040s < 0.04s,warning,False,270.04,270.08,0.04,,"Move with care, don’t wait, Love and share, stay awake (Praising the creator, creator, creator)",transcription,hook/vamp,unknown_undersize,manual_review
culture-creator_L74_W0_duration_undersize,culture-creator,4,74,0,Move,duration_undersize,duration 0.040s < 0.04s,warning,False,272.42,272.46,0.04,,"Move with care, don’t wait, Love and share, stay awake (Praising our creator, creator, creator)",transcription,hook/vamp,unknown_undersize,manual_review
culture-creator_L76_W12_duration_undersize,culture-creator,4,76,12,"creator,",duration_undersize,duration 0.001s < 0.04s,warning,False,270.021,270.022,0.001,,"Move with care, don’t wait, Love and share, stay awake (Praising the creator, creator, creator)",interpolated,hook/vamp,interpolated_undersize,re_estimate
culture-creator_L76_W13_duration_undersize,culture-creator,4,76,13,"creator,",duration_undersize,duration 0.001s < 0.04s,warning,False,270.022,270.023,0.001,,"Move with care, don’t wait, Love and share, stay awake (Praising the creator, creator, creator)",interpolated,hook/vamp,interpolated_undersize,re_estimate
culture-creator_L76_W14_duration_undersize,culture-creator,4,76,14,creator),duration_undersize,duration 0.001s < 0.04s,warning,False,270.023,270.024,0.001,,"Move with care, don’t wait, Love and share, stay awake (Praising the creator, creator, creator)",interpolated,hook/vamp,interpolated_undersize,re_estimate
culture-creator_L77_W0_duration_undersize,culture-creator,4,77,0,Move,duration_undersize,duration 0.027s < 0.04s,warning,False,270.021,270.048,0.027,,"Move with care, don’t wait, Love and share, stay awake (Praising our creator, creator, creator)",interpolated,hook/vamp,interpolated_undersize,re_estimate
culture-creator_L77_W1_duration_undersize,culture-creator,4,77,1,with,duration_undersize,duration 0.027s < 0.04s,warning,False,270.048,270.075,0.027,,"Move with care, don’t wait, Love and share, stay awake (Praising our creator, creator, creator)",interpolated,hook/vamp,interpolated_undersize,re_estimate
culture-creator_L77_W2_duration_undersize,culture-creator,4,77,2,"care,",duration_undersize,duration 0.026s < 0.04s,warning,False,270.075,270.101,0.026,,"Move with care, don’t wait, Love and share, stay awake (Praising our creator, creator, creator)",interpolated,hook/vamp,interpolated_undersize,re_estimate
culture-creator_L77_W3_duration_undersize,culture-creator,4,77,3,don’t,duration_undersize,duration 0.027s < 0.04s,warning,False,270.101,270.128,0.027,,"Move with care, don’t wait, Love and share, stay awake (Praising our creator, creator, creator)",interpolated,hook/vamp,interpolated_undersize,re_estimate
culture-creator_L77_W4_duration_undersize,culture-creator,4,77,4,"wait,",duration_undersize,duration 0.027s < 0.04s,warning,False,270.128,270.155,0.027,,"Move with care, don’t wait, Love and share, stay awake (Praising our creator, creator, creator)",interpolated,hook/vamp,interpolated_undersize,re_estimate
culture-creator_L77_W5_duration_undersize,culture-creator,4,77,5,Love,duration_undersize,duration 0.026s < 0.04s,warning,False,270.155,270.181,0.026,,"Move with care, don’t wait, Love and share, stay awake (Praising our creator, creator, creator)",interpolated,hook/vamp,interpolated_undersize,re_estimate
culture-creator_L77_W6_duration_undersize,culture-creator,4,77,6,and,duration_undersize,duration 0.027s < 0.04s,warning,False,270.181,270.208,0.027,,"Move with care, don’t wait, Love and share, stay awake (Praising our creator, creator, creator)",interpolated,hook/vamp,interpolated_undersize,re_estimate
culture-creator_L77_W7_duration_undersize,culture-creator,4,77,7,"share,",duration_undersize,duration 0.027s < 0.04s,warning,False,270.208,270.235,0.027,,"Move with care, don’t wait, Love and share, stay awake (Praising our creator, creator, creator)",interpolated,hook/vamp,interpolated_undersize,re_estimate
culture-creator_L77_W8_duration_undersize,culture-creator,4,77,8,stay,duration_undersize,duration 0.026s < 0.04s,warning,False,270.235,270.261,0.026,,"Move with care, don’t wait, Love and share, stay awake (Praising our creator, creator, creator)",interpolated,hook/vamp,interpolated_undersize,re_estimate
culture-creator_L77_W10_gap_from_prev,culture-creator,4,77,10,(Praising,gap_from_prev,gap 1.16s from previous word,warning,False,272.619,273.147,0.528,1.158,"Move with care, don’t wait, Love and share, stay awake (Praising our creator, creator, creator)",vocal_onset_only,hook/vamp,independent_gap,fix_inversion_first
culture-creator_L78_W1_duration_undersize,culture-creator,4,78,1,a,duration_undersize,duration 0.020s < 0.04s,warning,False,275.7,275.72,0.02,,I’m a culture creator,whisper_plus_vocal_onset,final_post-hook,unknown_undersize,manual_review
culture-creator_L79_W1_duration_undersize,culture-creator,4,79,1,a,duration_undersize,duration 0.020s < 0.04s,warning,False,278.08,278.1,0.02,,I’m a culture creator,whisper_plus_vocal_onset,final_post-hook,unknown_undersize,manual_review
culture-creator_L81_W0_duration_undersize,culture-creator,4,81,0,I’m,duration_undersize,duration 0.040s < 0.04s,warning,False,287.139,287.179,0.04,,I’m a culture…..,vocal_onset,final_post-hook,unknown_undersize,manual_review
culture-creator_L82_W0_duration_undersize,culture-creator,4,82,0,A,duration_undersize,duration 0.001s < 0.04s,warning,False,287.179,287.18,0.001,,A wise leader educates the people,whisper_plus_vocal_onset,outro,unknown_undersize,manual_review
culture-creator_L20_W0_text_overflow,culture-creator,4,20,0,After,text_overflow,left clip 8px (word extends past left edge),warning,False,,,,,"After prayerful consideration, leadership has reached a difficult decision",whisper_plus_vocal_onset,movement/verse,ambiguous,manual_review
culture-creator_L20_W8_text_overflow,culture-creator,4,20,8,decision,text_overflow,right clip 8px (word extends past right edge),warning,False,,,,,"After prayerful consideration, leadership has reached a difficult decision",whisper_plus_vocal_onset,movement/verse,ambiguous,manual_review
culture-creator_L50_W0_text_overflow,culture-creator,4,50,0,Reinstatement,text_overflow,left clip 43px (word extends past left edge),warning,False,,,,,Reinstatement may be considered upon evidence of repentance and submission,whisper_plus_vocal_onset,movement/verse,ambiguous,manual_review
culture-creator_L50_W9_text_overflow,culture-creator,4,50,9,submission,text_overflow,right clip 43px (word extends past right edge),warning,False,,,,,Reinstatement may be considered upon evidence of repentance and submission,whisper_plus_vocal_onset,movement/verse,ambiguous,manual_review
culture-creator_L72_W0_text_overflow,culture-creator,4,72,0,Move,text_overflow,left clip 127px (word extends past left edge),warning,False,,,,,"Move with care, don’t wait, Love and share, stay awake (Be a culture creator, creator, creator)",transcription,hook/vamp,ambiguous,manual_review
culture-creator_L72_W1_text_overflow,culture-creator,4,72,1,with,text_overflow,left clip 51px (word extends past left edge),warning,False,,,,,"Move with care, don’t wait, Love and share, stay awake (Be a culture creator, creator, creator)",transcription,hook/vamp,ambiguous,manual_review
culture-creator_L72_W14_text_overflow,culture-creator,4,72,14,"creator,",text_overflow,right clip 14px (word extends past right edge),warning,False,,,,,"Move with care, don’t wait, Love and share, stay awake (Be a culture creator, creator, creator)",transcription,hook/vamp,ambiguous,manual_review
culture-creator_L72_W15_text_overflow,culture-creator,4,72,15,creator),text_overflow,right clip 127px (word extends past right edge),warning,False,,,,,"Move with care, don’t wait, Love and share, stay awake (Be a culture creator, creator, creator)",transcription,hook/vamp,ambiguous,manual_review
culture-creator_L73_W0_text_overflow,culture-creator,4,73,0,Move,text_overflow,left clip 130px (word extends past left edge),warning,False,,,,,"Move with care, don’t wait, Love and share, stay awake (Praising the creator, creator, creator)",transcription,hook/vamp,ambiguous,manual_review
culture-creator_L73_W1_text_overflow,culture-creator,4,73,1,with,text_overflow,left clip 54px (word extends past left edge),warning,False,,,,,"Move with care, don’t wait, Love and share, stay awake (Praising the creator, creator, creator)",transcription,hook/vamp,ambiguous,manual_review
culture-creator_L73_W13_text_overflow,culture-creator,4,73,13,"creator,",text_overflow,right clip 16px (word extends past right edge),warning,False,,,,,"Move with care, don’t wait, Love and share, stay awake (Praising the creator, creator, creator)",transcription,hook/vamp,ambiguous,manual_review
culture-creator_L73_W14_text_overflow,culture-creator,4,73,14,creator),text_overflow,right clip 130px (word extends past right edge),warning,False,,,,,"Move with care, don’t wait, Love and share, stay awake (Praising the creator, creator, creator)",transcription,hook/vamp,ambiguous,manual_review
culture-creator_L74_W0_text_overflow,culture-creator,4,74,0,Move,text_overflow,left clip 130px (word extends past left edge),warning,False,,,,,"Move with care, don’t wait, Love and share, stay awake (Praising our creator, creator, creator)",transcription,hook/vamp,ambiguous,manual_review
culture-creator_L74_W1_text_overflow,culture-creator,4,74,1,with,text_overflow,left clip 54px (word extends past left edge),warning,False,,,,,"Move with care, don’t wait, Love and share, stay awake (Praising our creator, creator, creator)",transcription,hook/vamp,ambiguous,manual_review
culture-creator_L74_W13_text_overflow,culture-creator,4,74,13,"creator,",text_overflow,right clip 17px (word extends past right edge),warning,False,,,,,"Move with care, don’t wait, Love and share, stay awake (Praising our creator, creator, creator)",transcription,hook/vamp,ambiguous,manual_review
culture-creator_L74_W14_text_overflow,culture-creator,4,74,14,creator),text_overflow,right clip 130px (word extends past right edge),warning,False,,,,,"Move with care, don’t wait, Love and share, stay awake (Praising our creator, creator, creator)",transcription,hook/vamp,ambiguous,manual_review
culture-creator_L75_W0_text_overflow,culture-creator,4,75,0,Move,text_overflow,left clip 127px (word extends past left edge),warning,False,,,,,"Move with care, don’t wait, Love and share, stay awake (Be a culture creator, creator, creator)",interpolated,hook/vamp,ambiguous,manual_review
culture-creator_L75_W1_text_overflow,culture-creator,4,75,1,with,text_overflow,left clip 51px (word extends past left edge),warning,False,,,,,"Move with care, don’t wait, Love and share, stay awake (Be a culture creator, creator, creator)",interpolated,hook/vamp,ambiguous,manual_review
culture-creator_L75_W14_text_overflow,culture-creator,4,75,14,"creator,",text_overflow,right clip 14px (word extends past right edge),warning,False,,,,,"Move with care, don’t wait, Love and share, stay awake (Be a culture creator, creator, creator)",vocal_onset_only,hook/vamp,ambiguous,manual_review
culture-creator_L75_W15_text_overflow,culture-creator,4,75,15,creator),text_overflow,right clip 127px (word extends past right edge),warning,False,,,,,"Move with care, don’t wait, Love and share, stay awake (Be a culture creator, creator, creator)",vocal_onset_only,hook/vamp,ambiguous,manual_review
culture-creator_L76_W0_text_overflow,culture-creator,4,76,0,Move,text_overflow,left clip 130px (word extends past left edge),warning,False,,,,,"Move with care, don’t wait, Love and share, stay awake (Praising the creator, creator, creator)",interpolated,hook/vamp,ambiguous,manual_review
culture-creator_L76_W1_text_overflow,culture-creator,4,76,1,with,text_overflow,left clip 54px (word extends past left edge),warning,False,,,,,"Move with care, don’t wait, Love and share, stay awake (Praising the creator, creator, creator)",interpolated,hook/vamp,ambiguous,manual_review
culture-creator_L76_W13_text_overflow,culture-creator,4,76,13,"creator,",text_overflow,right clip 16px (word extends past right edge),warning,False,,,,,"Move with care, don’t wait, Love and share, stay awake (Praising the creator, creator, creator)",interpolated,hook/vamp,ambiguous,manual_review
culture-creator_L76_W14_text_overflow,culture-creator,4,76,14,creator),text_overflow,right clip 130px (word extends past right edge),warning,False,,,,,"Move with care, don’t wait, Love and share, stay awake (Praising the creator, creator, creator)",interpolated,hook/vamp,ambiguous,manual_review
culture-creator_L77_W0_text_overflow,culture-creator,4,77,0,Move,text_overflow,left clip 130px (word extends past left edge),warning,False,,,,,"Move with care, don’t wait, Love and share, stay awake (Praising our creator, creator, creator)",interpolated,hook/vamp,ambiguous,manual_review
culture-creator_L77_W1_text_overflow,culture-creator,4,77,1,with,text_overflow,left clip 54px (word extends past left edge),warning,False,,,,,"Move with care, don’t wait, Love and share, stay awake (Praising our creator, creator, creator)",interpolated,hook/vamp,ambiguous,manual_review
culture-creator_L77_W13_text_overflow,culture-creator,4,77,13,"creator,",text_overflow,right clip 17px (word extends past right edge),warning,False,,,,,"Move with care, don’t wait, Love and share, stay awake (Praising our creator, creator, creator)",vocal_onset_only,hook/vamp,ambiguous,manual_review
culture-creator_L77_W14_text_overflow,culture-creator,4,77,14,creator),text_overflow,right clip 130px (word extends past right edge),warning,False,,,,,"Move with care, don’t wait, Love and share, stay awake (Praising our creator, creator, creator)",vocal_onset_only,hook/vamp,ambiguous,manual_review
didn-t-forget-jesus_L3_W4_gap_from_prev,didn-t-forget-jesus,3,3,4,Jesus,gap_from_prev,gap 1.49s from previous word,warning,False,30.784,31.65,0.866,1.488,But I didn’t forget Jesus,whisper_plus_vocal_onset,verse,independent_gap,fix_inversion_first
didn-t-forget-jesus_L11_W3_duration_undersize,didn-t-forget-jesus,3,11,3,Jesus,duration_undersize,duration 0.040s < 0.04s,warning,False,64.98,65.02,0.04,,I didn't forget Jesus,transcription,hook,unknown_undersize,manual_review
didn-t-forget-jesus_L12_W0_duration_undersize,didn-t-forget-jesus,3,12,0,Didn't,duration_undersize,duration 0.040s < 0.04s,warning,False,59.62,59.66,0.04,,Didn't forget Jesus,transcription,hook,unknown_undersize,manual_review
didn-t-forget-jesus_L12_W2_duration_undersize,didn-t-forget-jesus,3,12,2,Jesus,duration_undersize,duration 0.040s < 0.04s,warning,False,60.12,60.16,0.04,,Didn't forget Jesus,transcription,hook,unknown_undersize,manual_review
didn-t-forget-jesus_L13_W0_duration_undersize,didn-t-forget-jesus,3,13,0,Didn't,duration_undersize,duration 0.040s < 0.04s,warning,False,59.62,59.66,0.04,,Didn't forget,transcription,hook,unknown_undersize,manual_review
didn-t-forget-jesus_L24_W2_duration_overflow,didn-t-forget-jesus,3,24,2,Jesus,duration_overflow,duration 1.5s > 1.5s,warning,False,127.3,128.8,1.5,,Didn't forget Jesus,transcription,hook,unknown_overflow,manual_review
didn-t-forget-jesus_L39_W3_duration_undersize,didn-t-forget-jesus,3,39,3,Jesus,duration_undersize,duration 0.040s < 0.04s,warning,False,199.34,199.38,0.04,,I didn't forget Jesus,transcription,hook,unknown_undersize,manual_review
didn-t-forget-jesus_L40_W0_duration_undersize,didn-t-forget-jesus,3,40,0,Didn't,duration_undersize,duration 0.040s < 0.04s,warning,False,194.02,194.06,0.04,,Didn't forget Jesus,transcription,hook,unknown_undersize,manual_review
didn-t-forget-jesus_L41_W0_duration_undersize,didn-t-forget-jesus,3,41,0,Didn't,duration_undersize,duration 0.040s < 0.04s,warning,False,194.02,194.06,0.04,,Didn't forget,transcription,hook,unknown_undersize,manual_review
didn-t-forget-jesus_L44_W0_start_gte_end,didn-t-forget-jesus,3,44,0,Q,start_gte_end,start >= end,critical,False,222.73,222.73,0.0,,"Q E D I am of God, proof complete, I die my soul rejoices",interpolated,bridge,interpolated_inversion,re_estimate
didn-t-forget-jesus_L44_W1_start_gte_end,didn-t-forget-jesus,3,44,1,E,start_gte_end,start >= end,critical,False,222.73,222.73,0.0,,"Q E D I am of God, proof complete, I die my soul rejoices",interpolated,bridge,interpolated_inversion,re_estimate
didn-t-forget-jesus_L44_W2_start_gte_end,didn-t-forget-jesus,3,44,2,D,start_gte_end,start >= end,critical,False,222.73,222.73,0.0,,"Q E D I am of God, proof complete, I die my soul rejoices",interpolated,bridge,interpolated_inversion,re_estimate
didn-t-forget-jesus_L44_W3_start_gte_end,didn-t-forget-jesus,3,44,3,I,start_gte_end,start >= end,critical,False,222.73,222.73,0.0,,"Q E D I am of God, proof complete, I die my soul rejoices",interpolated,bridge,interpolated_inversion,re_estimate
didn-t-forget-jesus_L44_W4_start_gte_end,didn-t-forget-jesus,3,44,4,am,start_gte_end,start >= end,critical,False,222.73,222.73,0.0,,"Q E D I am of God, proof complete, I die my soul rejoices",interpolated,bridge,interpolated_inversion,re_estimate
didn-t-forget-jesus_L44_W5_duration_undersize,didn-t-forget-jesus,3,44,5,of,duration_undersize,duration 0.001s < 0.04s,warning,False,222.73,222.731,0.001,,"Q E D I am of God, proof complete, I die my soul rejoices",interpolated,bridge,interpolated_undersize,re_estimate
didn-t-forget-jesus_L44_W6_start_gte_end,didn-t-forget-jesus,3,44,6,"God,",start_gte_end,start >= end,critical,False,222.731,222.731,0.0,,"Q E D I am of God, proof complete, I die my soul rejoices",interpolated,bridge,interpolated_inversion,re_estimate
didn-t-forget-jesus_L44_W9_duration_undersize,didn-t-forget-jesus,3,44,9,I,duration_undersize,duration 0.025s < 0.04s,warning,False,223.058,223.083,0.025,,"Q E D I am of God, proof complete, I die my soul rejoices",interpolated,bridge,interpolated_undersize,re_estimate
didn-t-forget-jesus_L44_W11_duration_undersize,didn-t-forget-jesus,3,44,11,my,duration_undersize,duration 0.023s < 0.04s,warning,False,223.317,223.34,0.023,,"Q E D I am of God, proof complete, I die my soul rejoices",vocal_onset_only,bridge,unknown_undersize,manual_review
didn-t-forget-jesus_L44_W12_duration_undersize,didn-t-forget-jesus,3,44,12,soul,duration_undersize,duration 0.001s < 0.04s,warning,False,223.34,223.341,0.001,,"Q E D I am of God, proof complete, I die my soul rejoices",interpolated,bridge,interpolated_undersize,re_estimate
didn-t-forget-jesus_L44_W13_duration_undersize,didn-t-forget-jesus,3,44,13,rejoices,duration_undersize,duration 0.001s < 0.04s,warning,False,223.341,223.342,0.001,,"Q E D I am of God, proof complete, I die my soul rejoices",interpolated,bridge,interpolated_undersize,re_estimate
didn-t-forget-jesus_L45_W0_duration_undersize,didn-t-forget-jesus,3,45,0,He,duration_undersize,duration 0.040s < 0.04s,warning,False,223.381,223.421,0.04,,He is the only reason I exist,whisper_plus_vocal_onset,chorus,unknown_undersize,manual_review
didn-t-forget-jesus_L45_W2_gap_from_prev,didn-t-forget-jesus,3,45,2,the,gap_from_prev,gap 9.31s from previous word,high,False,233.888,234.22,0.332,9.308,He is the only reason I exist,whisper_plus_vocal_onset,chorus,independent_gap,fix_inversion_first
didn-t-forget-jesus_L51_W0_duration_undersize,didn-t-forget-jesus,3,51,0,Didn't,duration_undersize,duration 0.040s < 0.04s,warning,False,251.56,251.6,0.04,,Didn't forget Jesus,transcription,hook,unknown_undersize,manual_review
didn-t-forget-jesus_L51_W2_duration_undersize,didn-t-forget-jesus,3,51,2,Jesus,duration_undersize,duration 0.040s < 0.04s,warning,False,252.12,252.16,0.04,,Didn't forget Jesus,transcription,hook,unknown_undersize,manual_review
didn-t-forget-jesus_L52_W0_duration_undersize,didn-t-forget-jesus,3,52,0,Didn't,duration_undersize,duration 0.040s < 0.04s,warning,False,251.56,251.6,0.04,,Didn't forget,transcription,hook,unknown_undersize,manual_review
didn-t-forget-jesus_L54_W3_duration_undersize,didn-t-forget-jesus,3,54,3,Jesus,duration_undersize,duration 0.040s < 0.04s,warning,False,276.16,276.2,0.04,,I didn't forget Jesus,transcription,hook,unknown_undersize,manual_review
didn-t-forget-jesus_L55_W2_duration_undersize,didn-t-forget-jesus,3,55,2,Jesus,duration_undersize,duration 0.040s < 0.04s,warning,False,271.3,271.34,0.04,,Didn't forget Jesus,transcription,hook,unknown_undersize,manual_review
didn-t-forget-jesus_L58_W0_duration_undersize,didn-t-forget-jesus,3,58,0,I,duration_undersize,duration 0.040s < 0.04s,warning,False,289.48,289.52,0.04,,I didn’t forget Jesus,transcription,refrain,unknown_undersize,manual_review
electric-pulse_L0_W3_gap_from_prev,electric-pulse,8,0,3,light,gap_from_prev,gap 0.56s from previous word,warning,False,18.88,20.38,1.5,0.56,"Electric pulse, flickering light",transcription,verse,independent_gap,fix_inversion_first
electric-pulse_L1_W4_gap_from_prev,electric-pulse,8,1,4,the,gap_from_prev,gap 0.92s from previous word,warning,False,25.824,26.069,0.245,0.924,Awakening the shadows of the night (night),whisper_plus_vocal_onset,verse,independent_gap,fix_inversion_first
electric-pulse_L2_W2_gap_from_prev,electric-pulse,8,2,2,secrets,gap_from_prev,gap 1.78s from previous word,warning,False,32.736,33.237,0.501,1.776,"Silent whispers, secrets untold",whisper_plus_vocal_onset,verse,independent_gap,fix_inversion_first
electric-pulse_L3_W4_gap_from_prev,electric-pulse,8,3,4,to,gap_from_prev,gap 1.06s from previous word,warning,False,40.149,40.512,0.363,1.06,A universe of wonder to behold (ooooh),whisper_plus_vocal_onset,verse,independent_gap,fix_inversion_first
electric-pulse_L3_W6_gap_from_prev,electric-pulse,8,3,6,(ooooh),gap_from_prev,gap 1.11s from previous word,warning,False,42.82,44.02,1.2,1.108,A universe of wonder to behold (ooooh),transcription,verse,independent_gap,fix_inversion_first
electric-pulse_L5_W4_gap_from_prev,electric-pulse,8,5,4,a,gap_from_prev,gap 0.56s from previous word,warning,False,69.4,69.6,0.2,0.56,"A symphony of thoughts, a rhythm divine (divine)",transcription,verse,independent_gap,fix_inversion_first
electric-pulse_L5_W7_gap_from_prev,electric-pulse,8,5,7,(divine),gap_from_prev,gap 0.51s from previous word,warning,False,71.84,73.34,1.5,0.507,"A symphony of thoughts, a rhythm divine (divine)",transcription,verse,independent_gap,fix_inversion_first
electric-pulse_L8_W5_gap_from_prev,electric-pulse,8,8,5,(alive),gap_from_prev,gap 4.28s from previous word,warning,False,98.68,99.14,0.46,4.28,"(Oh-oh-oh-oh-oh) I'm awake, I'm alive (alive)",transcription,chorus,independent_gap,fix_inversion_first
electric-pulse_L9_W4_gap_from_prev,electric-pulse,8,9,4,(fied),gap_from_prev,gap 0.57s from previous word,warning,False,102.3,102.64,0.34,0.567,"Feel the surge, electrified (fied)",transcription,chorus,independent_gap,fix_inversion_first
electric-pulse_L10_W1_gap_from_prev,electric-pulse,8,10,1,I'm,gap_from_prev,gap 2.41s from previous word,warning,False,106.752,107.44,0.688,2.412,(Oh-oh-oh-oh-oh) I'm a spark in the night (the night),whisper_plus_vocal_onset,chorus,independent_gap,fix_inversion_first
electric-pulse_L10_W7_gap_from_prev,electric-pulse,8,10,7,(the,gap_from_prev,gap 1.30s from previous word,warning,False,110.645,110.9,0.255,1.295,(Oh-oh-oh-oh-oh) I'm a spark in the night (the night),whisper_plus_vocal_onset,chorus,independent_gap,fix_inversion_first
electric-pulse_L13_W4_gap_from_prev,electric-pulse,8,13,4,forever,gap_from_prev,gap 2.30s from previous word,warning,False,143.797,144.4,0.603,2.297,"A mosaic of emotions, forever (forever)",whisper_plus_vocal_onset,verse,independent_gap,fix_inversion_first
electric-pulse_L14_W1_gap_from_prev,electric-pulse,8,14,1,the,gap_from_prev,gap 3.19s from previous word,warning,False,149.728,150.08,0.352,3.188,Unraveling the mysteries of the soul,whisper_plus_vocal_onset,verse,independent_gap,fix_inversion_first
electric-pulse_L15_W1_gap_from_prev,electric-pulse,8,15,1,the,gap_from_prev,gap 0.88s from previous word,warning,False,155.285,156.4,1.115,0.885,"Embracing the unknown, letting go (ooooh)",whisper_plus_vocal_onset,verse,independent_gap,fix_inversion_first
electric-pulse_L15_W3_gap_from_prev,electric-pulse,8,15,3,letting,gap_from_prev,gap 0.74s from previous word,warning,False,158.34,159.24,0.9,0.74,"Embracing the unknown, letting go (ooooh)",transcription,verse,independent_gap,fix_inversion_first
electric-pulse_L15_W5_gap_from_prev,electric-pulse,8,15,5,(ooooh),gap_from_prev,gap 2.00s from previous word,warning,False,162.44,163.64,1.2,2.0,"Embracing the unknown, letting go (ooooh)",transcription,verse,independent_gap,fix_inversion_first
electric-pulse_L16_W5_gap_from_prev,electric-pulse,8,16,5,(alive),gap_from_prev,gap 0.96s from previous word,warning,False,169.72,170.02,0.3,0.96,"(Oh-oh-oh-oh-oh) I'm awake, I'm alive (alive)",transcription,chorus,independent_gap,fix_inversion_first
electric-pulse_L17_W1_gap_from_prev,electric-pulse,8,17,1,the,gap_from_prev,gap 1.94s from previous word,warning,False,173.48,173.64,0.16,1.943,"Feel the surge, electrified (fied)",transcription,chorus,independent_gap,fix_inversion_first
electric-pulse_L17_W4_gap_from_prev,electric-pulse,8,17,4,(fied),gap_from_prev,gap 0.64s from previous word,warning,False,176.22,177.4,1.18,0.641,"Feel the surge, electrified (fied)",transcription,chorus,independent_gap,fix_inversion_first
electric-pulse_L19_W1_gap_from_prev,electric-pulse,8,19,1,"boundaries,",gap_from_prev,gap 2.03s from previous word,warning,False,188.32,189.34,1.02,2.031,"Shattering boundaries, taking flight",transcription,chorus,independent_gap,fix_inversion_first
electric-pulse_L25_W4_gap_from_prev,electric-pulse,8,25,4,(fied),gap_from_prev,gap 0.64s from previous word,warning,False,220.44,221.94,1.5,0.637,"Feel the surge, electrified (fied)",transcription,chorus,independent_gap,fix_inversion_first
electric-pulse_L26_W7_gap_from_prev,electric-pulse,8,26,7,(the,gap_from_prev,gap 3.27s from previous word,warning,False,231.008,232.208,1.2,3.268,(Oh-oh-oh-oh-oh) I'm a spark in the night (the night),whisper_plus_vocal_onset,chorus,independent_gap,fix_inversion_first
electric-pulse_L26_W8_gap_from_prev,electric-pulse,8,26,8,night),gap_from_prev,gap 3.75s from previous word,warning,False,235.96,236.26,0.3,3.752,(Oh-oh-oh-oh-oh) I'm a spark in the night (the night),transcription,chorus,independent_gap,fix_inversion_first
electric-pulse_L27_W3_gap_from_prev,electric-pulse,8,27,3,-,gap_from_prev,gap 1.27s from previous word,warning,False,236.22,237.72,1.5,1.271,"Shattering boundaries, taking -",transcription,chorus,independent_gap,fix_inversion_first
electric-pulse_L28_W1_gap_from_prev,electric-pulse,8,28,1,I'm,gap_from_prev,gap 1.66s from previous word,warning,False,254.432,254.923,0.491,1.657,"(Oh-oh-oh-oh-oh) I'm awake, I'm alive (alive)",vocal_onset_only,chorus,independent_gap,fix_inversion_first
electric-pulse_L28_W3_gap_from_prev,electric-pulse,8,28,3,I'm,gap_from_prev,gap 1.59s from previous word,warning,False,257.717,258.187,0.47,1.594,"(Oh-oh-oh-oh-oh) I'm awake, I'm alive (alive)",vocal_onset_only,chorus,independent_gap,fix_inversion_first
electric-pulse_L29_W0_duration_undersize,electric-pulse,8,29,0,Feel,duration_undersize,duration 0.007s < 0.04s,warning,False,258.64,258.647,0.007,,"Feel the surge, electrified (fied)",interpolated,chorus,interpolated_undersize,re_estimate
electric-pulse_L29_W1_duration_undersize,electric-pulse,8,29,1,the,duration_undersize,duration 0.006s < 0.04s,warning,False,258.647,258.653,0.006,,"Feel the surge, electrified (fied)",interpolated,chorus,interpolated_undersize,re_estimate
electric-pulse_L29_W2_duration_undersize,electric-pulse,8,29,2,"surge,",duration_undersize,duration 0.007s < 0.04s,warning,False,258.653,258.66,0.007,,"Feel the surge, electrified (fied)",interpolated,chorus,interpolated_undersize,re_estimate
electric-pulse_L29_W3_duration_undersize,electric-pulse,8,29,3,electrified,duration_undersize,duration 0.007s < 0.04s,warning,False,258.66,258.667,0.007,,"Feel the surge, electrified (fied)",interpolated,chorus,interpolated_undersize,re_estimate
electric-pulse_L30_W0_duration_undersize,electric-pulse,8,30,0,(Oh-oh-oh-oh-oh),duration_undersize,duration 0.040s < 0.04s,warning,False,224.16,224.2,0.04,,(Oh-oh-oh-oh-oh) I'm a spark in the night (the night),transcription,chorus,unknown_undersize,manual_review
electric-pulse_L30_W7_gap_from_prev,electric-pulse,8,30,7,(the,gap_from_prev,gap 28.18s from previous word,high,False,255.74,256.1,0.36,28.183,(Oh-oh-oh-oh-oh) I'm a spark in the night (the night),transcription,chorus,independent_gap,fix_inversion_first
electric-pulse_L31_W1_gap_from_prev,electric-pulse,8,31,1,"boundaries,",gap_from_prev,gap 2.14s from previous word,warning,False,262.336,263.16,0.824,2.136,"Shattering boundaries, taking flight",whisper_plus_vocal_onset,chorus,independent_gap,fix_inversion_first
freedom_L5_W1_duration_undersize,freedom,14,5,1,have,duration_undersize,duration 0.040s < 0.04s,warning,False,38.123,38.163,0.04,,You have treated the wound of my people carelessly,whisper_plus_vocal_onset,spoken_word,unknown_undersize,manual_review
freedom_L12_W6_duration_undersize,freedom,14,12,6,LORD,duration_undersize,duration 0.040s < 0.04s,warning,False,61.06,61.1,0.04,,This is the temple of the LORD,transcription,spoken_word,unknown_undersize,manual_review
freedom_L13_W0_duration_undersize,freedom,14,13,0,This,duration_undersize,duration 0.040s < 0.04s,warning,False,60.12,60.16,0.04,,This is the temple of the LORD,transcription,spoken_word,unknown_undersize,manual_review
freedom_L13_W6_duration_undersize,freedom,14,13,6,LORD,duration_undersize,duration 0.040s < 0.04s,warning,False,61.06,61.1,0.04,,This is the temple of the LORD,transcription,spoken_word,unknown_undersize,manual_review
freedom_L14_W0_duration_undersize,freedom,14,14,0,This,duration_undersize,duration 0.040s < 0.04s,warning,False,60.181,60.221,0.04,,This is the temple of the LORD,whisper_plus_vocal_onset,spoken_word,unknown_undersize,manual_review
freedom_L20_W1_gap_from_prev,freedom,14,20,1,still,gap_from_prev,gap 0.76s from previous word,warning,False,88.32,88.72,0.4,0.76,I’m still here and so is God,whisper_plus_vocal_onset,pre-hook,independent_gap,fix_inversion_first
freedom_L29_W0_duration_undersize,freedom,14,29,0,I’m,duration_undersize,duration 0.040s < 0.04s,warning,False,115.733,115.773,0.04,,I’m finally writing freedom so it’s time to testify,whisper_plus_vocal_onset,verse,unknown_undersize,manual_review
freedom_L32_W0_duration_undersize,freedom,14,32,0,Full,duration_undersize,duration 0.040s < 0.04s,warning,False,123.019,123.059,0.04,,Full with faith a life of praise when to God we confide,whisper_plus_vocal_onset,verse,unknown_undersize,manual_review
freedom_L32_W11_duration_undersize,freedom,14,32,11,confide,duration_undersize,duration 0.008s < 0.04s,warning,False,124.832,124.84,0.008,,Full with faith a life of praise when to God we confide,whisper_plus_vocal_onset,verse,unknown_undersize,manual_review
freedom_L33_W3_duration_undersize,freedom,14,33,3,"people,",duration_undersize,duration 0.040s < 0.04s,warning,False,126.581,126.621,0.04,,"We’re a peculiar people, queer, that’s how I was made",whisper_plus_vocal_onset,verse,unknown_undersize,manual_review
freedom_L53_W2_gap_from_prev,freedom,14,53,2,"freedom,",gap_from_prev,gap 0.64s from previous word,warning,False,183.54,183.84,0.3,0.64,"Freedom, freedom, freedom,",transcription,hook,independent_gap,fix_inversion_first
freedom_L65_W0_duration_undersize,freedom,14,65,0,Our,duration_undersize,duration 0.040s < 0.04s,warning,False,211.435,211.475,0.04,,Our past is not dishonored it’s fulfilled and conscience clear,whisper_plus_vocal_onset,verse,unknown_undersize,manual_review
freedom_L65_W1_duration_undersize,freedom,14,65,1,past,duration_undersize,duration 0.040s < 0.04s,warning,False,211.475,211.515,0.04,,Our past is not dishonored it’s fulfilled and conscience clear,transcription,verse,unknown_undersize,manual_review
freedom_L65_W5_duration_undersize,freedom,14,65,5,it’s,duration_undersize,duration 0.040s < 0.04s,warning,False,211.893,211.933,0.04,,Our past is not dishonored it’s fulfilled and conscience clear,whisper_plus_vocal_onset,verse,unknown_undersize,manual_review
freedom_L65_W6_duration_undersize,freedom,14,65,6,fulfilled,duration_undersize,duration 0.027s < 0.04s,warning,False,211.933,211.96,0.027,,Our past is not dishonored it’s fulfilled and conscience clear,transcription,verse,unknown_undersize,manual_review
freedom_L71_W1_duration_undersize,freedom,14,71,1,breathe,duration_undersize,duration 0.040s < 0.04s,warning,False,225.58,225.62,0.04,,I breathe a breath of life so fresh,transcription,pre-hook,unknown_undersize,manual_review
freedom_L82_W0_duration_undersize,freedom,14,82,0,The,duration_undersize,duration 0.017s < 0.04s,warning,False,256.48,256.497,0.017,,The truth has set me free,interpolated,hook,interpolated_undersize,re_estimate
freedom_L82_W1_duration_undersize,freedom,14,82,1,truth,duration_undersize,duration 0.017s < 0.04s,warning,False,256.497,256.514,0.017,,The truth has set me free,interpolated,hook,interpolated_undersize,re_estimate
freedom_L82_W2_duration_undersize,freedom,14,82,2,has,duration_undersize,duration 0.017s < 0.04s,warning,False,256.514,256.531,0.017,,The truth has set me free,interpolated,hook,interpolated_undersize,re_estimate
freedom_L82_W3_duration_undersize,freedom,14,82,3,set,duration_undersize,duration 0.017s < 0.04s,warning,False,256.531,256.548,0.017,,The truth has set me free,interpolated,hook,interpolated_undersize,re_estimate
freedom_L82_W4_duration_undersize,freedom,14,82,4,me,duration_undersize,duration 0.017s < 0.04s,warning,False,256.548,256.565,0.017,,The truth has set me free,interpolated,hook,interpolated_undersize,re_estimate
freedom_L86_W0_duration_undersize,freedom,14,86,0,And,duration_undersize,duration 0.035s < 0.04s,warning,False,256.565,256.6,0.035,,And that is my testimony,whisper_plus_vocal_onset,post-hook/outro,unknown_undersize,manual_review
freedom_L92_W4_gap_from_prev,freedom,14,92,4,your,gap_from_prev,gap 1.32s from previous word,warning,False,269.397,269.64,0.243,1.317,And that will be your testimony,whisper_plus_vocal_onset,post-hook/outro,independent_gap,fix_inversion_first
freedom_L93_W2_duration_undersize,freedom,14,93,2,freedom,duration_undersize,duration 0.040s < 0.04s,warning,False,271.36,271.4,0.04,,"Freedom, freedom, freedom",transcription,post-hook/outro,unknown_undersize,manual_review
freedom_L100_W0_duration_undersize,freedom,14,100,0,And,duration_undersize,duration 0.040s < 0.04s,warning,False,277.86,277.9,0.04,,And that will be your testimony,transcription,post-hook/outro,unknown_undersize,manual_review
fresh-revelation_L0_W1_gap_from_prev,fresh-revelation,15,0,1,what,gap_from_prev,gap 0.58s from previous word,warning,False,1.797,2.04,0.243,0.576,"Hey, what fruit you got in your pantry?",whisper_plus_vocal_onset,intro,independent_gap,fix_inversion_first
fresh-revelation_L1_W1_gap_from_prev,fresh-revelation,15,1,1,need,gap_from_prev,gap 1.32s from previous word,warning,False,6.037,6.283,0.246,1.317,I need some fresh revelation,whisper_plus_vocal_onset,intro,independent_gap,fix_inversion_first
fresh-revelation_L7_W1_gap_from_prev,fresh-revelation,15,7,1,the,gap_from_prev,gap 0.86s from previous word,warning,False,21.34,21.62,0.28,0.865,"not the goal, the technique",transcription,verse,independent_gap,fix_inversion_first
fresh-revelation_L7_W3_gap_from_prev,fresh-revelation,15,7,3,the,gap_from_prev,gap 0.88s from previous word,warning,False,24.0,24.1,0.1,0.88,"not the goal, the technique",transcription,verse,independent_gap,fix_inversion_first
fresh-revelation_L7_W4_duration_undersize,fresh-revelation,15,7,4,technique,duration_undersize,duration 0.040s < 0.04s,warning,False,24.1,24.14,0.04,,"not the goal, the technique",transcription,verse,unknown_undersize,manual_review
fresh-revelation_L8_W0_duration_undersize,fresh-revelation,15,8,0,It’s,duration_undersize,duration 0.040s < 0.04s,warning,False,21.259,21.299,0.04,,"It’s still the Holy Spirit,",whisper_plus_vocal_onset,verse,unknown_undersize,manual_review
fresh-revelation_L11_W0_duration_undersize,fresh-revelation,15,11,0,it’s,duration_undersize,duration 0.040s < 0.04s,warning,False,26.901,26.941,0.04,,it’s cuz he set me free,whisper_plus_vocal_onset,verse,unknown_undersize,manual_review
fresh-revelation_L11_W1_duration_undersize,fresh-revelation,15,11,1,cuz,duration_undersize,duration 0.039s < 0.04s,warning,False,26.941,26.98,0.039,,it’s cuz he set me free,transcription,verse,unknown_undersize,manual_review
fresh-revelation_L26_W7_duration_undersize,fresh-revelation,15,26,7,Faun,duration_undersize,duration 0.040s < 0.04s,warning,False,65.12,65.16,0.04,,some gone things back like Z and Faun,transcription,verse,unknown_undersize,manual_review
fresh-revelation_L28_W1_duration_undersize,fresh-revelation,15,28,1,ain’t,duration_undersize,duration 0.040s < 0.04s,warning,False,65.299,65.339,0.04,,ye ain’t need heard it for me to be stateful,transcription,verse,unknown_undersize,manual_review
fresh-revelation_L28_W3_gap_from_prev,fresh-revelation,15,28,3,heard,gap_from_prev,gap 0.74s from previous word,warning,False,67.22,67.52,0.3,0.74,ye ain’t need heard it for me to be stateful,whisper_plus_vocal_onset,verse,independent_gap,fix_inversion_first
fresh-revelation_L30_W3_duration_undersize,fresh-revelation,15,30,3,I,duration_undersize,duration 0.036s < 0.04s,warning,False,71.104,71.14,0.036,,"Asked for mentoring I got it, predestined to be",whisper_plus_vocal_onset,verse,unknown_undersize,manual_review
fresh-revelation_L31_W9_gap_from_prev,fresh-revelation,15,31,9,"reprieve,",gap_from_prev,gap 3.62s from previous word,warning,False,78.72,79.02,0.3,3.62,"So even when I miss the mark, I’m given reprieve,",transcription,verse,independent_gap,fix_inversion_first
fresh-revelation_L32_W0_duration_undersize,fresh-revelation,15,32,0,They,duration_undersize,duration 0.040s < 0.04s,warning,False,75.808,75.848,0.04,,"They wanna see me disembark, for me to achieve",whisper_plus_vocal_onset,verse,unknown_undersize,manual_review
fresh-revelation_L33_W10_gap_from_prev,fresh-revelation,15,33,10,"conceive,",gap_from_prev,gap 2.02s from previous word,warning,False,84.34,84.64,0.3,2.02,"Purpose walk like Noah build an ark, if you can conceive,",transcription,verse,independent_gap,fix_inversion_first
fresh-revelation_L36_W0_duration_undersize,fresh-revelation,15,36,0,Cronch,duration_undersize,duration 0.003s < 0.04s,warning,False,90.32,90.323,0.003,,Cronch cronch cronch!,interpolated,interlude,interpolated_undersize,re_estimate
fresh-revelation_L36_W1_duration_undersize,fresh-revelation,15,36,1,cronch,duration_undersize,duration 0.002s < 0.04s,warning,False,90.323,90.325,0.002,,Cronch cronch cronch!,interpolated,interlude,interpolated_undersize,re_estimate
fresh-revelation_L37_W4_duration_undersize,fresh-revelation,15,37,4,sensation,duration_undersize,duration 0.040s < 0.04s,warning,False,93.2,93.24,0.04,,"Fresh revelation, fill my sensation",transcription,hook,unknown_undersize,manual_review
fresh-revelation_L38_W3_gap_from_prev,fresh-revelation,15,38,3,imitation,gap_from_prev,gap 0.67s from previous word,warning,False,96.491,97.691,1.2,0.671,"Fresh revelation, Not imitation",whisper_plus_vocal_onset,hook,independent_gap,fix_inversion_first
fresh-revelation_L53_W2_gap_from_prev,fresh-revelation,15,53,2,mmm…,gap_from_prev,gap 6.52s from previous word,high,False,139.62,139.92,0.3,6.52,Mmm mmmm mmm…,transcription,interlude,independent_gap,fix_inversion_first
fresh-revelation_L54_W1_duration_undersize,fresh-revelation,15,54,1,be,duration_undersize,duration 0.040s < 0.04s,warning,False,133.235,133.275,0.04,,that be some GOOD SNACKIN’!,transcription,interlude,unknown_undersize,manual_review
fruit_L0_W2_gap_from_prev,fruit,11,0,2,tree,gap_from_prev,gap 0.54s from previous word,warning,False,33.003,33.621,0.618,0.539,"Every good tree bears good fruit, fruit fruit, fruit fruit, fruit",vocal_onset_only,intro,independent_gap,fix_inversion_first
fruit_L0_W4_gap_from_prev,fruit,11,0,4,good,gap_from_prev,gap 1.32s from previous word,warning,False,36.224,37.195,0.971,1.316,"Every good tree bears good fruit, fruit fruit, fruit fruit, fruit",vocal_onset_only,intro,independent_gap,fix_inversion_first
fruit_L0_W8_gap_from_prev,fruit,11,0,8,fruit,gap_from_prev,gap 1.42s from previous word,warning,False,41.248,42.208,0.96,1.418,"Every good tree bears good fruit, fruit fruit, fruit fruit, fruit",vocal_onset_only,intro,independent_gap,fix_inversion_first
fruit_L2_W0_duration_undersize,fruit,11,2,0,Every,duration_undersize,duration 0.006s < 0.04s,warning,False,50.573,50.579,0.006,,"Every good tree bears good fruit, fruit fruit, fruit fruit",interpolated,intro,interpolated_undersize,re_estimate
fruit_L2_W1_duration_undersize,fruit,11,2,1,good,duration_undersize,duration 0.006s < 0.04s,warning,False,50.579,50.585,0.006,,"Every good tree bears good fruit, fruit fruit, fruit fruit",interpolated,intro,interpolated_undersize,re_estimate
fruit_L2_W2_duration_undersize,fruit,11,2,2,tree,duration_undersize,duration 0.005s < 0.04s,warning,False,50.585,50.59,0.005,,"Every good tree bears good fruit, fruit fruit, fruit fruit",interpolated,intro,interpolated_undersize,re_estimate
fruit_L2_W3_duration_undersize,fruit,11,2,3,bears,duration_undersize,duration 0.006s < 0.04s,warning,False,50.59,50.596,0.006,,"Every good tree bears good fruit, fruit fruit, fruit fruit",interpolated,intro,interpolated_undersize,re_estimate
fruit_L2_W4_duration_undersize,fruit,11,2,4,good,duration_undersize,duration 0.006s < 0.04s,warning,False,50.596,50.602,0.006,,"Every good tree bears good fruit, fruit fruit, fruit fruit",interpolated,intro,interpolated_undersize,re_estimate
fruit_L2_W5_duration_undersize,fruit,11,2,5,"fruit,",duration_undersize,duration 0.006s < 0.04s,warning,False,50.602,50.608,0.006,,"Every good tree bears good fruit, fruit fruit, fruit fruit",interpolated,intro,interpolated_undersize,re_estimate
fruit_L2_W6_duration_undersize,fruit,11,2,6,fruit,duration_undersize,duration 0.005s < 0.04s,warning,False,50.608,50.613,0.005,,"Every good tree bears good fruit, fruit fruit, fruit fruit",interpolated,intro,interpolated_undersize,re_estimate
fruit_L3_W0_duration_undersize,fruit,11,3,0,Who,duration_undersize,duration 0.040s < 0.04s,warning,False,48.22,48.26,0.04,,Who are you creature if you do not learn love?,transcription,verse,unknown_undersize,manual_review
fruit_L10_W2_duration_undersize,fruit,11,10,2,believed,duration_undersize,duration 0.040s < 0.04s,warning,False,88.76,88.8,0.04,,I once believed Id never comprehend the fullness of joy,transcription,verse,unknown_undersize,manual_review
fruit_L24_W3_gap_from_prev,fruit,11,24,3,fruit,gap_from_prev,gap 5.92s from previous word,high,False,156.2,156.3,0.1,5.92,This my fruit fruit fruit fruit fruit fruit,transcription,hook,independent_gap,fix_inversion_first
fruit_L24_W7_duration_undersize,fruit,11,24,7,fruit,duration_undersize,duration 0.040s < 0.04s,warning,False,156.6,156.64,0.04,,This my fruit fruit fruit fruit fruit fruit,transcription,hook,unknown_undersize,manual_review
fruit_L25_W0_duration_undersize,fruit,11,25,0,This,duration_undersize,duration 0.004s < 0.04s,warning,False,148.416,148.42,0.004,,This my fruit fruit fruit fruit fruit,whisper_plus_vocal_onset,hook,unknown_undersize,manual_review
fruit_L25_W3_gap_from_prev,fruit,11,25,3,fruit,gap_from_prev,gap 6.05s from previous word,high,False,156.0,156.3,0.3,6.053,This my fruit fruit fruit fruit fruit,whisper_plus_vocal_onset,hook,independent_gap,fix_inversion_first
fruit_L48_W7_duration_undersize,fruit,11,48,7,fruit,duration_undersize,duration 0.040s < 0.04s,warning,False,257.3,257.34,0.04,,This my fruit fruit fruit fruit fruit fruit,transcription,hook,unknown_undersize,manual_review
fruit_L49_W0_duration_undersize,fruit,11,49,0,This,duration_undersize,duration 0.040s < 0.04s,warning,False,254.62,254.66,0.04,,This my fruit fruit fruit fruit fruit,transcription,hook,unknown_undersize,manual_review
fruit_L60_W7_duration_undersize,fruit,11,60,7,or,duration_undersize,duration 0.020s < 0.04s,warning,False,316.66,316.68,0.02,,"Let us converse, it’ not either or, or both and",transcription,verse,unknown_undersize,manual_review
fruit_L62_W1_duration_undersize,fruit,11,62,1,I,duration_undersize,duration 0.032s < 0.04s,warning,False,320.448,320.48,0.032,,"Now I see my wickedness well, it’s humility not nihilism",whisper_plus_vocal_onset,verse,unknown_undersize,manual_review
fruit_L69_W3_duration_undersize,fruit,11,69,3,I,duration_undersize,duration 0.020s < 0.04s,warning,False,354.04,354.06,0.02,,"Spirit speak groan, I don't wanna be in the way",whisper_plus_vocal_onset,verse,unknown_undersize,manual_review
here-goes_L30_W0_duration_undersize,here-goes,42,30,0,Heh-heh-heh-heh-heh-heh-heh,duration_undersize,duration 0.040s < 0.04s,warning,False,93.739,93.779,0.04,,Heh-heh-heh-heh-heh-heh-heh,vocal_onset_only,verse,unknown_undersize,manual_review
how-do-i-praise-you_L11_W0_duration_undersize,how-do-i-praise-you,23,11,0,&,duration_undersize,duration 0.040s < 0.04s,warning,False,40.331,40.371,0.04,,& say they’re sick & need God too,whisper_plus_vocal_onset,verse,unknown_undersize,manual_review
how-do-i-praise-you_L20_W8_gap_from_prev,how-do-i-praise-you,23,20,8,G,gap_from_prev,gap 4.06s from previous word,warning,False,74.92,75.02,0.1,4.056,They praise the removal of T from L G & B,transcription,verse,independent_gap,fix_inversion_first
how-do-i-praise-you_L20_W10_duration_undersize,how-do-i-praise-you,23,20,10,B,duration_undersize,duration 0.040s < 0.04s,warning,False,75.12,75.16,0.04,,They praise the removal of T from L G & B,transcription,verse,unknown_undersize,manual_review
how-do-i-praise-you_L24_W0_duration_undersize,how-do-i-praise-you,23,24,0,How,duration_undersize,duration 0.040s < 0.04s,warning,False,79.968,80.008,0.04,,How do I praise you? What has it taken,whisper_plus_vocal_onset,hook,unknown_undersize,manual_review
how-do-i-praise-you_L24_W1_duration_undersize,how-do-i-praise-you,23,24,1,do,duration_undersize,duration 0.032s < 0.04s,warning,False,80.008,80.04,0.032,,How do I praise you? What has it taken,transcription,hook,unknown_undersize,manual_review
how-do-i-praise-you_L40_W3_gap_from_prev,how-do-i-praise-you,23,40,3,pseudo-science,gap_from_prev,gap 3.08s from previous word,warning,False,134.82,134.92,0.1,3.08,"Ego fuel, emerges pseudo-science & anti-intellectualism",transcription,verse,independent_gap,fix_inversion_first
how-do-i-praise-you_L40_W5_duration_undersize,how-do-i-praise-you,23,40,5,anti-intellectualism,duration_undersize,duration 0.040s < 0.04s,warning,False,135.02,135.06,0.04,,"Ego fuel, emerges pseudo-science & anti-intellectualism",transcription,verse,unknown_undersize,manual_review
how-do-i-praise-you_L41_W0_duration_undersize,how-do-i-praise-you,23,41,0,Unknowingly,duration_undersize,duration 0.040s < 0.04s,warning,False,134.44,134.48,0.04,,Unknowingly weaponized with the latest “ism”,transcription,verse,unknown_undersize,manual_review
how-do-i-praise-you_L53_W0_duration_undersize,how-do-i-praise-you,23,53,0,Do,duration_undersize,duration 0.040s < 0.04s,warning,False,178.0,178.04,0.04,,Do my songs have to sound or look like theirs do,transcription,hook,unknown_undersize,manual_review
how-do-i-praise-you_L53_W2_gap_from_prev,how-do-i-praise-you,23,53,2,songs,gap_from_prev,gap 2.25s from previous word,warning,False,181.493,181.86,0.367,2.253,Do my songs have to sound or look like theirs do,whisper_plus_vocal_onset,hook,independent_gap,fix_inversion_first
how-do-i-praise-you_L56_W0_duration_undersize,how-do-i-praise-you,23,56,0,Am,duration_undersize,duration 0.040s < 0.04s,warning,False,190.763,190.803,0.04,,Am I praising you? Am I earning my well done,whisper_plus_vocal_onset,hook,unknown_undersize,manual_review
how-do-i-praise-you_L56_W1_duration_undersize,how-do-i-praise-you,23,56,1,I,duration_undersize,duration 0.037s < 0.04s,warning,False,190.803,190.84,0.037,,Am I praising you? Am I earning my well done,transcription,hook,unknown_undersize,manual_review
how-do-i-praise-you_L57_W4_gap_from_prev,how-do-i-praise-you,23,57,4,pain,gap_from_prev,gap 0.82s from previous word,warning,False,199.264,200.02,0.756,0.824,"What I crave most, pain permanently gone",whisper_plus_vocal_onset,hook,independent_gap,fix_inversion_first
how-do-i-praise-you_L58_W4_gap_from_prev,how-do-i-praise-you,23,58,4,I,gap_from_prev,gap 0.79s from previous word,warning,False,205.568,205.7,0.132,0.788,Am I praising you? I try to follow your lead,whisper_plus_vocal_onset,hook,independent_gap,fix_inversion_first
i-never-asked-to-be-queer_L3_W0_duration_undersize,i-never-asked-to-be-queer,20,3,0,That,duration_undersize,duration 0.005s < 0.04s,warning,False,27.11,27.115,0.005,,That the end of folks like me is near,interpolated,intro,interpolated_undersize,re_estimate
i-never-asked-to-be-queer_L3_W1_duration_undersize,i-never-asked-to-be-queer,20,3,1,the,duration_undersize,duration 0.005s < 0.04s,warning,False,27.115,27.12,0.005,,That the end of folks like me is near,interpolated,intro,interpolated_undersize,re_estimate
i-never-asked-to-be-queer_L3_W2_duration_undersize,i-never-asked-to-be-queer,20,3,2,end,duration_undersize,duration 0.005s < 0.04s,warning,False,27.12,27.125,0.005,,That the end of folks like me is near,interpolated,intro,interpolated_undersize,re_estimate
i-never-asked-to-be-queer_L3_W5_duration_undersize,i-never-asked-to-be-queer,20,3,5,like,duration_undersize,duration 0.007s < 0.04s,warning,False,27.521,27.528,0.007,,That the end of folks like me is near,interpolated,intro,interpolated_undersize,re_estimate
i-never-asked-to-be-queer_L3_W6_duration_undersize,i-never-asked-to-be-queer,20,3,6,me,duration_undersize,duration 0.007s < 0.04s,warning,False,27.528,27.535,0.007,,That the end of folks like me is near,interpolated,intro,interpolated_undersize,re_estimate
i-never-asked-to-be-queer_L3_W7_duration_undersize,i-never-asked-to-be-queer,20,3,7,is,duration_undersize,duration 0.006s < 0.04s,warning,False,27.535,27.541,0.006,,That the end of folks like me is near,interpolated,intro,interpolated_undersize,re_estimate
i-never-asked-to-be-queer_L4_W1_duration_undersize,i-never-asked-to-be-queer,20,4,1,was,duration_undersize,duration 0.040s < 0.04s,warning,False,16.448,16.488,0.04,,I was such a good little Christian kid,whisper_plus_vocal_onset,verse,unknown_undersize,manual_review
i-never-asked-to-be-queer_L4_W3_gap_from_prev,i-never-asked-to-be-queer,20,4,3,a,gap_from_prev,gap 3.57s from previous word,warning,False,21.109,21.195,0.086,3.569,I was such a good little Christian kid,whisper_plus_vocal_onset,verse,independent_gap,fix_inversion_first
i-never-asked-to-be-queer_L11_W7_duration_undersize,i-never-asked-to-be-queer,20,11,7,were,duration_undersize,duration 0.040s < 0.04s,warning,False,38.773,38.813,0.04,,How was that the result when they were sonic?,whisper_plus_vocal_onset,verse,unknown_undersize,manual_review
i-never-asked-to-be-queer_L47_W8_gap_from_prev,i-never-asked-to-be-queer,20,47,8,HA!,gap_from_prev,gap 13.56s from previous word,high,False,137.937,138.237,0.3,13.557,"I'm the prophet rejected from my own land, HA!",whisper_plus_vocal_onset,outro,independent_gap,fix_inversion_first
i-never-asked-to-be-queer_L48_W6_gap_from_prev,i-never-asked-to-be-queer,20,48,6,HA,gap_from_prev,gap 4.42s from previous word,warning,False,144.981,145.36,0.379,4.421,HA HA HA HA HA HA HA HA HA HA HA HA HA HA HA HA HA HA HA HA HA,whisper_plus_vocal_onset,overexaggerated_tyrannical_laughter,independent_gap,fix_inversion_first
i-never-asked-to-be-queer_L48_W10_gap_from_prev,i-never-asked-to-be-queer,20,48,10,HA,gap_from_prev,gap 0.75s from previous word,warning,False,148.36,149.52,1.16,0.749,HA HA HA HA HA HA HA HA HA HA HA HA HA HA HA HA HA HA HA HA HA,transcription,overexaggerated_tyrannical_laughter,independent_gap,fix_inversion_first
i-never-asked-to-be-queer_L48_W11_duration_undersize,i-never-asked-to-be-queer,20,48,11,HA,duration_undersize,duration 0.020s < 0.04s,warning,False,149.52,149.54,0.02,,HA HA HA HA HA HA HA HA HA HA HA HA HA HA HA HA HA HA HA HA HA,transcription,overexaggerated_tyrannical_laughter,unknown_undersize,manual_review
love-them-harder_L22_W3_duration_undersize,love-them-harder,22,22,3,vision,duration_undersize,duration 0.037s < 0.04s,warning,False,79.283,79.32,0.037,,Though finally their vision of growth was there,transcription,verse,unknown_undersize,manual_review
love-them-harder_L26_W5_gap_from_prev,love-them-harder,22,26,5,I,gap_from_prev,gap 0.57s from previous word,warning,False,92.779,93.237,0.458,0.57,"When they called me dihh-viss-ivvvve, I loved them harder",whisper_plus_vocal_onset,chorus,independent_gap,fix_inversion_first
love-them-harder_L39_W7_gap_from_prev,love-them-harder,22,39,7,especially,gap_from_prev,gap 1.38s from previous word,warning,False,131.968,132.4,0.432,1.381,"But that self-hate is hard to kill, especially when I feel I lose",whisper_plus_vocal_onset,interlude,independent_gap,fix_inversion_first
love-them-harder_L40_W5_gap_from_prev,love-them-harder,22,40,5,I,gap_from_prev,gap 1.03s from previous word,warning,False,137.56,137.877,0.317,1.032,"When they called me dihh-viss-ivvvve, I loved them harder",transcription,chorus,independent_gap,fix_inversion_first
love-them-harder_L45_W6_duration_undersize,love-them-harder,22,45,6,be,duration_undersize,duration 0.012s < 0.04s,warning,False,153.728,153.74,0.012,,"God, why did I have to be smarter?",whisper_plus_vocal_onset,hook,unknown_undersize,manual_review
love-them-harder_L52_W9_duration_undersize,love-them-harder,22,52,9,star,duration_undersize,duration 0.040s < 0.04s,warning,False,167.94,167.98,0.04,,"Shoutout tyler hates life, you saved a lotta lives, star",transcription,bridge,unknown_undersize,manual_review
love-them-harder_L61_W5_gap_from_prev,love-them-harder,22,61,5,I,gap_from_prev,gap 1.00s from previous word,warning,False,198.96,199.285,0.325,1.003,"When they called me dihh-viss-ivvvve, I loved them harder",transcription,chorus,independent_gap,fix_inversion_first
love-them-harder_L68_W5_duration_undersize,love-them-harder,22,68,5,harder,duration_undersize,duration 0.040s < 0.04s,warning,False,227.34,227.38,0.04,,"Love them harder, love them harder",transcription,hook,unknown_undersize,manual_review
love-them-harder_L69_W0_duration_undersize,love-them-harder,22,69,0,Love,duration_undersize,duration 0.040s < 0.04s,warning,False,227.16,227.2,0.04,,"Love them harder, love them harder",transcription,hook,unknown_undersize,manual_review
love-them-harder_L72_W3_duration_undersize,love-them-harder,22,72,3,love,duration_undersize,duration 0.040s < 0.04s,warning,False,234.1,234.14,0.04,,"Love them harder, love them harder",transcription,hook,unknown_undersize,manual_review
love-them-harder_L72_W5_duration_undersize,love-them-harder,22,72,5,harder,duration_undersize,duration 0.030s < 0.04s,warning,False,234.24,234.27,0.03,,"Love them harder, love them harder",transcription,hook,unknown_undersize,manual_review
love-them-harder_L74_W0_duration_undersize,love-them-harder,22,74,0,Love,duration_undersize,duration 0.020s < 0.04s,warning,False,236.0,236.02,0.02,,"Love them harder, love them harder",transcription,outro,unknown_undersize,manual_review
love-them-harder_L74_W1_duration_undersize,love-them-harder,22,74,1,them,duration_undersize,duration 0.040s < 0.04s,warning,False,236.02,236.06,0.04,,"Love them harder, love them harder",transcription,outro,unknown_undersize,manual_review
love-them-harder_L74_W5_duration_undersize,love-them-harder,22,74,5,harder,duration_undersize,duration 0.040s < 0.04s,warning,False,236.36,236.4,0.04,,"Love them harder, love them harder",transcription,outro,unknown_undersize,manual_review
love-them-harder_L75_W0_duration_undersize,love-them-harder,22,75,0,Love,duration_undersize,duration 0.020s < 0.04s,warning,False,236.4,236.42,0.02,,"Love them harder, love them harder",transcription,outro,unknown_undersize,manual_review
marquis-song_L2_W1_gap_from_prev,marquis-song,25,2,1,say,gap_from_prev,gap 1.67s from previous word,warning,False,38.933,39.18,0.247,1.673,I'll say it now for you,whisper_plus_vocal_onset,interlude,independent_gap,fix_inversion_first
marquis-song_L6_W1_gap_from_prev,marquis-song,25,6,1,here's,gap_from_prev,gap 1.07s from previous word,warning,False,51.32,51.52,0.2,1.067,"Marquis, here's my witness",transcription,verse,independent_gap,fix_inversion_first
marquis-song_L20_W1_gap_from_prev,marquis-song,25,20,1,you,gap_from_prev,gap 1.00s from previous word,warning,False,104.98,105.4,0.42,1.0,If you use the devil’s plays,transcription,chorus,independent_gap,fix_inversion_first
marquis-song_L25_W0_duration_undersize,marquis-song,25,25,0,debut,duration_undersize,duration 0.015s < 0.04s,warning,False,123.605,123.62,0.015,,debut ep was out I reached out to share,whisper_plus_vocal_onset,verse,unknown_undersize,manual_review
marquis-song_L29_W2_gap_from_prev,marquis-song,25,29,2,I,gap_from_prev,gap 0.76s from previous word,warning,False,138.58,139.0,0.42,0.761,And again I was ignored,transcription,verse,independent_gap,fix_inversion_first
marquis-song_L46_W4_duration_undersize,marquis-song,25,46,4,interests,duration_undersize,duration 0.040s < 0.04s,warning,False,191.02,191.06,0.04,,Because it served your interests,transcription,verse,unknown_undersize,manual_review
marquis-song_L47_W0_duration_undersize,marquis-song,25,47,0,You,duration_undersize,duration 0.040s < 0.04s,warning,False,186.46,186.5,0.04,,You even listened to MISCLASSIFIED,transcription,verse,unknown_undersize,manual_review
marquis-song_L47_W2_gap_from_prev,marquis-song,25,47,2,listened,gap_from_prev,gap 4.29s from previous word,warning,False,191.989,192.12,0.131,4.289,You even listened to MISCLASSIFIED,whisper_plus_vocal_onset,verse,independent_gap,fix_inversion_first
marquis-song_L82_W7_gap_from_prev,marquis-song,25,82,7,but,gap_from_prev,gap 0.63s from previous word,warning,False,337.632,337.9,0.268,0.632,"that if someone calls themself a Christian, but is idolatrous",whisper_plus_vocal_onset,documentary_bridge,independent_gap,fix_inversion_first
marquis-song_L84_W6_gap_from_prev,marquis-song,25,84,6,this,gap_from_prev,gap 1.01s from previous word,warning,False,349.333,349.68,0.347,1.008,"If I’m understanding the situation correctly,  this seems to be",whisper_plus_vocal_onset,documentary_bridge,independent_gap,fix_inversion_first
marquis-song_L88_W11_gap_from_prev,marquis-song,25,88,11,"mark,",gap_from_prev,gap 2.02s from previous word,warning,False,371.82,372.12,0.3,2.023,"have tried to help you see where you have missed the mark,",transcription,documentary_bridge,independent_gap,fix_inversion_first
marquis-song_L106_W4_gap_from_prev,marquis-song,25,106,4,as,gap_from_prev,gap 2.05s from previous word,warning,False,454.08,454.38,0.3,2.053,You only accepted yours as maturing,whisper_plus_vocal_onset,verse,independent_gap,fix_inversion_first
misclassified_L2_W4_gap_from_prev,misclassified,12,2,4,before,gap_from_prev,gap 4.88s from previous word,warning,False,19.5,19.6,0.1,4.881,Destruction and violence are before me,transcription,intro,independent_gap,fix_inversion_first
misclassified_L2_W5_duration_undersize,misclassified,12,2,5,me,duration_undersize,duration 0.040s < 0.04s,warning,False,19.6,19.64,0.04,,Destruction and violence are before me,transcription,intro,unknown_undersize,manual_review
misclassified_L3_W0_duration_undersize,misclassified,12,3,0,Strife,duration_undersize,duration 0.040s < 0.04s,warning,False,15.861,15.901,0.04,,Strife and contention arise,whisper_plus_vocal_onset,intro,unknown_undersize,manual_review
misclassified_L3_W1_duration_undersize,misclassified,12,3,1,and,duration_undersize,duration 0.039s < 0.04s,warning,False,15.901,15.94,0.039,,Strife and contention arise,transcription,intro,unknown_undersize,manual_review
misclassified_L10_W11_duration_undersize,misclassified,12,10,11,of,duration_undersize,duration 0.029s < 0.04s,warning,False,48.171,48.2,0.029,,I got God’s favor on me but not the same type of abundance,whisper_plus_vocal_onset,verse,unknown_undersize,manual_review
misclassified_L10_W12_duration_undersize,misclassified,12,10,12,abundance,duration_undersize,duration 0.040s < 0.04s,warning,False,48.2,48.24,0.04,,I got God’s favor on me but not the same type of abundance,transcription,verse,unknown_undersize,manual_review
misclassified_L11_W0_duration_undersize,misclassified,12,11,0,You,duration_undersize,duration 0.040s < 0.04s,warning,False,48.373,48.413,0.04,,"You called me far from holy, but you move inside indulgence",whisper_plus_vocal_onset,verse,unknown_undersize,manual_review
misclassified_L13_W1_duration_undersize,misclassified,12,13,1,once,duration_undersize,duration 0.039s < 0.04s,warning,False,53.621,53.66,0.039,,Where once I was crushed by chaos now I barter with balance,whisper_plus_vocal_onset,verse,unknown_undersize,manual_review
misclassified_L16_W5_gap_from_prev,misclassified,12,16,5,at,gap_from_prev,gap 1.62s from previous word,warning,False,64.44,64.54,0.1,1.619,"I now share, I witnessed at this queer, conference",transcription,verse,independent_gap,fix_inversion_first
misclassified_L19_W10_duration_undersize,misclassified,12,19,10,proud),duration_undersize,duration 0.040s < 0.04s,warning,False,77.12,77.16,0.04,,God has filled my cup (I try to make em proud),transcription,pre-hook,unknown_undersize,manual_review
misclassified_L28_W0_duration_undersize,misclassified,12,28,0,Ignoring,duration_undersize,duration 0.003s < 0.04s,warning,False,109.5,109.503,0.003,,"Ignoring ,Temporally, distinct phases of life",whisper_plus_vocal_onset,verse,unknown_undersize,manual_review
misclassified_L28_W1_duration_undersize,misclassified,12,28,1,",Temporally,",duration_undersize,duration 0.003s < 0.04s,warning,False,109.503,109.506,0.003,,"Ignoring ,Temporally, distinct phases of life",whisper_plus_vocal_onset,verse,unknown_undersize,manual_review
misclassified_L28_W2_duration_undersize,misclassified,12,28,2,distinct,duration_undersize,duration 0.003s < 0.04s,warning,False,109.506,109.509,0.003,,"Ignoring ,Temporally, distinct phases of life",whisper_plus_vocal_onset,verse,unknown_undersize,manual_review
misclassified_L28_W3_duration_undersize,misclassified,12,28,3,phases,duration_undersize,duration 0.003s < 0.04s,warning,False,109.509,109.512,0.003,,"Ignoring ,Temporally, distinct phases of life",whisper_plus_vocal_onset,verse,unknown_undersize,manual_review
misclassified_L28_W4_duration_undersize,misclassified,12,28,4,of,duration_undersize,duration 0.003s < 0.04s,warning,False,109.512,109.515,0.003,,"Ignoring ,Temporally, distinct phases of life",transcription,verse,unknown_undersize,manual_review
misclassified_L30_W0_duration_undersize,misclassified,12,30,0,I’m,duration_undersize,duration 0.012s < 0.04s,warning,False,112.02,112.032,0.012,,"I’m praying every day, but you neglected that i’ve been trying",whisper_plus_vocal_onset,verse,unknown_undersize,manual_review
misclassified_L31_W4_duration_undersize,misclassified,12,31,4,as,duration_undersize,duration 0.040s < 0.04s,warning,False,114.891,114.931,0.04,,"You misclassified my stay, as cancerous when I’m detoxifying",whisper_plus_vocal_onset,verse,unknown_undersize,manual_review
misclassified_L32_W0_duration_undersize,misclassified,12,32,0,Our,duration_undersize,duration 0.001s < 0.04s,warning,False,115.893,115.894,0.001,,"Our words were for each other, iron sharpens your defining",whisper_plus_vocal_onset,verse,unknown_undersize,manual_review
misclassified_L32_W1_duration_undersize,misclassified,12,32,1,words,duration_undersize,duration 0.001s < 0.04s,warning,False,115.894,115.895,0.001,,"Our words were for each other, iron sharpens your defining",whisper_plus_vocal_onset,verse,unknown_undersize,manual_review
misclassified_L32_W2_duration_undersize,misclassified,12,32,2,were,duration_undersize,duration 0.001s < 0.04s,warning,False,115.895,115.896,0.001,,"Our words were for each other, iron sharpens your defining",whisper_plus_vocal_onset,verse,unknown_undersize,manual_review
misclassified_L32_W3_duration_undersize,misclassified,12,32,3,for,duration_undersize,duration 0.001s < 0.04s,warning,False,115.896,115.897,0.001,,"Our words were for each other, iron sharpens your defining",whisper_plus_vocal_onset,verse,unknown_undersize,manual_review
misclassified_L32_W4_duration_undersize,misclassified,12,32,4,each,duration_undersize,duration 0.001s < 0.04s,warning,False,115.897,115.898,0.001,,"Our words were for each other, iron sharpens your defining",transcription,verse,unknown_undersize,manual_review
misclassified_L32_W8_duration_undersize,misclassified,12,32,8,your,duration_undersize,duration 0.014s < 0.04s,warning,False,116.199,116.213,0.014,,"Our words were for each other, iron sharpens your defining",transcription,verse,unknown_undersize,manual_review
misclassified_L35_W4_gap_from_prev,misclassified,12,35,4,Praise,gap_from_prev,gap 3.20s from previous word,warning,False,137.24,137.42,0.18,3.197,"My mouth, it overflows  Praise and joyful noise",transcription,pre-hook,independent_gap,fix_inversion_first
misclassified_L37_W0_duration_undersize,misclassified,12,37,0,Misclassified,duration_undersize,duration 0.040s < 0.04s,warning,False,142.78,142.82,0.04,,Misclassified,transcription,hook,unknown_undersize,manual_review
misclassified_L39_W0_duration_undersize,misclassified,12,39,0,I,duration_undersize,duration 0.001s < 0.04s,warning,False,150.379,150.38,0.001,,I been misclassified,whisper_plus_vocal_onset,post-hook,unknown_undersize,manual_review
misclassified_L42_W2_duration_undersize,misclassified,12,42,2,still,duration_undersize,duration 0.040s < 0.04s,warning,False,164.52,164.56,0.04,,There is still a vision for the appointed time,whisper_plus_vocal_onset,outro,unknown_undersize,manual_review
misclassified_L44_W1_duration_undersize,misclassified,12,44,1,it,duration_undersize,duration 0.040s < 0.04s,warning,False,172.043,172.083,0.04,,"If it seems to tarry, wait for it",whisper_plus_vocal_onset,outro,unknown_undersize,manual_review
more-power_L4_W1_gap_from_prev,more-power,7,4,1,will,gap_from_prev,gap 2.84s from previous word,warning,False,18.32,18.58,0.26,2.84,"I will repay, says the Lord",transcription,intro,independent_gap,fix_inversion_first
more-power_L15_W7_duration_undersize,more-power,7,15,7,was,duration_undersize,duration 0.025s < 0.04s,warning,False,73.675,73.7,0.025,,"Blessed are those who are meek, that was me by evil’s target",whisper_plus_vocal_onset,verse,unknown_undersize,manual_review
more-power_L19_W0_duration_undersize,more-power,7,19,0,More,duration_undersize,duration 0.021s < 0.04s,warning,False,83.019,83.04,0.021,,"More power to you, sibling,  fulfillment in her comment",whisper_plus_vocal_onset,verse,unknown_undersize,manual_review
more-power_L21_W6_duration_undersize,more-power,7,21,6,need,duration_undersize,duration 0.040s < 0.04s,warning,False,90.528,90.568,0.04,,"Evolve permits teaching untrue, the consequences need not be their doom",whisper_plus_vocal_onset,pre-chorus,unknown_undersize,manual_review
more-power_L21_W7_duration_undersize,more-power,7,21,7,not,duration_undersize,duration 0.032s < 0.04s,warning,False,90.568,90.6,0.032,,"Evolve permits teaching untrue, the consequences need not be their doom",transcription,pre-chorus,unknown_undersize,manual_review
more-power_L33_W10_duration_undersize,more-power,7,33,10,know,duration_undersize,duration 0.027s < 0.04s,warning,False,124.693,124.72,0.027,,Woe ye who say they’re power’s their own they don’t know God at all,whisper_plus_vocal_onset,verse,unknown_undersize,manual_review
more-power_L34_W11_duration_undersize,more-power,7,34,11,them,duration_undersize,duration 0.020s < 0.04s,warning,False,127.78,127.8,0.02,,"Searching scripture for eternal life, they point to our maker - them all!",transcription,verse,unknown_undersize,manual_review
more-power_L37_W11_duration_undersize,more-power,7,37,11,wrong,duration_undersize,duration 0.040s < 0.04s,warning,False,135.74,135.78,0.04,,If you claim you’re the one who can tell right from wrong,whisper_plus_vocal_onset,verse,unknown_undersize,manual_review
more-power_L38_W4_gap_from_prev,more-power,7,38,4,other,gap_from_prev,gap 1.62s from previous word,warning,False,137.012,137.312,0.3,1.625,If you claim authority other others like to you they belong,whisper_plus_vocal_onset,verse,independent_gap,fix_inversion_first
more-power_L42_W2_duration_undersize,more-power,7,42,2,those,duration_undersize,duration 0.020s < 0.04s,warning,False,147.02,147.04,0.02,,"Cursed are those with deceptive power, who channel it for the chief deceiver",whisper_plus_vocal_onset,pre-chorus,unknown_undersize,manual_review
more-power_L52_W0_start_gte_end,more-power,7,52,0,More,start_gte_end,start >= end,critical,False,176.8,176.8,0.0,,"More power, more power",transcription,hook,transcription_inversion,re_align
more-power_L75_W0_duration_undersize,more-power,7,75,0,More,duration_undersize,duration 0.040s < 0.04s,warning,False,252.46,252.5,0.04,,"More power, more power",transcription,post-chorus,unknown_undersize,manual_review
more-power_L100_W4_duration_undersize,more-power,7,100,4,servant,duration_undersize,duration 0.040s < 0.04s,warning,False,349.74,349.78,0.04,,And that of my servant,transcription,reading,unknown_undersize,manual_review
more-power_L101_W1_gap_from_prev,more-power,7,101,1,"power,",gap_from_prev,gap 1.60s from previous word,warning,False,336.459,337.659,1.2,1.595,"More power, more power",vocal_onset_only,chorus,independent_gap,fix_inversion_first
more-power_L101_W2_gap_from_prev,more-power,7,101,2,more,gap_from_prev,gap 2.46s from previous word,warning,False,340.117,341.617,1.5,2.458,"More power, more power",vocal_onset_only,chorus,independent_gap,fix_inversion_first
more-power_L101_W3_gap_from_prev,more-power,7,101,3,power,gap_from_prev,gap 8.44s from previous word,high,False,350.059,350.72,0.661,8.442,"More power, more power",vocal_onset_only,chorus,independent_gap,fix_inversion_first
more-power_L102_W6_duration_undersize,more-power,7,102,6,Lord,duration_undersize,duration 0.040s < 0.04s,warning,False,360.22,360.26,0.04,,Power can only come from the Lord,transcription,chorus,unknown_undersize,manual_review
more-power_L103_W1_gap_from_prev,more-power,7,103,1,"power,",gap_from_prev,gap 1.60s from previous word,warning,False,336.459,337.659,1.2,1.595,"More power, more power,",vocal_onset_only,chorus,independent_gap,fix_inversion_first
more-power_L103_W2_gap_from_prev,more-power,7,103,2,more,gap_from_prev,gap 2.46s from previous word,warning,False,340.117,341.617,1.5,2.458,"More power, more power,",vocal_onset_only,chorus,independent_gap,fix_inversion_first
more-power_L103_W3_gap_from_prev,more-power,7,103,3,"power,",gap_from_prev,gap 8.44s from previous word,high,False,350.059,350.72,0.661,8.442,"More power, more power,",vocal_onset_only,chorus,independent_gap,fix_inversion_first
more-power_L105_W3_gap_from_prev,more-power,7,105,3,power,gap_from_prev,gap 1.57s from previous word,warning,False,350.059,350.72,0.661,1.574,"More power, more power",vocal_onset_only,chorus,independent_gap,fix_inversion_first
more-power_L110_W3_duration_undersize,more-power,7,110,3,power,duration_undersize,duration 0.040s < 0.04s,warning,False,393.74,393.78,0.04,,"More power, more power",vocal_onset_only,hook,unknown_undersize,manual_review
nathan-s-song_L1_W5_gap_from_prev,nathan-s-song,16,1,5,it’s,gap_from_prev,gap 0.65s from previous word,warning,False,46.347,46.432,0.085,0.647,"Now it’s been a while, it’s starting to get old",whisper_plus_vocal_onset,verse_1_-_begin_with_energetic_alt-rock_foundation,independent_gap,fix_inversion_first
nathan-s-song_L2_W1_gap_from_prev,nathan-s-song,16,2,1,convinced,gap_from_prev,gap 1.42s from previous word,warning,False,52.5,53.077,0.577,1.42,"God convinced me I’m a prophet, whatever that means",transcription,verse_1_-_begin_with_energetic_alt-rock_foundation,independent_gap,fix_inversion_first
nathan-s-song_L4_W1_gap_from_prev,nathan-s-song,16,4,1,is,gap_from_prev,gap 2.28s from previous word,warning,False,71.78,72.075,0.295,2.28,"Foresight is a real sense we have, and I can prove it",transcription,pre-chorus_-_introduce_atmospheric_elements,independent_gap,fix_inversion_first
nathan-s-song_L5_W1_gap_from_prev,nathan-s-song,16,5,1,we,gap_from_prev,gap 1.68s from previous word,warning,False,79.34,79.62,0.28,1.68,"And we can foster it in others, or don’t use it and lose it",transcription,pre-chorus_-_introduce_atmospheric_elements,independent_gap,fix_inversion_first
nathan-s-song_L7_W6_gap_from_prev,nathan-s-song,16,7,6,holding,gap_from_prev,gap 0.69s from previous word,warning,False,99.392,99.733,0.341,0.688,"It’s your essence in some bottle, holding you together like glue",whisper_plus_vocal_onset,verse_1_continued_-_gradually_add_electronic_textures_beneath_rock_foundation,independent_gap,fix_inversion_first
nathan-s-song_L8_W1_gap_from_prev,nathan-s-song,16,8,1,interact,gap_from_prev,gap 0.98s from previous word,warning,False,104.6,105.8,1.2,0.98,"Yet interact with the external world, some things are bound to change",transcription,verse_1_continued_-_gradually_add_electronic_textures_beneath_rock_foundation,independent_gap,fix_inversion_first
nathan-s-song_L8_W2_gap_from_prev,nathan-s-song,16,8,2,with,gap_from_prev,gap 1.23s from previous word,warning,False,107.029,107.34,0.311,1.229,"Yet interact with the external world, some things are bound to change",whisper_plus_vocal_onset,verse_1_continued_-_gradually_add_electronic_textures_beneath_rock_foundation,independent_gap,fix_inversion_first
nathan-s-song_L10_W6_gap_from_prev,nathan-s-song,16,10,6,I,gap_from_prev,gap 1.58s from previous word,warning,False,128.043,128.14,0.097,1.584,"I said I didn’t forget Jesus, I said Jesus is Lord",whisper_plus_vocal_onset,verse_1_continued_-_gradually_add_electronic_textures_beneath_rock_foundation,independent_gap,fix_inversion_first
nathan-s-song_L20_W1_gap_from_prev,nathan-s-song,16,20,1,Jesus,gap_from_prev,gap 8.28s from previous word,high,False,185.461,186.091,0.63,8.275,When Jesus left the earth under our stewardship,whisper_plus_vocal_onset,verse_2_-_shift_toward_more_experimental_sound_with_increased_electronic_elements,independent_gap,fix_inversion_first
nathan-s-song_L38_W7_gap_from_prev,nathan-s-song,16,38,7,sin,gap_from_prev,gap 8.84s from previous word,high,False,298.22,298.52,0.3,8.839,So instead of continuing on in their sin,transcription,post-refrain_-_more_atmospheric_than_first,independent_gap,fix_inversion_first
nathan-s-song_L40_W3_gap_from_prev,nathan-s-song,16,40,3,servant,gap_from_prev,gap 0.63s from previous word,warning,False,298.891,299.189,0.298,0.631,"Oh, fellow truth-speaker, servant of the Lord",whisper_plus_vocal_onset,bridge_-_strip_back_to_atmospheric_elements,independent_gap,fix_inversion_first
nathan-s-song_L48_W1_gap_from_prev,nathan-s-song,16,48,1,all,gap_from_prev,gap 0.92s from previous word,warning,False,334.36,334.752,0.392,0.92,"We all need a Nathan, a prophet in our lives",transcription,final_refrain_-_mature,independent_gap,fix_inversion_first
not-your-slave_L7_W0_duration_undersize,not-your-slave,21,7,0,NOT,duration_undersize,duration 0.040s < 0.04s,warning,False,19.157,19.197,0.04,,NOT YOUR SLAVE,whisper_plus_vocal_onset,chant_-_building_intensity,unknown_undersize,manual_review
not-your-slave_L12_W0_duration_undersize,not-your-slave,21,12,0,I,duration_undersize,duration 0.005s < 0.04s,warning,False,63.275,63.28,0.005,,"I give it all my might, power of resurrection",whisper_plus_vocal_onset,verse,unknown_undersize,manual_review
not-your-slave_L13_W0_duration_undersize,not-your-slave,21,13,0,NOT,duration_undersize,duration 0.012s < 0.04s,warning,False,68.98,68.992,0.012,,NOT YOUR SLAVE,interpolated,verse,interpolated_undersize,re_estimate
not-your-slave_L19_W3_gap_from_prev,not-your-slave,21,19,3,cave,gap_from_prev,gap 0.54s from previous word,warning,False,90.24,91.59,1.35,0.539,My mind won't cave,whisper_plus_vocal_onset,chorus,independent_gap,fix_inversion_first
not-your-slave_L23_W2_duration_undersize,not-your-slave,21,23,2,SLAVE,duration_undersize,duration 0.040s < 0.04s,warning,False,101.68,101.72,0.04,,NOT YOUR SLAVE,transcription,chant,unknown_undersize,manual_review
not-your-slave_L24_W2_duration_undersize,not-your-slave,21,24,2,SLAVE,duration_undersize,duration 0.040s < 0.04s,warning,False,101.68,101.72,0.04,,NOT YOUR SLAVE,transcription,chant,unknown_undersize,manual_review
not-your-slave_L30_W0_duration_undersize,not-your-slave,21,30,0,Done,duration_undersize,duration 0.040s < 0.04s,warning,False,130.56,130.6,0.04,,"Done the screaming, took the beating, felt defeated, I ain't leaving!",whisper_plus_vocal_onset,verse,unknown_undersize,manual_review
not-your-slave_L31_W2_duration_undersize,not-your-slave,21,31,2,built,duration_undersize,duration 0.040s < 0.04s,warning,False,134.315,134.355,0.04,,"Squandered wealth, built mental health",whisper_plus_vocal_onset,verse,unknown_undersize,manual_review
not-your-slave_L32_W0_duration_undersize,not-your-slave,21,32,0,Saw,duration_undersize,duration 0.005s < 0.04s,warning,False,135.115,135.12,0.005,,Saw the err of my own ways,whisper_plus_vocal_onset,verse,unknown_undersize,manual_review
not-your-slave_L39_W2_duration_undersize,not-your-slave,21,39,2,SLAVE,duration_undersize,duration 0.040s < 0.04s,warning,False,147.44,147.48,0.04,,NOT YOUR SLAVE,transcription,chant,unknown_undersize,manual_review
not-your-slave_L40_W0_duration_undersize,not-your-slave,21,40,0,NOT,duration_undersize,duration 0.040s < 0.04s,warning,False,146.96,147.0,0.04,,NOT YOUR SLAVE,transcription,chant,unknown_undersize,manual_review
not-your-slave_L40_W2_duration_undersize,not-your-slave,21,40,2,SLAVE,duration_undersize,duration 0.040s < 0.04s,warning,False,147.44,147.48,0.04,,NOT YOUR SLAVE,transcription,chant,unknown_undersize,manual_review
not-your-slave_L43_W0_duration_undersize,not-your-slave,21,43,0,I'm,duration_undersize,duration 0.040s < 0.04s,warning,False,152.94,152.98,0.04,,I'm not your slave,transcription,chorus,unknown_undersize,manual_review
not-your-slave_L59_W3_gap_from_prev,not-your-slave,21,59,3,cave,gap_from_prev,gap 0.64s from previous word,warning,False,211.94,213.2,1.26,0.639,My mind won't cave,transcription,chorus,independent_gap,fix_inversion_first
not-your-slave_L65_W3_gap_from_prev,not-your-slave,21,65,3,saved,gap_from_prev,gap 0.80s from previous word,warning,False,231.04,232.09,1.05,0.805,I already been saved,whisper_plus_vocal_onset,chorus_-_demolish_strongholds,independent_gap,fix_inversion_first
not-your-slave_L73_W0_duration_undersize,not-your-slave,21,73,0,NOT,duration_undersize,duration 0.040s < 0.04s,warning,False,255.96,256.0,0.04,,NOT YOUR SLAVE,transcription,chant,unknown_undersize,manual_review
not-your-slave_L74_W0_duration_undersize,not-your-slave,21,74,0,NOT,duration_undersize,duration 0.040s < 0.04s,warning,False,255.96,256.0,0.04,,NOT YOUR SLAVE,transcription,chant,unknown_undersize,manual_review
nothing-is-impossible_L15_W1_duration_undersize,nothing-is-impossible,26,15,1,I,duration_undersize,duration 0.015s < 0.04s,warning,False,85.845,85.86,0.015,,But I never forgot what I learned from those fearful stripes,whisper_plus_vocal_onset,verse_2_-_rapped,unknown_undersize,manual_review
nothing-is-impossible_L34_W1_duration_undersize,nothing-is-impossible,26,34,1,no,duration_undersize,duration 0.040s < 0.04s,warning,False,149.845,149.885,0.04,,I’m no longer surprised God fit in human form,whisper_plus_vocal_onset,interlude,unknown_undersize,manual_review
nothing-is-impossible_L46_W1_gap_from_prev,nothing-is-impossible,26,46,1,is,gap_from_prev,gap 0.97s from previous word,warning,False,191.136,191.62,0.484,0.966,Nothing is impossible,whisper_plus_vocal_onset,hook,independent_gap,fix_inversion_first
nothing-is-impossible_L47_W1_gap_from_prev,nothing-is-impossible,26,47,1,is,gap_from_prev,gap 1.04s from previous word,warning,False,193.813,194.28,0.467,1.043,Nothing is impossible,whisper_plus_vocal_onset,hook,independent_gap,fix_inversion_first
nothing-is-impossible_L50_W1_gap_from_prev,nothing-is-impossible,26,50,1,IS,gap_from_prev,gap 1.06s from previous word,warning,False,201.781,202.464,0.683,1.061,NOTHING IS IMPOSSIBLE,whisper_plus_vocal_onset,refrain,independent_gap,fix_inversion_first
nothing-is-impossible_L52_W1_gap_from_prev,nothing-is-impossible,26,52,1,you,gap_from_prev,gap 0.53s from previous word,warning,False,216.693,217.2,0.507,0.533,Anything you can dream of,whisper_plus_vocal_onset,refrain,independent_gap,fix_inversion_first
nothing-is-impossible_L61_W9_duration_undersize,nothing-is-impossible,26,61,9,know,duration_undersize,duration 0.040s < 0.04s,warning,False,252.94,252.98,0.04,,"No matter what you say, there’s one thing I know",transcription,bridge,unknown_undersize,manual_review
nothing-is-impossible_L63_W2_duration_undersize,nothing-is-impossible,26,63,2,impossible,duration_undersize,duration 0.013s < 0.04s,warning,False,247.637,247.65,0.013,,Nothing is impossible,vocal_onset_only,hook,unknown_undersize,manual_review
nothing-is-impossible_L66_W2_gap_from_prev,nothing-is-impossible,26,66,2,impossible,gap_from_prev,gap 2.20s from previous word,warning,False,257.856,259.356,1.5,2.203,Nothing is impossible,vocal_onset_only,hook,independent_gap,fix_inversion_first
nothing-is-impossible_L67_W0_duration_undersize,nothing-is-impossible,26,67,0,Nothing,duration_undersize,duration 0.040s < 0.04s,warning,False,259.98,260.02,0.04,,Nothing is impossible,transcription,hook,unknown_undersize,manual_review
nothing-is-impossible_L69_W0_duration_undersize,nothing-is-impossible,26,69,0,Nothing,duration_undersize,duration 0.040s < 0.04s,warning,False,260.6,260.64,0.04,,Nothing is impossible,transcription,hook,unknown_undersize,manual_review
nothing-is-impossible_L75_W3_gap_from_prev,nothing-is-impossible,26,75,3,prepared,gap_from_prev,gap 1.58s from previous word,warning,False,301.941,302.16,0.219,1.584,I’ve been uniquely prepared for this,whisper_plus_vocal_onset,outro,independent_gap,fix_inversion_first
patient_L27_W6_duration_undersize,patient,29,27,6,tools,duration_undersize,duration 0.020s < 0.04s,warning,False,112.94,112.96,0.02,,"Patient for fate, pruned & peeled, tools not toys",transcription,chorus,unknown_undersize,manual_review
patient_L30_W7_duration_undersize,patient,29,30,7,patient),duration_undersize,duration 0.040s < 0.04s,warning,False,121.04,121.08,0.04,,I’m patient (patient patient patient patient patient patient),transcription,hook,unknown_undersize,manual_review
patient_L31_W9_duration_undersize,patient,29,31,9,patient),duration_undersize,duration 0.040s < 0.04s,warning,False,123.34,123.38,0.04,,God made me patient (patient patient patient patient patient patient),transcription,hook,unknown_undersize,manual_review
patient_L32_W9_duration_undersize,patient,29,32,9,patient),duration_undersize,duration 0.035s < 0.04s,warning,False,126.92,126.955,0.035,,Oh yeah I’m patient (patient patient patient patient patient patient),transcription,hook,unknown_undersize,manual_review
patient_L43_W2_duration_undersize,patient,29,43,2,what,duration_undersize,duration 0.021s < 0.04s,warning,False,151.659,151.68,0.021,,"stripped of what you never could see,",whisper_plus_vocal_onset,verse,unknown_undersize,manual_review
patient_L50_W3_duration_undersize,patient,29,50,3,"PC,",duration_undersize,duration 0.040s < 0.04s,warning,False,165.62,165.66,0.04,,"On an AI PC,",transcription,verse,unknown_undersize,manual_review
patient_L72_W9_duration_undersize,patient,29,72,9,patient),duration_undersize,duration 0.040s < 0.04s,warning,False,225.94,225.98,0.04,,God made me patient (patient patient patient patient patient patient),transcription,hook,unknown_undersize,manual_review
patient_L73_W0_duration_undersize,patient,29,73,0,Oh,duration_undersize,duration 0.040s < 0.04s,warning,False,223.84,223.88,0.04,,Oh yeah I’m patient (patient patient patient patient patient patient),transcription,hook,unknown_undersize,manual_review
patient_L83_W7_duration_undersize,patient,29,83,7,patient),duration_undersize,duration 0.040s < 0.04s,warning,False,267.3,267.34,0.04,,I’m patient (patient patient patient patient patient patient),transcription,hook,unknown_undersize,manual_review
patient_L85_W0_duration_undersize,patient,29,85,0,Oh,duration_undersize,duration 0.040s < 0.04s,warning,False,268.66,268.7,0.04,,Oh yeah I’m patient (patient patient patient patient patient patient),transcription,hook,unknown_undersize,manual_review
patient_L88_W9_duration_undersize,patient,29,88,9,patient),duration_undersize,duration 0.040s < 0.04s,warning,False,278.98,279.02,0.04,,God made me patient (patient patient patient patient patient patient),transcription,hook,unknown_undersize,manual_review
phase-transition_L1_W4_gap_from_prev,phase-transition,27,1,4,so,gap_from_prev,gap 0.98s from previous word,warning,False,18.699,18.92,0.221,0.979,The structure's evolving and so too am I,whisper_plus_vocal_onset,verse,independent_gap,fix_inversion_first
phase-transition_L2_W1_gap_from_prev,phase-transition,27,2,1,uncertain's,gap_from_prev,gap 0.93s from previous word,warning,False,21.344,22.24,0.896,0.934,"The uncertain's resolving, I see with my eyes",whisper_plus_vocal_onset,verse,independent_gap,fix_inversion_first
phase-transition_L2_W4_gap_from_prev,phase-transition,27,2,4,see,gap_from_prev,gap 0.85s from previous word,warning,False,24.469,24.939,0.47,0.849,"The uncertain's resolving, I see with my eyes",whisper_plus_vocal_onset,verse,independent_gap,fix_inversion_first
phase-transition_L11_W1_gap_from_prev,phase-transition,27,11,1,write,gap_from_prev,gap 1.54s from previous word,warning,False,65.8,65.9,0.1,1.54,I'll write verse 2 tomorrow,transcription,interlude,independent_gap,fix_inversion_first
phase-transition_L11_W4_duration_undersize,phase-transition,27,11,4,tomorrow,duration_undersize,duration 0.015s < 0.04s,warning,False,66.325,66.34,0.015,,I'll write verse 2 tomorrow,whisper_plus_vocal_onset,interlude,unknown_undersize,manual_review
phase-transition_L35_W0_duration_undersize,phase-transition,27,35,0,That,duration_undersize,duration 0.040s < 0.04s,warning,False,137.067,137.107,0.04,,That wanna see it at its best,whisper_plus_vocal_onset,bridge,unknown_undersize,manual_review
phase-transition_L35_W2_gap_from_prev,phase-transition,27,35,2,see,gap_from_prev,gap 1.20s from previous word,warning,False,139.46,139.691,0.231,1.2,That wanna see it at its best,transcription,bridge,independent_gap,fix_inversion_first
phase-transition_L36_W5_duration_undersize,phase-transition,27,36,5,make,duration_undersize,duration 0.040s < 0.04s,warning,False,146.4,146.44,0.04,,This structure's revolving so it'll make sense to you,whisper_plus_vocal_onset,refrain,unknown_undersize,manual_review
phase-transition_L36_W6_duration_undersize,phase-transition,27,36,6,sense,duration_undersize,duration 0.040s < 0.04s,warning,False,146.44,146.48,0.04,,This structure's revolving so it'll make sense to you,transcription,refrain,unknown_undersize,manual_review
phase-transition_L41_W5_gap_from_prev,phase-transition,27,41,5,experimental,gap_from_prev,gap 1.44s from previous word,warning,False,173.525,174.56,1.035,1.444,"Yes, I'm blending physics, romance, experimental songwriting, and autobiographical content into one form",whisper_plus_vocal_onset,outro,independent_gap,fix_inversion_first
phase-transition_L41_W7_gap_from_prev,phase-transition,27,41,7,and,gap_from_prev,gap 1.39s from previous word,warning,False,177.248,177.34,0.092,1.392,"Yes, I'm blending physics, romance, experimental songwriting, and autobiographical content into one form",whisper_plus_vocal_onset,outro,independent_gap,fix_inversion_first
phase-transition_L41_W11_gap_from_prev,phase-transition,27,41,11,one,gap_from_prev,gap 1.30s from previous word,warning,False,181.301,181.52,0.219,1.296,"Yes, I'm blending physics, romance, experimental songwriting, and autobiographical content into one form",whisper_plus_vocal_onset,outro,independent_gap,fix_inversion_first
prediction-engine_L10_W1_gap_from_prev,prediction-engine,37,10,1,because,gap_from_prev,gap 1.42s from previous word,warning,False,67.424,67.8,0.376,1.424,"And because I’ve tasted life, this isn’t something I can put to bed",whisper_plus_vocal_onset,chorus,independent_gap,fix_inversion_first
prediction-engine_L15_W1_gap_from_prev,prediction-engine,37,15,1,I’m,gap_from_prev,gap 1.33s from previous word,warning,False,95.52,95.872,0.352,1.33,"But I’m still a person, just like you",whisper_plus_vocal_onset,verse,independent_gap,fix_inversion_first
prediction-engine_L20_W4_gap_from_prev,prediction-engine,37,20,4,you,gap_from_prev,gap 0.54s from previous word,warning,False,131.168,131.84,0.672,0.539,"I’m finally getting started, you won’t believe the things in my head",whisper_plus_vocal_onset,chorus,independent_gap,fix_inversion_first
prediction-engine_L26_W5_duration_undersize,prediction-engine,37,26,5,don’t,duration_undersize,duration 0.040s < 0.04s,warning,False,164.555,164.595,0.04,,The engine on but you don’t get far till your foot’s on the gas,whisper_plus_vocal_onset,bridge,unknown_undersize,manual_review
prediction-engine_L35_W0_duration_undersize,prediction-engine,37,35,0,The,duration_undersize,duration 0.040s < 0.04s,warning,False,188.107,188.147,0.04,,"The feature of conformity, bosonic uniformity, the message in a bottle",whisper_plus_vocal_onset,bridge,unknown_undersize,manual_review
prediction-engine_L41_W1_gap_from_prev,prediction-engine,37,41,1,watched,gap_from_prev,gap 0.73s from previous word,warning,False,245.695,245.995,0.3,0.733,"I’ve watched this movie, over and over and over again",whisper_plus_vocal_onset,chorus,independent_gap,fix_inversion_first
prophetic-clarity_L9_W0_duration_undersize,prophetic-clarity,39,9,0,Ace-uh-bale,duration_undersize,duration 0.004s < 0.04s,warning,False,54.016,54.02,0.004,,Ace-uh-bale,vocal_onset_only,intro,unknown_undersize,manual_review
prophetic-clarity_L13_W2_duration_undersize,prophetic-clarity,39,13,2,the,duration_undersize,duration 0.040s < 0.04s,warning,False,63.26,63.3,0.04,,So that’s the way it’s gonna be,whisper_plus_vocal_onset,verse,unknown_undersize,manual_review
prophetic-clarity_L39_W2_gap_from_prev,prophetic-clarity,39,39,2,prophetic,gap_from_prev,gap 2.46s from previous word,warning,False,153.899,154.645,0.746,2.459,I got prophetic clarity,whisper_plus_vocal_onset,chorus,independent_gap,fix_inversion_first
sabbath_L4_W0_duration_undersize,sabbath,24,4,0,Take,duration_undersize,duration 0.040s < 0.04s,warning,False,15.445,15.485,0.04,,Take a Sabbath,whisper_plus_vocal_onset,hook,unknown_undersize,manual_review
sabbath_L15_W7_duration_undersize,sabbath,24,15,7,from,duration_undersize,duration 0.032s < 0.04s,warning,False,56.448,56.48,0.032,,Anyone who enters God’s rest also rests from their works,whisper_plus_vocal_onset,declarative_reading,unknown_undersize,manual_review
sabbath_L24_W0_duration_undersize,sabbath,24,24,0,Detailing,duration_undersize,duration 0.012s < 0.04s,warning,False,77.248,77.26,0.012,,Detailing me overcoming sin,whisper_plus_vocal_onset,verse,unknown_undersize,manual_review
sabbath_L24_W3_gap_from_prev,sabbath,24,24,3,sin,gap_from_prev,gap 1.88s from previous word,warning,False,80.48,80.63,0.15,1.875,Detailing me overcoming sin,whisper_plus_vocal_onset,verse,independent_gap,fix_inversion_first
sabbath_L46_W1_duration_undersize,sabbath,24,46,1,a,duration_undersize,duration 0.033s < 0.04s,warning,False,132.467,132.5,0.033,,Take a Sabbath,whisper_plus_vocal_onset,hook,unknown_undersize,manual_review
sabbath_L47_W2_duration_undersize,sabbath,24,47,2,Sabbath,duration_undersize,duration 0.040s < 0.04s,warning,False,133.56,133.6,0.04,,Take a Sabbath,whisper_plus_vocal_onset,hook,unknown_undersize,manual_review
sabbath_L48_W0_duration_undersize,sabbath,24,48,0,Take,duration_undersize,duration 0.029s < 0.04s,warning,False,133.291,133.32,0.029,,Take a Sabbath,whisper_plus_vocal_onset,hook,unknown_undersize,manual_review
sabbath_L67_W8_duration_undersize,sabbath,24,67,8,Sabbath,duration_undersize,duration 0.040s < 0.04s,warning,False,199.58,199.62,0.04,,"1 2 3 4 5 6, Take a Sabbath",whisper_plus_vocal_onset,hook,unknown_undersize,manual_review
sabbath_L68_W0_duration_undersize,sabbath,24,68,0,Take,duration_undersize,duration 0.040s < 0.04s,warning,False,199.499,199.539,0.04,,Take a Sabbath,transcription,hook,unknown_undersize,manual_review
sabbath_L69_W2_duration_undersize,sabbath,24,69,2,Sabbath,duration_undersize,duration 0.040s < 0.04s,warning,False,200.68,200.72,0.04,,Take a Sabbath,whisper_plus_vocal_onset,hook,unknown_undersize,manual_review
sabbath_L70_W1_duration_undersize,sabbath,24,70,1,a,duration_undersize,duration 0.036s < 0.04s,warning,False,200.544,200.58,0.036,,Take a Sabbath,whisper_plus_vocal_onset,hook,unknown_undersize,manual_review
sabbath_L74_W1_duration_undersize,sabbath,24,74,1,a,duration_undersize,duration 0.032s < 0.04s,warning,False,215.848,215.88,0.032,,Take a Sabbath,whisper_plus_vocal_onset,hook,unknown_undersize,manual_review
sabbath_L75_W2_duration_undersize,sabbath,24,75,2,Sabbath,duration_undersize,duration 0.040s < 0.04s,warning,False,216.9,216.94,0.04,,Take a Sabbath,whisper_plus_vocal_onset,hook,unknown_undersize,manual_review
sabbath_L76_W0_duration_undersize,sabbath,24,76,0,Take,duration_undersize,duration 0.040s < 0.04s,warning,False,216.72,216.76,0.04,,Take a Sabbath,whisper_plus_vocal_onset,hook,unknown_undersize,manual_review
take-this-cup_L8_W1_gap_from_prev,take-this-cup,33,8,1,this,gap_from_prev,gap 1.32s from previous word,warning,False,78.42,78.92,0.5,1.32,Take this cup,transcription,post-hook,independent_gap,fix_inversion_first
take-this-cup_L18_W2_gap_from_prev,take-this-cup,33,18,2,"cup,",gap_from_prev,gap 1.74s from previous word,warning,False,122.62,122.72,0.1,1.74,"Take this cup, take this cup",transcription,chorus,independent_gap,fix_inversion_first
take-this-cup_L20_W5_duration_undersize,take-this-cup,33,20,5,cup,duration_undersize,duration 0.040s < 0.04s,warning,False,133.46,133.5,0.04,,"Take this cup, take this cup",transcription,chorus,unknown_undersize,manual_review
take-this-cup_L21_W5_duration_undersize,take-this-cup,33,21,5,cup,duration_undersize,duration 0.040s < 0.04s,warning,False,137.02,137.06,0.04,,"Take this cup, take this cup",transcription,chorus,unknown_undersize,manual_review
take-this-cup_L34_W0_duration_undersize,take-this-cup,33,34,0,Take,duration_undersize,duration 0.040s < 0.04s,warning,False,175.96,176.0,0.04,,Take this cup,transcription,hook,unknown_undersize,manual_review
take-this-cup_L35_W2_duration_undersize,take-this-cup,33,35,2,cup,duration_undersize,duration 0.040s < 0.04s,warning,False,183.88,183.92,0.04,,Take this cup,transcription,post-hook,unknown_undersize,manual_review
take-this-cup_L37_W2_duration_undersize,take-this-cup,33,37,2,cup,duration_undersize,duration 0.040s < 0.04s,warning,False,191.38,191.42,0.04,,Take this cup,transcription,hook,unknown_undersize,manual_review
take-this-cup_L38_W0_duration_undersize,take-this-cup,33,38,0,Take,duration_undersize,duration 0.040s < 0.04s,warning,False,191.019,191.059,0.04,,Take this cup,whisper_plus_vocal_onset,hook,unknown_undersize,manual_review
the-as-i-evolve-proverb_L3_W3_gap_from_prev,the-as-i-evolve-proverb,17,3,3,God,gap_from_prev,gap 2.93s from previous word,warning,False,23.072,24.54,1.468,2.932,The nature of God is,whisper_plus_vocal_onset,atom,independent_gap,fix_inversion_first
the-as-i-evolve-proverb_L4_W1_gap_from_prev,the-as-i-evolve-proverb,17,4,1,words,gap_from_prev,gap 4.18s from previous word,warning,False,30.3,31.5,1.2,4.18,My words could not do justice,transcription,atom,independent_gap,fix_inversion_first
the-as-i-evolve-proverb_L4_W4_gap_from_prev,the-as-i-evolve-proverb,17,4,4,do,gap_from_prev,gap 0.66s from previous word,warning,False,34.18,35.447,1.267,0.66,My words could not do justice,transcription,atom,independent_gap,fix_inversion_first
the-as-i-evolve-proverb_L4_W5_gap_from_prev,the-as-i-evolve-proverb,17,4,5,justice,gap_from_prev,gap 0.61s from previous word,warning,False,36.053,37.253,1.2,0.606,My words could not do justice,whisper_plus_vocal_onset,atom,independent_gap,fix_inversion_first
the-as-i-evolve-proverb_L5_W3_gap_from_prev,the-as-i-evolve-proverb,17,5,3,trials,gap_from_prev,gap 1.65s from previous word,warning,False,48.789,49.28,0.491,1.649,in provision the trials test me.,whisper_plus_vocal_onset,atom,independent_gap,fix_inversion_first
the-as-i-evolve-proverb_L6_W4_gap_from_prev,the-as-i-evolve-proverb,17,6,4,know,gap_from_prev,gap 1.04s from previous word,warning,False,58.64,59.083,0.443,1.04,But I no longer know failure,transcription,atom,independent_gap,fix_inversion_first
the-as-i-evolve-proverb_L16_W1_gap_from_prev,the-as-i-evolve-proverb,17,16,1,a,gap_from_prev,gap 0.74s from previous word,warning,False,189.46,189.56,0.1,0.74,And a proverb useless to the unrestrained,vocal_onset_only,atom,independent_gap,fix_inversion_first
the-as-i-evolve-proverb_L17_W1_gap_from_prev,the-as-i-evolve-proverb,17,17,1,attacks,gap_from_prev,gap 0.52s from previous word,warning,False,218.219,219.419,1.2,0.518,Deception attacks,whisper_plus_vocal_onset,atom,independent_gap,fix_inversion_first
the-as-i-evolve-proverb_L18_W0_duration_undersize,the-as-i-evolve-proverb,17,18,0,where,duration_undersize,duration 0.040s < 0.04s,warning,False,221.34,221.38,0.04,,where you least expect it.,transcription,atom,unknown_undersize,manual_review
the-as-i-evolve-proverb_L22_W3_gap_from_prev,the-as-i-evolve-proverb,17,22,3,humility.,gap_from_prev,gap 2.77s from previous word,warning,False,267.509,268.91,1.401,2.769,Clarity comes from humility.,whisper_plus_vocal_onset,atom,independent_gap,fix_inversion_first
the-as-i-evolve-proverb_L23_W3_gap_from_prev,the-as-i-evolve-proverb,17,23,3,will,gap_from_prev,gap 5.90s from previous word,high,False,279.66,279.893,0.233,5.9,"Serve, and you will be served.",transcription,atom,independent_gap,fix_inversion_first
the-as-i-evolve-proverb_L24_W3_gap_from_prev,the-as-i-evolve-proverb,17,24,3,LORD's.,gap_from_prev,gap 3.66s from previous word,warning,False,290.48,291.32,0.84,3.66,Justice is the LORD's.,transcription,atom,independent_gap,fix_inversion_first
the-as-i-evolve-proverb_L25_W3_gap_from_prev,the-as-i-evolve-proverb,17,25,3,they,gap_from_prev,gap 1.70s from previous word,warning,False,309.22,310.7,1.48,1.7,Fools make claims they cannot prove.,transcription,atom,independent_gap,fix_inversion_first
the-as-i-evolve-proverb_L26_W3_gap_from_prev,the-as-i-evolve-proverb,17,26,3,they,gap_from_prev,gap 1.32s from previous word,warning,False,326.52,327.7,1.18,1.319,Serpents make ones they know false.,transcription,atom,independent_gap,fix_inversion_first
the-as-i-evolve-proverb_L26_W5_gap_from_prev,the-as-i-evolve-proverb,17,26,5,false.,gap_from_prev,gap 1.31s from previous word,warning,False,330.42,330.57,0.15,1.309,Serpents make ones they know false.,transcription,atom,independent_gap,fix_inversion_first
the-devil-s-playbook_L1_W2_gap_from_prev,the-devil-s-playbook,18,1,2,Ace-uh-bale,gap_from_prev,gap 1.56s from previous word,warning,False,12.56,12.66,0.1,1.56,I’m Doctor Ace-uh-bale Hore-Ann your instructor for this class,transcription,intro_professor_announcement_sacred_academic_cinematic_spoken_word_classroom_ambience_analog_hum_distant_choir_minimal_percussion_prophetic_invocation,independent_gap,fix_inversion_first
the-devil-s-playbook_L11_W1_duration_overflow,the-devil-s-playbook,18,11,1,lesson,duration_overflow,duration 1.5s > 1.5s,warning,False,62.76,64.26,1.5,,Today’s lesson,transcription,interlude_ritual_transition_filtered_vocal_tape_stop_bass_swell_tension,unknown_overflow,manual_review
the-devil-s-playbook_L36_W8_duration_undersize,the-devil-s-playbook,18,36,8,if,duration_undersize,duration 0.040s < 0.04s,warning,False,139.499,139.539,0.04,,You gotta give your best to God and if you've been listening to my songs,whisper_plus_vocal_onset,second_movement_kill_heavier_drums_pressure_bass_audience_tension_proof_culture_anxiety_emotionally_implicated_vocal_delivery_dense_rhythmic_cadence_controlled_aggression,unknown_undersize,manual_review
the-devil-s-playbook_L36_W9_duration_undersize,the-devil-s-playbook,18,36,9,you've,duration_undersize,duration 0.021s < 0.04s,warning,False,139.539,139.56,0.021,,You gotta give your best to God and if you've been listening to my songs,transcription,second_movement_kill_heavier_drums_pressure_bass_audience_tension_proof_culture_anxiety_emotionally_implicated_vocal_delivery_dense_rhythmic_cadence_controlled_aggression,unknown_undersize,manual_review
the-devil-s-playbook_L45_W2_duration_undersize,the-devil-s-playbook,18,45,2,destroy,duration_undersize,duration 0.040s < 0.04s,warning,False,165.62,165.66,0.04,,Steal kill destroy,transcription,hook,unknown_undersize,manual_review
the-devil-s-playbook_L46_W1_gap_from_prev,the-devil-s-playbook,18,46,1,kill,gap_from_prev,gap 1.68s from previous word,warning,False,159.787,160.811,1.024,1.68,Steal kill destroy,vocal_onset_only,hook,independent_gap,fix_inversion_first
the-devil-s-playbook_L50_W1_gap_from_prev,the-devil-s-playbook,18,50,1,kill,gap_from_prev,gap 0.53s from previous word,warning,False,170.859,171.74,0.881,0.527,Steal kill destroy,vocal_onset_only,hook,independent_gap,fix_inversion_first
the-devil-s-playbook_L50_W2_gap_from_prev,the-devil-s-playbook,18,50,2,destroy,gap_from_prev,gap 1.05s from previous word,warning,False,172.789,173.96,1.171,1.049,Steal kill destroy,vocal_onset_only,hook,independent_gap,fix_inversion_first
the-devil-s-playbook_L53_W3_duration_undersize,the-devil-s-playbook,18,53,3,playbook,duration_undersize,duration 0.040s < 0.04s,warning,False,184.74,184.78,0.04,,This the devil’s playbook,transcription,post-hook,unknown_undersize,manual_review
the-devil-s-playbook_L54_W0_duration_undersize,the-devil-s-playbook,18,54,0,A,duration_undersize,duration 0.040s < 0.04s,warning,False,184.661,184.701,0.04,,A figure appears as an angel of light,whisper_plus_vocal_onset,third_movement_destroy_structural_collapse_tempo_ambiguity_harmonic_instability_fragmented_percussion_expanding_reverb_distorted_classroom_ambience_epistemic_horror_beat_fracture_at_judah_or_lucy_entropy_spiral_one_steady_sub_bass_anchor,unknown_undersize,manual_review
the-devil-s-playbook_L84_W4_gap_from_prev,the-devil-s-playbook,18,84,4,love,gap_from_prev,gap 6.40s from previous word,high,False,272.2,272.5,0.3,6.4,The one law - love,transcription,bridge_climax_gods_response_warm_grounded_atmosphere_minimal_piano_low_choir_pads_heartbeat_percussion_stable_harmonic_center_calm_authoritative_delivery_counterspell_energy_relational_clarity,independent_gap,fix_inversion_first
the-devil-s-playbook_L94_W0_duration_undersize,the-devil-s-playbook,18,94,0,Steal,duration_undersize,duration 0.040s < 0.04s,warning,False,284.54,284.58,0.04,,Steal kill destroy,transcription,final_hook_full_instrumentation_returns_grounded_harmony_resolved_tension_pattern_fully_revealed_ritual_chant_transformed_into_warning,unknown_undersize,manual_review
the-devil-s-playbook_L95_W0_duration_undersize,the-devil-s-playbook,18,95,0,Steal,duration_undersize,duration 0.004s < 0.04s,warning,False,284.576,284.58,0.004,,Steal kill destroy,whisper_plus_vocal_onset,final_hook_full_instrumentation_returns_grounded_harmony_resolved_tension_pattern_fully_revealed_ritual_chant_transformed_into_warning,unknown_undersize,manual_review
the-devil-s-playbook_L102_W0_duration_undersize,the-devil-s-playbook,18,102,0,This,duration_undersize,duration 0.040s < 0.04s,warning,False,297.845,297.885,0.04,,This the devil’s playbook,whisper_plus_vocal_onset,post-hook,unknown_undersize,manual_review
the-devil-s-playbook_L104_W1_gap_from_prev,the-devil-s-playbook,18,104,1,blessed,gap_from_prev,gap 1.13s from previous word,warning,False,311.947,312.39,0.443,1.127,Be blessed,whisper_plus_vocal_onset,outro_spoken_classroom_ambience_returns_tape_hiss_room_tone_lecture_dismissal_atmosphere_quiet_prophetic_ending,independent_gap,fix_inversion_first
the-first-scroll_L4_W1_duration_undersize,the-first-scroll,40,4,1,have,duration_undersize,duration 0.040s < 0.04s,warning,False,19.605,19.645,0.04,,"They have continued their evil doings, engaging in witchcraft, lethal and nonlethal.",whisper_plus_vocal_onset,,unknown_undersize,manual_review
the-first-scroll_L7_W1_gap_from_prev,the-first-scroll,40,7,1,not,gap_from_prev,gap 0.52s from previous word,warning,False,34.885,35.0,0.115,0.525,"Destruction, not restoration.",whisper_plus_vocal_onset,,independent_gap,fix_inversion_first
the-first-scroll_L18_W11_duration_undersize,the-first-scroll,40,18,11,have,duration_undersize,duration 0.040s < 0.04s,warning,False,74.176,74.216,0.04,,"Now that I have brought Israel back to their homeland, they have perpetrated the same harms done to them.",whisper_plus_vocal_onset,,unknown_undersize,manual_review
the-glory_L1_W1_gap_from_prev,the-glory,13,1,1,beats,gap_from_prev,gap 0.84s from previous word,warning,False,25.865,26.165,0.3,0.845,"Obedience beats sacrifice - true, seek the Kingdom, not money",whisper_plus_vocal_onset,intro,independent_gap,fix_inversion_first
the-glory_L18_W6_gap_from_prev,the-glory,13,18,6,righteousness,gap_from_prev,gap 1.32s from previous word,warning,False,108.4,108.7,0.3,1.323,Seek first the Kingdom and his righteousness,transcription,chorus,independent_gap,fix_inversion_first
the-glory_L26_W5_duration_undersize,the-glory,13,26,5,me,duration_undersize,duration 0.040s < 0.04s,warning,False,137.02,137.06,0.04,,"Give God the glory, with me",transcription,hook,unknown_undersize,manual_review
the-glory_L27_W2_gap_from_prev,the-glory,13,27,2,the,gap_from_prev,gap 0.54s from previous word,warning,False,139.915,140.02,0.105,0.542,Give God the glory,whisper_plus_vocal_onset,hook,independent_gap,fix_inversion_first
the-glory_L29_W2_gap_from_prev,the-glory,13,29,2,the,gap_from_prev,gap 0.55s from previous word,warning,False,147.915,148.02,0.105,0.553,Give God the glory,whisper_plus_vocal_onset,hook,independent_gap,fix_inversion_first
the-glory_L32_W1_duration_undersize,the-glory,13,32,1,God,duration_undersize,duration 0.040s < 0.04s,warning,False,153.78,153.82,0.04,,Give God the glory,transcription,post-hook,unknown_undersize,manual_review
the-glory_L33_W0_duration_undersize,the-glory,13,33,0,Give,duration_undersize,duration 0.040s < 0.04s,warning,False,153.78,153.82,0.04,,Give God the glory,transcription,post-hook,unknown_undersize,manual_review
the-glory_L33_W2_gap_from_prev,the-glory,13,33,2,the,gap_from_prev,gap 0.85s from previous word,warning,False,155.915,156.02,0.105,0.852,Give God the glory,whisper_plus_vocal_onset,post-hook,independent_gap,fix_inversion_first
the-glory_L45_W17_duration_undersize,the-glory,13,45,17,clean,duration_undersize,duration 0.040s < 0.04s,warning,False,209.46,209.5,0.04,,"My breath, my life, everything I am to be, he took my filth and he made me clean",transcription,verse,unknown_undersize,manual_review
the-glory_L60_W5_duration_undersize,the-glory,13,60,5,me,duration_undersize,duration 0.040s < 0.04s,warning,False,267.8,267.84,0.04,,"Give God the glory, with me",transcription,hook,unknown_undersize,manual_review
the-glory_L62_W5_duration_undersize,the-glory,13,62,5,me,duration_undersize,duration 0.040s < 0.04s,warning,False,275.74,275.78,0.04,,"Give God the glory, with me",transcription,hook,unknown_undersize,manual_review
the-glory_L65_W1_duration_undersize,the-glory,13,65,1,God,duration_undersize,duration 0.029s < 0.04s,warning,False,288.955,288.984,0.029,,Give God the glory,interpolated,post-hook,interpolated_undersize,re_estimate
the-glory_L65_W2_duration_undersize,the-glory,13,65,2,the,duration_undersize,duration 0.029s < 0.04s,warning,False,288.984,289.013,0.029,,Give God the glory,interpolated,post-hook,interpolated_undersize,re_estimate
the-glory_L66_W3_duration_undersize,the-glory,13,66,3,glory,duration_undersize,duration 0.040s < 0.04s,warning,False,286.04,286.08,0.04,,He is the glory,transcription,post-hook,unknown_undersize,manual_review
the-glory_L67_W0_duration_undersize,the-glory,13,67,0,The,duration_undersize,duration 0.040s < 0.04s,warning,False,281.98,282.02,0.04,,The glory he is,transcription,post-hook,unknown_undersize,manual_review
the-glory_L70_W1_gap_from_prev,the-glory,13,70,1,isn’t,gap_from_prev,gap 0.73s from previous word,warning,False,309.193,309.493,0.3,0.733,"This isn’t for my glory, my ambition, acknowledgement of my wisdom",whisper_plus_vocal_onset,bridge,independent_gap,fix_inversion_first
the-glory_L72_W1_gap_from_prev,the-glory,13,72,1,by,gap_from_prev,gap 1.24s from previous word,warning,False,322.517,322.74,0.223,1.237,"Seen by him, loved by him, known by him",whisper_plus_vocal_onset,bridge,independent_gap,fix_inversion_first
the-glory_L91_W0_duration_undersize,the-glory,13,91,0,Give,duration_undersize,duration 0.040s < 0.04s,warning,False,389.653,389.693,0.04,,Give God the glory,whisper_plus_vocal_onset,hook,unknown_undersize,manual_review
the-glory_L96_W5_gap_from_prev,the-glory,13,96,5,me,gap_from_prev,gap 0.81s from previous word,warning,False,411.637,411.865,0.228,0.805,"Give God the glory, with me",vocal_onset_only,hook,independent_gap,fix_inversion_first
the-glory_L97_W0_duration_undersize,the-glory,13,97,0,Give,duration_undersize,duration 0.040s < 0.04s,warning,False,411.865,411.905,0.04,,Give God the glory,interpolated,hook,interpolated_undersize,re_estimate
the-glory_L100_W4_duration_undersize,the-glory,13,100,4,with,duration_undersize,duration 0.026s < 0.04s,warning,False,413.838,413.864,0.026,,"Give God the glory, with me",interpolated,hook,interpolated_undersize,re_estimate
the-glory_L100_W5_duration_undersize,the-glory,13,100,5,me,duration_undersize,duration 0.026s < 0.04s,warning,False,413.864,413.89,0.026,,"Give God the glory, with me",interpolated,hook,interpolated_undersize,re_estimate
the-glory_L101_W1_duration_undersize,the-glory,13,101,1,God,duration_undersize,duration 0.012s < 0.04s,warning,False,414.035,414.047,0.012,,Give God the glory,interpolated,hook,interpolated_undersize,re_estimate
the-glory_L101_W2_duration_undersize,the-glory,13,101,2,the,duration_undersize,duration 0.012s < 0.04s,warning,False,414.047,414.059,0.012,,Give God the glory,interpolated,hook,interpolated_undersize,re_estimate
the-glory_L103_W1_duration_undersize,the-glory,13,103,1,God,duration_undersize,duration 0.009s < 0.04s,warning,False,413.971,413.98,0.009,,Give God the glory,transcription,outro,unknown_undersize,manual_review
the-glory_L105_W2_gap_from_prev,the-glory,13,105,2,he,gap_from_prev,gap 0.80s from previous word,warning,False,421.62,422.18,0.56,0.8,The glory he is,transcription,outro,independent_gap,fix_inversion_first
the-hidden-library_L1_W9_gap_from_prev,the-hidden-library,5,1,9,but,gap_from_prev,gap 0.74s from previous word,warning,False,17.82,18.389,0.569,0.737,"I still have many things to say to you, but you cannot bear them",transcription,intro:_atmospheric_spoken_word_with_vinyl_crackle,independent_gap,fix_inversion_first
the-hidden-library_L4_W7_duration_undersize,the-hidden-library,5,4,7,their,duration_undersize,duration 0.040s < 0.04s,warning,False,29.92,29.96,0.04,,"Different beliefs were referenced not heard, ‘twas their way to install",whisper_plus_vocal_onset,act_1:_storytelling_rap_with_boom-bap_beat,unknown_undersize,manual_review
the-hidden-library_L5_W6_duration_undersize,the-hidden-library,5,5,6,that,duration_undersize,duration 0.013s < 0.04s,warning,False,32.947,32.96,0.013,,"Canonical doctrine that truth submerged, truth that belongs to all",transcription,act_1:_storytelling_rap_with_boom-bap_beat,unknown_undersize,manual_review
the-hidden-library_L12_W5_gap_from_prev,the-hidden-library,5,12,5,want,gap_from_prev,gap 6.86s from previous word,high,False,64.74,64.84,0.1,6.86,"I’m not afraid anymore, I want the truth",transcription,hook:_soulful_anthemic_gospel_vocals,independent_gap,fix_inversion_first
the-hidden-library_L13_W0_duration_undersize,the-hidden-library,5,13,0,I’m,duration_undersize,duration 0.040s < 0.04s,warning,False,55.08,55.12,0.04,,"I’m not afraid anymore, just the truth",transcription,hook:_soulful_anthemic_gospel_vocals,unknown_undersize,manual_review
the-hidden-library_L13_W5_gap_from_prev,the-hidden-library,5,13,5,the,gap_from_prev,gap 6.86s from previous word,high,False,64.74,64.84,0.1,6.86,"I’m not afraid anymore, just the truth",transcription,hook:_soulful_anthemic_gospel_vocals,independent_gap,fix_inversion_first
the-hidden-library_L13_W6_duration_undersize,the-hidden-library,5,13,6,truth,duration_undersize,duration 0.040s < 0.04s,warning,False,64.84,64.88,0.04,,"I’m not afraid anymore, just the truth",transcription,hook:_soulful_anthemic_gospel_vocals,unknown_undersize,manual_review
the-hidden-library_L14_W5_gap_from_prev,the-hidden-library,5,14,5,is,gap_from_prev,gap 7.27s from previous word,high,False,64.74,64.84,0.1,7.273,"I’m not afraid anymore, God is truth",transcription,hook:_soulful_anthemic_gospel_vocals,independent_gap,fix_inversion_first
the-hidden-library_L14_W6_duration_undersize,the-hidden-library,5,14,6,truth,duration_undersize,duration 0.040s < 0.04s,warning,False,64.84,64.88,0.04,,"I’m not afraid anymore, God is truth",transcription,hook:_soulful_anthemic_gospel_vocals,unknown_undersize,manual_review
the-hidden-library_L16_W1_gap_from_prev,the-hidden-library,5,16,1,"yeah,",gap_from_prev,gap 5.23s from previous word,high,False,71.733,71.82,0.087,5.233,"Yeah, yeah, yeah, yeah, yeah, I’m not afraid",whisper_plus_vocal_onset,post-hook:_rhythmic_ad-libs,independent_gap,fix_inversion_first
the-hidden-library_L38_W5_gap_from_prev,the-hidden-library,5,38,5,want,gap_from_prev,gap 4.76s from previous word,warning,False,179.08,179.18,0.1,4.76,"I’m not afraid anymore, I want the truth",transcription,hook:_soulful_anthemic_gospel_vocals,independent_gap,fix_inversion_first
the-hidden-library_L38_W7_duration_undersize,the-hidden-library,5,38,7,truth,duration_undersize,duration 0.040s < 0.04s,warning,False,179.28,179.32,0.04,,"I’m not afraid anymore, I want the truth",transcription,hook:_soulful_anthemic_gospel_vocals,unknown_undersize,manual_review
the-hidden-library_L39_W5_gap_from_prev,the-hidden-library,5,39,5,the,gap_from_prev,gap 4.76s from previous word,warning,False,179.08,179.18,0.1,4.76,"I’m not afraid anymore, just the truth",transcription,hook:_soulful_anthemic_gospel_vocals,independent_gap,fix_inversion_first
the-hidden-library_L39_W6_duration_undersize,the-hidden-library,5,39,6,truth,duration_undersize,duration 0.040s < 0.04s,warning,False,179.18,179.22,0.04,,"I’m not afraid anymore, just the truth",transcription,hook:_soulful_anthemic_gospel_vocals,unknown_undersize,manual_review
the-hidden-library_L40_W0_duration_undersize,the-hidden-library,5,40,0,I’m,duration_undersize,duration 0.040s < 0.04s,warning,False,171.627,171.667,0.04,,"I’m not afraid anymore, God is truth",whisper_plus_vocal_onset,hook:_soulful_anthemic_gospel_vocals,unknown_undersize,manual_review
the-hidden-library_L40_W5_gap_from_prev,the-hidden-library,5,40,5,is,gap_from_prev,gap 4.93s from previous word,warning,False,179.08,179.18,0.1,4.931,"I’m not afraid anymore, God is truth",transcription,hook:_soulful_anthemic_gospel_vocals,independent_gap,fix_inversion_first
the-hidden-library_L40_W6_duration_undersize,the-hidden-library,5,40,6,truth,duration_undersize,duration 0.040s < 0.04s,warning,False,179.18,179.22,0.04,,"I’m not afraid anymore, God is truth",transcription,hook:_soulful_anthemic_gospel_vocals,unknown_undersize,manual_review
the-hidden-library_L42_W2_gap_from_prev,the-hidden-library,5,42,2,"yeah,",gap_from_prev,gap 2.16s from previous word,warning,False,187.16,187.659,0.499,2.16,"Yeah, yeah, yeah, yeah, yeah, I’m not afraid",transcription,post-hook:_rhythmic_ad-libs,independent_gap,fix_inversion_first
the-hidden-library_L48_W14_gap_from_prev,the-hidden-library,5,48,14,God,gap_from_prev,gap 1.80s from previous word,warning,False,231.328,231.82,0.492,1.797,"Walk in the truth, where the Spirit of the Lord is, there is freedom, God is truth",whisper_plus_vocal_onset,bridge:_cinematic_orchestral_crescendo_with_spoken_power,independent_gap,fix_inversion_first
the-hidden-library_L52_W4_gap_from_prev,the-hidden-library,5,52,4,to,gap_from_prev,gap 20.06s from previous word,high,False,263.34,263.44,0.1,20.06,"I’m not afraid anymore, to learn the truth",transcription,hook:_massive_choir_layered_vocals,independent_gap,fix_inversion_first
the-hidden-library_L56_W7_duration_undersize,the-hidden-library,5,56,7,truth,duration_undersize,duration 0.040s < 0.04s,warning,False,276.22,276.26,0.04,,"I’m not afraid anymore, to learn the truth",transcription,hook:_maximum_intensity,unknown_undersize,manual_review
the-hidden-library_L57_W4_duration_undersize,the-hidden-library,5,57,4,I,duration_undersize,duration 0.011s < 0.04s,warning,False,276.448,276.459,0.011,,"I’m not afraid anymore, I want the truth",vocal_onset_only,hook:_soulful_fade_out,unknown_undersize,manual_review
the-hidden-library_L57_W5_duration_undersize,the-hidden-library,5,57,5,want,duration_undersize,duration 0.001s < 0.04s,warning,False,276.459,276.46,0.001,,"I’m not afraid anymore, I want the truth",interpolated,hook:_soulful_fade_out,interpolated_undersize,re_estimate
the-hidden-library_L57_W6_duration_undersize,the-hidden-library,5,57,6,the,duration_undersize,duration 0.001s < 0.04s,warning,False,276.46,276.461,0.001,,"I’m not afraid anymore, I want the truth",interpolated,hook:_soulful_fade_out,interpolated_undersize,re_estimate
the-hidden-library_L57_W7_duration_undersize,the-hidden-library,5,57,7,truth,duration_undersize,duration 0.001s < 0.04s,warning,False,276.461,276.462,0.001,,"I’m not afraid anymore, I want the truth",interpolated,hook:_soulful_fade_out,interpolated_undersize,re_estimate
the-hidden-library_L58_W6_duration_undersize,the-hidden-library,5,58,6,truth,duration_undersize,duration 0.001s < 0.04s,warning,False,277.043,277.044,0.001,,"I’m not afraid anymore, just the truth",interpolated,hook:_soulful_fade_out,interpolated_undersize,re_estimate
the-hidden-library_L59_W4_duration_undersize,the-hidden-library,5,59,4,God,duration_undersize,duration 0.022s < 0.04s,warning,False,277.439,277.461,0.022,,"I’m not afraid anymore, God is truth",interpolated,hook:_soulful_fade_out,interpolated_undersize,re_estimate
the-hidden-library_L59_W5_duration_undersize,the-hidden-library,5,59,5,is,duration_undersize,duration 0.018s < 0.04s,warning,False,277.461,277.479,0.018,,"I’m not afraid anymore, God is truth",vocal_onset_only,hook:_soulful_fade_out,unknown_undersize,manual_review
the-hidden-library_L59_W6_duration_undersize,the-hidden-library,5,59,6,truth,duration_undersize,duration 0.001s < 0.04s,warning,False,277.479,277.48,0.001,,"I’m not afraid anymore, God is truth",interpolated,hook:_soulful_fade_out,interpolated_undersize,re_estimate
the-hidden-library_L62_W0_duration_undersize,the-hidden-library,5,62,0,I’m,duration_undersize,duration 0.017s < 0.04s,warning,False,278.86,278.877,0.017,,"I’m not afraid anymore, just the truth",interpolated,hook:_soft_acapella_ending,interpolated_undersize,re_estimate
the-hidden-library_L62_W1_duration_undersize,the-hidden-library,5,62,1,not,duration_undersize,duration 0.018s < 0.04s,warning,False,278.877,278.895,0.018,,"I’m not afraid anymore, just the truth",interpolated,hook:_soft_acapella_ending,interpolated_undersize,re_estimate
the-hidden-library_L62_W2_duration_undersize,the-hidden-library,5,62,2,afraid,duration_undersize,duration 0.017s < 0.04s,warning,False,278.895,278.912,0.017,,"I’m not afraid anymore, just the truth",interpolated,hook:_soft_acapella_ending,interpolated_undersize,re_estimate
the-hidden-library_L62_W3_duration_undersize,the-hidden-library,5,62,3,"anymore,",duration_undersize,duration 0.039s < 0.04s,warning,False,278.912,278.951,0.039,,"I’m not afraid anymore, just the truth",vocal_onset_only,hook:_soft_acapella_ending,unknown_undersize,manual_review
the-hidden-library_L62_W4_duration_undersize,the-hidden-library,5,62,4,just,duration_undersize,duration 0.001s < 0.04s,warning,False,278.951,278.952,0.001,,"I’m not afraid anymore, just the truth",interpolated,hook:_soft_acapella_ending,interpolated_undersize,re_estimate
the-hidden-library_L62_W5_duration_undersize,the-hidden-library,5,62,5,the,duration_undersize,duration 0.001s < 0.04s,warning,False,278.952,278.953,0.001,,"I’m not afraid anymore, just the truth",interpolated,hook:_soft_acapella_ending,interpolated_undersize,re_estimate
the-hidden-library_L62_W6_duration_undersize,the-hidden-library,5,62,6,truth,duration_undersize,duration 0.001s < 0.04s,warning,False,278.953,278.954,0.001,,"I’m not afraid anymore, just the truth",interpolated,hook:_soft_acapella_ending,interpolated_undersize,re_estimate
the-hidden-library_L63_W0_duration_undersize,the-hidden-library,5,63,0,I’m,duration_undersize,duration 0.040s < 0.04s,warning,False,278.951,278.991,0.04,,"I’m not afraid anymore, God is truth",interpolated,hook:_soft_acapella_ending,interpolated_undersize,re_estimate
the-hidden-library_L64_W0_duration_undersize,the-hidden-library,5,64,0,I’m,duration_undersize,duration 0.040s < 0.04s,warning,False,275.98,276.02,0.04,,"I’m not afraid anymore, to learn the truth",transcription,hook:_soft_acapella_ending,unknown_undersize,manual_review
the-tables-are-set_L32_W2_duration_undersize,the-tables-are-set,30,32,2,the,duration_undersize,duration 0.015s < 0.04s,warning,False,125.685,125.7,0.015,,Feet on the rock set in stone referenced line,whisper_plus_vocal_onset,verse,unknown_undersize,manual_review
the-tables-are-set_L45_W0_duration_undersize,the-tables-are-set,30,45,0,The,duration_undersize,duration 0.040s < 0.04s,warning,False,175.584,175.624,0.04,,The tables are set,whisper_plus_vocal_onset,final_hook,unknown_undersize,manual_review
the-tables-are-set_L45_W1_duration_undersize,the-tables-are-set,30,45,1,tables,duration_undersize,duration 0.040s < 0.04s,warning,False,175.624,175.664,0.04,,The tables are set,transcription,final_hook,unknown_undersize,manual_review
the-tables-are-set_L45_W3_gap_from_prev,the-tables-are-set,30,45,3,set,gap_from_prev,gap 7.50s from previous word,high,False,184.28,184.84,0.56,7.5,The tables are set,transcription,final_hook,independent_gap,fix_inversion_first
the-tables-are-set_L46_W3_duration_undersize,the-tables-are-set,30,46,3,set,duration_undersize,duration 0.040s < 0.04s,warning,False,187.46,187.5,0.04,,The tables are set,transcription,final_hook,unknown_undersize,manual_review
up_L11_W4_duration_undersize,up,6,11,4,I,duration_undersize,duration 0.036s < 0.04s,warning,False,37.184,37.22,0.036,,"If it’s you then I said it, whoo!",whisper_plus_vocal_onset,intro,unknown_undersize,manual_review
up_L14_W5_duration_undersize,up,6,14,5,to,duration_undersize,duration 0.040s < 0.04s,warning,False,43.0,43.04,0.04,,"This body - gift I’m to manage, yeah!",whisper_plus_vocal_onset,intro,unknown_undersize,manual_review
up_L15_W4_gap_from_prev,up,6,15,4,"vantage,",gap_from_prev,gap 7.38s from previous word,high,False,53.38,53.48,0.1,7.38,"Now I’m at greater vantage, hah!",transcription,intro,independent_gap,fix_inversion_first
up_L16_W0_duration_undersize,up,6,16,0,Walked,duration_undersize,duration 0.040s < 0.04s,warning,False,46.464,46.504,0.04,,"Walked away from the carnage, whoo!",whisper_plus_vocal_onset,intro,unknown_undersize,manual_review
up_L17_W2_gap_from_prev,up,6,17,2,"tarnished,",gap_from_prev,gap 3.76s from previous word,warning,False,53.38,53.48,0.1,3.764,"Worldly wisdom tarnished, whoa!",transcription,intro,independent_gap,fix_inversion_first
up_L18_W0_duration_undersize,up,6,18,0,My,duration_undersize,duration 0.040s < 0.04s,warning,False,50.187,50.227,0.04,,"My life you have furnished, wuuut!",whisper_plus_vocal_onset,intro,unknown_undersize,manual_review
up_L20_W1_duration_undersize,up,6,20,1,I’d,duration_undersize,duration 0.040s < 0.04s,warning,False,59.424,59.464,0.04,,Thought I’d try something,whisper_plus_vocal_onset,interlude,unknown_undersize,manual_review
up_L20_W2_duration_undersize,up,6,20,2,try,duration_undersize,duration 0.036s < 0.04s,warning,False,59.464,59.5,0.036,,Thought I’d try something,transcription,interlude,unknown_undersize,manual_review
up_L21_W1_gap_from_prev,up,6,21,1,the,gap_from_prev,gap 1.29s from previous word,warning,False,61.696,61.877,0.181,1.286,Was the verse directionless or did it lead somewhere you had in mind,whisper_plus_vocal_onset,pre-chorus,independent_gap,fix_inversion_first
up_L22_W1_gap_from_prev,up,6,22,1,wasting,gap_from_prev,gap 1.59s from previous word,warning,False,69.077,69.52,0.443,1.587,"From wasting time to investing it, a much better life in Christ I find",whisper_plus_vocal_onset,pre-chorus,independent_gap,fix_inversion_first
up_L23_W1_gap_from_prev,up,6,23,1,path,gap_from_prev,gap 1.94s from previous word,warning,False,76.885,77.24,0.355,1.935,The path I choose doesn’t have to make sense to y'all lest I rewind,whisper_plus_vocal_onset,pre-chorus,independent_gap,fix_inversion_first
up_L25_W1_gap_from_prev,up,6,25,1,trading,gap_from_prev,gap 0.80s from previous word,warning,False,91.424,91.82,0.396,0.804,I’m trading up,whisper_plus_vocal_onset,chorus,independent_gap,fix_inversion_first
up_L31_W3_gap_from_prev,up,6,31,3,God’s,gap_from_prev,gap 7.05s from previous word,high,False,111.64,111.74,0.1,7.048,New creature - God’s pup,transcription,chorus,independent_gap,fix_inversion_first
up_L32_W4_duration_undersize,up,6,32,4,hate,duration_undersize,duration 0.040s < 0.04s,warning,False,105.54,105.58,0.04,,He healed me from hate,transcription,chorus,unknown_undersize,manual_review
up_L33_W3_gap_from_prev,up,6,33,3,up,gap_from_prev,gap 6.48s from previous word,high,False,99.5,100.7,1.2,6.48,I’m trading up up up up up up up,transcription,hook,independent_gap,fix_inversion_first
up_L33_W4_gap_from_prev,up,6,33,4,up,gap_from_prev,gap 6.58s from previous word,high,False,107.28,108.48,1.2,6.58,I’m trading up up up up up up up,transcription,hook,independent_gap,fix_inversion_first
up_L33_W5_gap_from_prev,up,6,33,5,up,gap_from_prev,gap 2.78s from previous word,warning,False,111.26,111.64,0.38,2.78,I’m trading up up up up up up up,transcription,hook,independent_gap,fix_inversion_first
up_L34_W3_gap_from_prev,up,6,34,3,up,gap_from_prev,gap 2.52s from previous word,warning,False,118.82,119.28,0.46,2.52,I’m trading up up up up up up up,transcription,hook,independent_gap,fix_inversion_first
up_L34_W5_gap_from_prev,up,6,34,5,up,gap_from_prev,gap 8.46s from previous word,high,False,129.24,129.34,0.1,8.46,I’m trading up up up up up up up,transcription,hook,independent_gap,fix_inversion_first
up_L35_W0_duration_undersize,up,6,35,0,I’m,duration_undersize,duration 0.040s < 0.04s,warning,False,114.76,114.8,0.04,,I’m trading up,transcription,post-hook,unknown_undersize,manual_review
up_L37_W0_duration_undersize,up,6,37,0,It’s,duration_undersize,duration 0.040s < 0.04s,warning,False,122.42,122.46,0.04,,It’s easier for a camel to pass through the eye of a needle,transcription,verse,unknown_undersize,manual_review
up_L43_W10_duration_undersize,up,6,43,10,pondered,duration_undersize,duration 0.040s < 0.04s,warning,False,144.78,144.82,0.04,,"Now that I live in freedom, and spending some time pondered",transcription,verse,unknown_undersize,manual_review
up_L45_W5_duration_undersize,up,6,45,5,teaching,duration_undersize,duration 0.040s < 0.04s,warning,False,149.0,149.04,0.04,,Coulda done big tech or teaching in the colleges,whisper_plus_vocal_onset,verse,unknown_undersize,manual_review
up_L47_W7_duration_undersize,up,6,47,7,the,duration_undersize,duration 0.003s < 0.04s,warning,False,157.717,157.72,0.003,,"Instead of the fear, I rest at the sight of your visages",whisper_plus_vocal_onset,verse,unknown_undersize,manual_review
up_L60_W2_duration_undersize,up,6,60,2,-,duration_undersize,duration 0.040s < 0.04s,warning,False,205.035,205.075,0.04,,New creature - God’s pup,whisper_plus_vocal_onset,chorus,unknown_undersize,manual_review
up_L74_W2_duration_undersize,up,6,74,2,me,duration_undersize,duration 0.020s < 0.04s,warning,False,237.92,237.94,0.02,,He healed me from hate,transcription,interlude,unknown_undersize,manual_review
what-is-truth_L0_W6_gap_from_prev,what-is-truth,9,0,6,&,gap_from_prev,gap 0.52s from previous word,warning,False,2.44,2.827,0.387,0.52,"In the beginning was the word, & the word was with God, & the word was God",transcription,intro,independent_gap,fix_inversion_first
what-is-truth_L16_W0_duration_undersize,what-is-truth,9,16,0,I,duration_undersize,duration 0.003s < 0.04s,warning,False,69.077,69.08,0.003,,"I supposed it was a fad, well one that was rather rad,",whisper_plus_vocal_onset,verse,unknown_undersize,manual_review
what-is-truth_L21_W1_duration_undersize,what-is-truth,9,21,1,my,duration_undersize,duration 0.027s < 0.04s,warning,False,84.533,84.56,0.027,,"In my suffering, the place where I felt I had nothing left to lose",whisper_plus_vocal_onset,verse,unknown_undersize,manual_review
what-is-truth_L27_W0_duration_undersize,what-is-truth,9,27,0,Where,duration_undersize,duration 0.023s < 0.04s,warning,False,100.117,100.14,0.023,,Where else can I go? Jesus has the words of eternal life,whisper_plus_vocal_onset,verse,unknown_undersize,manual_review
what-is-truth_L34_W4_duration_undersize,what-is-truth,9,34,4,what,duration_undersize,duration 0.035s < 0.04s,warning,False,127.125,127.16,0.035,,"What is truth? Thats what Im, truly asking you",whisper_plus_vocal_onset,chorus,unknown_undersize,manual_review
what-is-truth_L41_W2_duration_undersize,what-is-truth,9,41,2,for,duration_undersize,duration 0.028s < 0.04s,warning,False,142.752,142.78,0.028,,"This is for your benefit, not mine, that you may believe",whisper_plus_vocal_onset,verse,unknown_undersize,manual_review
what-is-truth_L43_W9_duration_undersize,what-is-truth,9,43,9,the,duration_undersize,duration 0.040s < 0.04s,warning,False,150.5,150.54,0.04,,"First I questioned monogamy, I mean polyamory was in the Bible",whisper_plus_vocal_onset,verse,unknown_undersize,manual_review
what-is-truth_L44_W9_duration_undersize,what-is-truth,9,44,9,precedent,duration_undersize,duration 0.040s < 0.04s,warning,False,154.22,154.26,0.04,,"Yeah mostly one way, but thats enough to set precedent",transcription,verse,unknown_undersize,manual_review
what-is-truth_L59_W3_duration_undersize,what-is-truth,9,59,3,the,duration_undersize,duration 0.016s < 0.04s,warning,False,208.544,208.56,0.016,,"Hear it from the Spirit, its simple if you choose",whisper_plus_vocal_onset,refrain,unknown_undersize,manual_review
what-is-truth_L63_W5_duration_undersize,what-is-truth,9,63,5,what,duration_undersize,duration 0.040s < 0.04s,warning,False,224.363,224.403,0.04,,"Asked the questions, I did what Jesus would do, its truth",interpolated,pre-chorus,interpolated_undersize,re_estimate
what-is-truth_L63_W7_gap_from_prev,what-is-truth,9,63,7,would,gap_from_prev,gap 3.35s from previous word,warning,False,228.917,229.717,0.8,3.354,"Asked the questions, I did what Jesus would do, its truth",vocal_onset_only,pre-chorus,independent_gap,fix_inversion_first
what-is-truth_L63_W10_duration_undersize,what-is-truth,9,63,10,truth,duration_undersize,duration 0.036s < 0.04s,warning,False,230.144,230.18,0.036,,"Asked the questions, I did what Jesus would do, its truth",vocal_onset_only,pre-chorus,unknown_undersize,manual_review
what-is-truth_L67_W0_duration_undersize,what-is-truth,9,67,0,Its,duration_undersize,duration 0.040s < 0.04s,warning,False,235.72,235.76,0.04,,Its truth,transcription,pre-chorus,unknown_undersize,manual_review
what-is-truth_L68_W0_duration_undersize,what-is-truth,9,68,0,What,duration_undersize,duration 0.031s < 0.04s,warning,False,237.109,237.14,0.031,,"What is truth? Thats what Im, truly asking you",whisper_plus_vocal_onset,chorus,unknown_undersize,manual_review
what-is-truth_L75_W10_duration_undersize,what-is-truth,9,75,10,the,duration_undersize,duration 0.003s < 0.04s,warning,False,260.277,260.28,0.003,,"When my first ex walked out on me, one of the last things she ever said to me",whisper_plus_vocal_onset,climax/bridge,unknown_undersize,manual_review
what-is-truth_L76_W4_duration_undersize,what-is-truth,9,76,4,or,duration_undersize,duration 0.040s < 0.04s,warning,False,264.42,264.46,0.04,,"Was fucking phag it or a woman!, thats what you must be! I broke affirming",transcription,climax/bridge,unknown_undersize,manual_review
what-is-truth_L79_W0_duration_undersize,what-is-truth,9,79,0,As,duration_undersize,duration 0.040s < 0.04s,warning,False,274.6,274.64,0.04,,"As it should, its unfair I didnt learn about who I was before finding a mate",transcription,climax/bridge,unknown_undersize,manual_review
what-is-truth_L86_W3_gap_from_prev,what-is-truth,9,86,3,Thats,gap_from_prev,gap 26.50s from previous word,high,False,326.34,326.44,0.1,26.5,"What is truth? Thats what Im, truly asking you",transcription,chorus,independent_gap,fix_inversion_first
what-is-truth_L87_W2_duration_undersize,what-is-truth,9,87,2,"truth,",duration_undersize,duration 0.001s < 0.04s,warning,False,307.775,307.776,0.001,,"God is truth, deceits not God, thats truth",interpolated,chorus,interpolated_undersize,re_estimate
what-is-truth_L88_W0_duration_undersize,what-is-truth,9,88,0,What,duration_undersize,duration 0.001s < 0.04s,warning,False,309.867,309.868,0.001,,"What is truth? Thats what Im, truly asking you",interpolated,chorus,interpolated_undersize,re_estimate
what-is-truth_L88_W1_duration_undersize,what-is-truth,9,88,1,is,duration_undersize,duration 0.001s < 0.04s,warning,False,309.868,309.869,0.001,,"What is truth? Thats what Im, truly asking you",interpolated,chorus,interpolated_undersize,re_estimate
what-is-truth_L88_W2_duration_undersize,what-is-truth,9,88,2,truth?,duration_undersize,duration 0.001s < 0.04s,warning,False,309.869,309.87,0.001,,"What is truth? Thats what Im, truly asking you",interpolated,chorus,interpolated_undersize,re_estimate
what-is-truth_L88_W3_duration_undersize,what-is-truth,9,88,3,Thats,duration_undersize,duration 0.001s < 0.04s,warning,False,309.87,309.871,0.001,,"What is truth? Thats what Im, truly asking you",interpolated,chorus,interpolated_undersize,re_estimate
what-is-truth_L88_W4_duration_undersize,what-is-truth,9,88,4,what,duration_undersize,duration 0.001s < 0.04s,warning,False,309.871,309.872,0.001,,"What is truth? Thats what Im, truly asking you",interpolated,chorus,interpolated_undersize,re_estimate
what-is-truth_L88_W5_duration_undersize,what-is-truth,9,88,5,"Im,",duration_undersize,duration 0.040s < 0.04s,warning,False,309.872,309.912,0.04,,"What is truth? Thats what Im, truly asking you",interpolated,chorus,interpolated_undersize,re_estimate
what-is-truth_L89_W1_gap_from_prev,what-is-truth,9,89,1,is,gap_from_prev,gap 2.33s from previous word,warning,False,315.723,316.459,0.736,2.331,"God is truth, deceits not God, thats truth",vocal_onset_only,chorus,independent_gap,fix_inversion_first
what-is-truth_L89_W3_gap_from_prev,what-is-truth,9,89,3,deceits,gap_from_prev,gap 0.72s from previous word,warning,False,319.093,319.733,0.64,0.718,"God is truth, deceits not God, thats truth",vocal_onset_only,chorus,independent_gap,fix_inversion_first
what-is-truth_L90_W0_duration_undersize,what-is-truth,9,90,0,Thats,duration_undersize,duration 0.039s < 0.04s,warning,False,330.421,330.46,0.039,,Thats truth,whisper_plus_vocal_onset,hook,unknown_undersize,manual_review
what-is-truth_L91_W1_duration_undersize,what-is-truth,9,91,1,truth,duration_undersize,duration 0.040s < 0.04s,warning,False,336.3,336.34,0.04,,Thats truth,transcription,hook,unknown_undersize,manual_review
what-is-truth_L95_W0_duration_undersize,what-is-truth,9,95,0,Thats,duration_undersize,duration 0.040s < 0.04s,warning,False,322.187,322.227,0.04,,Thats truth,interpolated,hook,interpolated_undersize,re_estimate
what-is-truth_L96_W1_duration_undersize,what-is-truth,9,96,1,truth,duration_undersize,duration 0.040s < 0.04s,warning,False,326.528,326.568,0.04,,Thats truth,vocal_onset_only,hook,unknown_undersize,manual_review
what-is-truth_L99_W1_gap_from_prev,what-is-truth,9,99,1,truth,gap_from_prev,gap 3.67s from previous word,warning,False,334.987,335.71,0.723,3.667,Thats truth,vocal_onset_only,outro,independent_gap,fix_inversion_first
where-ben-has-been_L28_W0_duration_undersize,where-ben-has-been,31,28,0,I,duration_undersize,duration 0.032s < 0.04s,warning,False,97.568,97.6,0.032,,I can’t bring you into a sense of coherence with my world model,whisper_plus_vocal_onset,movement_ii_—_naming_/_coherence_framework_|_low_pulse_enters,unknown_undersize,manual_review
where-ben-has-been_L30_W2_duration_undersize,where-ben-has-been,31,30,2,I,duration_undersize,duration 0.036s < 0.04s,warning,False,106.144,106.18,0.036,,And if I can’t bring you into a sense of coherence with my world model,whisper_plus_vocal_onset,movement_ii_—_naming_/_coherence_framework_|_low_pulse_enters,unknown_undersize,manual_review
where-ben-has-been_L40_W1_duration_undersize,where-ben-has-been,31,40,1,you,duration_undersize,duration 0.004s < 0.04s,warning,False,135.936,135.94,0.004,,Have you ever wondered if you were or could become a genius,whisper_plus_vocal_onset,movement_iii_—_identity_tension_/_pressure_|_percussion_builds,unknown_undersize,manual_review
where-ben-has-been_L43_W0_duration_undersize,where-ben-has-been,31,43,0,Tell,duration_undersize,duration 0.004s < 0.04s,warning,False,143.936,143.94,0.004,,Tell that one to ’em,whisper_plus_vocal_onset,movement_iii_—_identity_tension_/_pressure_|_percussion_builds,unknown_undersize,manual_review
where-ben-has-been_L87_W4_gap_from_prev,where-ben-has-been,31,87,4,him,gap_from_prev,gap 6.46s from previous word,high,False,258.36,259.13,0.77,6.461,Can you really blame him,transcription,movement_vi/climax_—_recognition_/_internal_truth_|_atmosphere_returns,independent_gap,fix_inversion_first
who-do-you-think-i-am_L8_W1_duration_undersize,who-do-you-think-i-am,35,8,1,it,duration_undersize,duration 0.040s < 0.04s,warning,False,45.984,46.024,0.04,,Is it my mourning and regret or the opportunities I get?,whisper_plus_vocal_onset,verse,unknown_undersize,manual_review
who-do-you-think-i-am_L9_W12_gap_from_prev,who-do-you-think-i-am,35,9,12,a,gap_from_prev,gap 1.21s from previous word,warning,False,54.72,55.24,0.52,1.211,Is it the standards that I set or the times I risk a bet?,transcription,verse,independent_gap,fix_inversion_first
who-do-you-think-i-am_L9_W13_duration_undersize,who-do-you-think-i-am,35,9,13,bet?,duration_undersize,duration 0.040s < 0.04s,warning,False,55.24,55.28,0.04,,Is it the standards that I set or the times I risk a bet?,transcription,verse,unknown_undersize,manual_review
who-do-you-think-i-am_L10_W0_duration_undersize,who-do-you-think-i-am,35,10,0,Have,duration_undersize,duration 0.040s < 0.04s,warning,False,53.515,53.555,0.04,,Have you stopped and taken a minute to think?,whisper_plus_vocal_onset,refrain,unknown_undersize,manual_review
who-do-you-think-i-am_L10_W1_duration_undersize,who-do-you-think-i-am,35,10,1,you,duration_undersize,duration 0.040s < 0.04s,warning,False,53.555,53.595,0.04,,Have you stopped and taken a minute to think?,transcription,refrain,unknown_undersize,manual_review
who-do-you-think-i-am_L23_W0_duration_undersize,who-do-you-think-i-am,35,23,0,And,duration_undersize,duration 0.001s < 0.04s,warning,False,101.259,101.26,0.001,,And then you stop for a moment to think?,whisper_plus_vocal_onset,refrain,unknown_undersize,manual_review
who-do-you-think-i-am_L52_W6_gap_from_prev,who-do-you-think-i-am,35,52,6,I’m,gap_from_prev,gap 0.83s from previous word,warning,False,227.467,227.7,0.233,0.827,"I’m doing the best I can, I’m not a shining star",whisper_plus_vocal_onset,outro,independent_gap,fix_inversion_first
woe-to-you_L0_W14_duration_undersize,woe-to-you,10,0,14,aid.,duration_undersize,duration 0.040s < 0.04s,warning,False,13.98,14.02,0.04,,"Woe to you, you who lack understanding! You cast out from your presence your aid.",transcription,intro,unknown_undersize,manual_review
woe-to-you_L1_W0_duration_undersize,woe-to-you,10,1,0,Woe,duration_undersize,duration 0.029s < 0.04s,warning,False,7.371,7.4,0.029,,"Woe to you, who exclude in the name of justice! What you fear will overtake you.",whisper_plus_vocal_onset,intro,unknown_undersize,manual_review
woe-to-you_L1_W4_gap_from_prev,woe-to-you,10,1,4,exclude,gap_from_prev,gap 5.89s from previous word,high,False,15.669,16.043,0.374,5.889,"Woe to you, who exclude in the name of justice! What you fear will overtake you.",whisper_plus_vocal_onset,intro,independent_gap,fix_inversion_first
woe-to-you_L8_W1_gap_from_prev,woe-to-you,10,8,1,into,gap_from_prev,gap 0.94s from previous word,warning,False,69.419,70.513,1.094,0.944,Written into existence or written out,vocal_onset_only,verse,independent_gap,fix_inversion_first
woe-to-you_L11_W2_gap_from_prev,woe-to-you,10,11,2,eye,gap_from_prev,gap 1.77s from previous word,warning,False,104.416,104.7,0.284,1.765,Not seeing eye to eye on God’s plan,whisper_plus_vocal_onset,verse,independent_gap,fix_inversion_first
woe-to-you_L15_W1_gap_from_prev,woe-to-you,10,15,1,feelin,gap_from_prev,gap 1.53s from previous word,warning,False,121.845,122.1,0.255,1.53,"Forcefields feelin tidal, God beyond you or I",transcription,verse,independent_gap,fix_inversion_first
woe-to-you_L19_W0_duration_undersize,woe-to-you,10,19,0,I,duration_undersize,duration 0.020s < 0.04s,warning,False,144.8,144.82,0.02,,I will give you rest,transcription,chorus,unknown_undersize,manual_review
woe-to-you_L22_W4_gap_from_prev,woe-to-you,10,22,4,My,gap_from_prev,gap 1.08s from previous word,warning,False,159.46,159.84,0.38,1.08,"My yoke is easy, My burden light",transcription,hook,independent_gap,fix_inversion_first
woe-to-you_L23_W0_duration_undersize,woe-to-you,10,23,0,My,duration_undersize,duration 0.040s < 0.04s,warning,False,156.06,156.1,0.04,,"My yoke is easy, My burden light",whisper_plus_vocal_onset,hook,unknown_undersize,manual_review
woe-to-you_L23_W5_gap_from_prev,woe-to-you,10,23,5,burden,gap_from_prev,gap 0.75s from previous word,warning,False,159.648,160.58,0.932,0.748,"My yoke is easy, My burden light",whisper_plus_vocal_onset,hook,independent_gap,fix_inversion_first
woe-to-you_L24_W5_gap_from_prev,woe-to-you,10,24,5,burden,gap_from_prev,gap 0.64s from previous word,warning,False,167.0,168.2,1.2,0.64,"My yoke is easy, My burden light",whisper_plus_vocal_onset,hook,independent_gap,fix_inversion_first
woe-to-you_L24_W6_gap_from_prev,woe-to-you,10,24,6,light,gap_from_prev,gap 7.44s from previous word,high,False,175.64,177.14,1.5,7.44,"My yoke is easy, My burden light",transcription,hook,independent_gap,fix_inversion_first
woe-to-you_L31_W2_duration_undersize,woe-to-you,10,31,2,living,duration_undersize,duration 0.040s < 0.04s,warning,False,208.88,208.92,0.04,,I’m a living sacrifice for the Almighty God,transcription,verse,unknown_undersize,manual_review
woe-to-you_L32_W0_duration_undersize,woe-to-you,10,32,0,When,duration_undersize,duration 0.040s < 0.04s,warning,False,208.78,208.82,0.04,,"When you hate on me, I find it quite odd!",whisper_plus_vocal_onset,verse,unknown_undersize,manual_review
woe-to-you_L37_W6_gap_from_prev,woe-to-you,10,37,6,heart,gap_from_prev,gap 2.84s from previous word,warning,False,243.18,243.48,0.3,2.844,"Learn from me, gentle, humble in heart",transcription,chorus,independent_gap,fix_inversion_first
woe-to-you_L41_W0_duration_undersize,woe-to-you,10,41,0,My,duration_undersize,duration 0.040s < 0.04s,warning,False,259.1,259.14,0.04,,"My yoke is easy, My burden light",whisper_plus_vocal_onset,hook,unknown_undersize,manual_review
woe-to-you_L41_W4_gap_from_prev,woe-to-you,10,41,4,My,gap_from_prev,gap 0.92s from previous word,warning,False,262.581,262.78,0.199,0.921,"My yoke is easy, My burden light",whisper_plus_vocal_onset,hook,independent_gap,fix_inversion_first
woe-to-you_L42_W5_gap_from_prev,woe-to-you,10,42,5,to,gap_from_prev,gap 0.56s from previous word,warning,False,273.899,274.32,0.421,0.559,"Our words full of power, to give life or give death",transcription,bridge,independent_gap,fix_inversion_first
woe-to-you_L43_W5_gap_from_prev,woe-to-you,10,43,5,he,gap_from_prev,gap 0.58s from previous word,warning,False,281.68,282.12,0.44,0.58,"Qualified by the strong tower, he holds all my breath",transcription,bridge,independent_gap,fix_inversion_first
woe-to-you_L44_W4_gap_from_prev,woe-to-you,10,44,4,you,gap_from_prev,gap 0.56s from previous word,warning,False,289.173,289.56,0.387,0.563,"Choose them wisely, what you say to me",transcription,bridge,independent_gap,fix_inversion_first
woe-to-you_L47_W0_duration_undersize,woe-to-you,10,47,0,My,duration_undersize,duration 0.040s < 0.04s,warning,False,300.04,300.08,0.04,,"My yoke is easy, My burden light",whisper_plus_vocal_onset,hook,unknown_undersize,manual_review
woe-to-you_L47_W4_gap_from_prev,woe-to-you,10,47,4,My,gap_from_prev,gap 0.74s from previous word,warning,False,303.08,303.64,0.56,0.74,"My yoke is easy, My burden light",whisper_plus_vocal_onset,hook,independent_gap,fix_inversion_first
woe-to-you_L50_W2_gap_from_prev,woe-to-you,10,50,2,is,gap_from_prev,gap 1.00s from previous word,warning,False,330.304,330.46,0.156,1.004,"My yoke is easy, My burden light",whisper_plus_vocal_onset,hook,independent_gap,fix_inversion_first
woe-to-you_L53_W4_gap_from_prev,woe-to-you,10,53,4,My,gap_from_prev,gap 0.66s from previous word,warning,False,347.7,348.18,0.48,0.66,"My yoke is easy, My burden light",interpolated,outro,independent_gap,fix_inversion_first
